row_id,layer,ctor_module,ctor_unit,ctor_symbols,ktor_path,depth,evidence,gaps,parity_board_id
L1:app/config/config.c,1_module,app/config,config.c,config,core/src/main/kotlin/org/kotlintor/config/Config.kt;core/src/main/kotlin/org/kotlintor/config/TorConfig.kt;core/src/main/kotlin/org/kotlintor/dir/DirAuthConfig.kt;core/src/main/kotlin/org/kotlintor/hs/HsConfig.kt;core/src/main/kotlin/org/kotlintor/hs/HsCommonConfigDos.kt,D3,ConfigControlMuxPaddingElevationTest + Config/TorConfig parse vs config.c; matched 10 path(s),field-by-field semantic wiring thinner,
L1:app/config/quiet_level.c,1_module,app/config,quiet_level.c,quiet_level,core/src/main/kotlin/org/kotlintor/config/QuietLevel.kt;core/src/main/kotlin/org/kotlintor/config/TorConfig.kt,D3,QuietLevelElevationTest vs quiet_level.c; matched 2 path(s),,
L1:app/config/resolve_addr.c,1_module,app/config,resolve_addr.c,resolve_addr,core/src/main/kotlin/org/kotlintor/net/ResolveAddr.kt,D3,MainloopChannelCircuitClientElevationTest + ResolveAddr vs resolve_addr.c; matched 1 path(s),full AddressDisableIPv6 / authority resolve thinner,
L1:app/config/statefile.c,1_module,app/config,statefile.c,statefile,core/src/main/kotlin/org/kotlintor/config/Statefile.kt,D3,MainloopChannelCircuitClientElevationTest + Statefile load/save vs statefile.c; matched 1 path(s),full or_state_t field matrix / ExtrInfo thinner,
L1:app/main/main.c,1_module,app/main,main.c,main,core/src/main/kotlin/org/kotlintor/app/Main.kt;core/src/main/kotlin/org/kotlintor/mainloop/Mainloop.kt;core/src/main/kotlin/org/kotlintor/mainloop/MainloopSys.kt;core/src/main/kotlin/org/kotlintor/mainloop/MainloopPubsub.kt;core/src/main/kotlin/org/kotlintor/mainloop/MainloopState.kt,D3,AppMainElevationTest + Main/SubsystemList vs main.c; matched 8 path(s),full libevent mainloop wiring thinner,
L1:app/main/ntmain.c,1_module,app/main,ntmain.c,ntmain,core/src/main/kotlin/org/kotlintor/app/NtMain.kt;core/src/main/kotlin/org/kotlintor/app/Main.kt;cli/src/main/kotlin/org/kotlintor/cli/Main.kt,D3,AppMainElevationTest + NtMain vs ntmain.c; matched 3 path(s),Windows service host thinner,
L1:app/main/risky_options.c,1_module,app/main,risky_options.c,risky_options,core/src/main/kotlin/org/kotlintor/config/RiskyOptions.kt,D3,AppMainElevationTest + RiskyOptions vs risky_options.c; matched 1 path(s),full risky option gate matrix thinner,
L1:app/main/shutdown.c,1_module,app/main,shutdown.c,shutdown,core/src/main/kotlin/org/kotlintor/app/Shutdown.kt,D3,AppMainElevationTest + Shutdown/TorDaemon.stop vs shutdown.c; matched 1 path(s),full ordered subsystem teardown thinner,
L1:app/main/subsysmgr.c,1_module,app/main,subsysmgr.c,subsysmgr,core/src/main/kotlin/org/kotlintor/app/SubsysMgr.kt,D3,AppMainElevationTest + SubsysMgr vs subsysmgr.c; matched 1 path(s),full subsystem level order thinner,
L1:app/main/subsystem_list.c,1_module,app/main,subsystem_list.c,subsystem_list,core/src/main/kotlin/org/kotlintor/app/SubsystemList.kt,D3,AppMainElevationTest + SubsystemList vs subsystem_list.c; matched 1 path(s),full C subsystem_t table thinner,
L1:app/main/tor_main.c,1_module,app/main,tor_main.c,tor_main,core/src/main/kotlin/org/kotlintor/app/TorMain.kt;core/src/main/kotlin/org/kotlintor/api/TorApi.kt;core/src/main/kotlin/org/kotlintor/app/Main.kt;cli/src/main/kotlin/org/kotlintor/cli/Main.kt,D3,AppMainElevationTest + TorMain/TorDaemon vs tor_main.c; matched 4 path(s),full argv/option act thinner,
L1:core/crypto/hs_ntor.c,1_module,core/crypto,hs_ntor.c,hs_ntor,core/src/main/kotlin/org/kotlintor/hs/HsNtor.kt;core/src/main/kotlin/org/kotlintor/crypto/Ntor.kt,D3,ProtoverConfluxHsElevationTest + HsNtorTest vectors vs hs_ntor.c; matched 2 path(s),service-side INTRODUCE decrypt path thinner,
L1:core/crypto/onion_crypto.c,1_module,core/crypto,onion_crypto.c,onion_crypto,core/src/main/kotlin/org/kotlintor/crypto/OnionCrypto.kt;core/src/main/kotlin/org/kotlintor/crypto/OnionFast.kt;core/src/main/kotlin/org/kotlintor/circuit/Onion.kt,D3,OnionCryptoCpuWorkerVersionsElevationTest + OnionCrypto dispatch vs onion_crypto.c; matched 3 path(s),ntor/ntor-v3 onion_skin_* server path thinner,
L1:core/crypto/onion_fast.c,1_module,core/crypto,onion_fast.c,onion_fast,core/src/main/kotlin/org/kotlintor/crypto/OnionFast.kt;core/src/main/kotlin/org/kotlintor/crypto/CreateFast.kt;core/src/main/kotlin/org/kotlintor/circuit/Onion.kt,D3,OnionFastRelayDosHsElevationTest + OnionFast/CreateFast vs onion_fast.c; matched 3 path(s),CREATE_FAST obsolete KDF-TOR path only; CreateOnehop later,
L1:core/crypto/onion_ntor.c,1_module,core/crypto,onion_ntor.c,onion_ntor,core/src/main/kotlin/org/kotlintor/crypto/OnionNtor.kt;core/src/main/kotlin/org/kotlintor/crypto/Ntor.kt;core/src/main/kotlin/org/kotlintor/crypto/OnionNtorV3.kt;core/src/main/kotlin/org/kotlintor/circuit/Onion.kt,D3,crypto ntor; matched 4 path(s),,
L1:core/crypto/onion_ntor_v3.c,1_module,core/crypto,onion_ntor_v3.c,onion_ntor_v3,core/src/main/kotlin/org/kotlintor/crypto/OnionNtorV3.kt;core/src/main/kotlin/org/kotlintor/crypto/NtorV3.kt;core/src/main/kotlin/org/kotlintor/crypto/Ntor.kt;core/src/main/kotlin/org/kotlintor/crypto/OnionNtor.kt;core/src/main/kotlin/org/kotlintor/circuit/Onion.kt,D3,crypto ntor-v3; matched 5 path(s),,
L1:core/crypto/relay_crypto.c,1_module,core/crypto,relay_crypto.c,relay_crypto,core/src/main/kotlin/org/kotlintor/circuit/RelayCrypto.kt;core/src/main/kotlin/org/kotlintor/circuit/CircuitCrypto.kt;core/src/main/kotlin/org/kotlintor/circuit/RelayCryptoTor1.kt;core/src/main/kotlin/org/kotlintor/circuit/RelayCryptoCgo.kt;core/src/main/kotlin/org/kotlintor/circuit/Relay.kt,D3,OnionFastRelayDosHsElevationTest + RelayCrypto dispatch vs relay_crypto.c; matched 5 path(s),full relay_crypto_t cell encrypt/decrypt hot path thinner,
L1:core/crypto/relay_crypto_cgo.c,1_module,core/crypto,relay_crypto_cgo.c,relay_crypto_cgo,core/src/main/kotlin/org/kotlintor/circuit/RelayCryptoCgo.kt;core/src/main/kotlin/org/kotlintor/crypto/*;core/src/main/kotlin/org/kotlintor/crypto/Cgo.kt;core/src/main/kotlin/org/kotlintor/circuit/RelayCrypto.kt;core/src/main/kotlin/org/kotlintor/circuit/Relay.kt,D3,RelayCryptoCgo + live EXTEND V1; matched 5 path(s),,
L1:core/crypto/relay_crypto_tor1.c,1_module,core/crypto,relay_crypto_tor1.c,relay_crypto_tor1,core/src/main/kotlin/org/kotlintor/circuit/RelayCryptoTor1.kt;core/src/main/kotlin/org/kotlintor/circuit/CircuitCrypto.kt;core/src/main/kotlin/org/kotlintor/circuit/RelayCrypto.kt;core/src/main/kotlin/org/kotlintor/circuit/Relay.kt,D3,ProtoverConfluxHsElevationTest + RelayCryptoTor1 vs relay_crypto_tor1.c; matched 4 path(s),full cake encrypt/peel integration thinner,
L1:core/mainloop/connection.c,1_module,core/mainloop,connection.c,connection,core/src/main/kotlin/org/kotlintor/link/Connection.kt;core/src/main/kotlin/org/kotlintor/circuit/ConnectionEdge.kt;core/src/main/kotlin/org/kotlintor/link/OrConnection.kt;core/src/main/kotlin/org/kotlintor/link/ConnectionSt.kt;core/src/main/kotlin/org/kotlintor/link/ConnectionOr.kt,D3,MainloopChannelCircuitClientElevationTest + ConnectionModule/Table vs connection.c; matched 5 path(s),full connection_t mainloop / linked flush thinner,
L1:core/mainloop/cpuworker.c,1_module,core/mainloop,cpuworker.c,cpuworker,core/src/main/kotlin/org/kotlintor/os/CpuWorker.kt,D3,OnionCryptoCpuWorkerVersionsElevationTest + CpuWorker queue vs cpuworker.c; matched 1 path(s),full onionskin reply path / workqueue priorities thinner,
L1:core/mainloop/mainloop.c,1_module,core/mainloop,mainloop.c,mainloop,core/src/main/kotlin/org/kotlintor/mainloop/Mainloop.kt;core/src/main/kotlin/org/kotlintor/mainloop/MainloopSys.kt;core/src/main/kotlin/org/kotlintor/mainloop/MainloopPubsub.kt;core/src/main/kotlin/org/kotlintor/mainloop/MainloopState.kt;core/src/main/kotlin/org/kotlintor/app/Main.kt,D3,MainloopChannelCircuitClientElevationTest + Mainloop tick vs mainloop.c; matched 6 path(s),full libevent / socket callbacks thinner,
L1:core/mainloop/mainloop_pubsub.c,1_module,core/mainloop,mainloop_pubsub.c,mainloop_pubsub,core/src/main/kotlin/org/kotlintor/mainloop/MainloopPubsub.kt;core/src/main/kotlin/org/kotlintor/mainloop/Mainloop.kt;core/src/main/kotlin/org/kotlintor/app/Main.kt;cli/src/main/kotlin/org/kotlintor/cli/Main.kt,D3,MainloopChannelCircuitClientElevationTest + MainloopPubsub vs mainloop_pubsub.c; matched 4 path(s),full msg delivery / cross-subsys thinner,
L1:core/mainloop/mainloop_sys.c,1_module,core/mainloop,mainloop_sys.c,mainloop_sys,core/src/main/kotlin/org/kotlintor/mainloop/MainloopSys.kt;core/src/main/kotlin/org/kotlintor/mainloop/Mainloop.kt;core/src/main/kotlin/org/kotlintor/app/Main.kt;cli/src/main/kotlin/org/kotlintor/cli/Main.kt,D3,MainloopChannelCircuitClientElevationTest + MainloopSys vs mainloop_sys.c; matched 4 path(s),full subsystem list wiring thinner,
L1:core/mainloop/netstatus.c,1_module,core/mainloop,netstatus.c,netstatus,core/src/main/kotlin/org/kotlintor/status/NetStatus.kt;core/src/main/kotlin/org/kotlintor/status/HeartbeatStatus.kt;core/src/main/kotlin/org/kotlintor/TorDaemon.kt;core/src/main/kotlin/org/kotlintor/status/Status.kt,D3,NetStatusElevationTest + NetStatus.kt vs netstatus.c; matched 4 path(s),mainloop periodic reschedule on wake thinner,
L1:core/mainloop/periodic.c,1_module,core/mainloop,periodic.c,periodic,core/src/main/kotlin/org/kotlintor/mainloop/Periodic.kt;core/src/main/kotlin/org/kotlintor/dir/DirAuthPeriodic.kt;core/src/main/kotlin/org/kotlintor/relay/OrPeriodic.kt;core/src/main/kotlin/org/kotlintor/relay/RelayPeriodic.kt,D3,OnionCryptoCpuWorkerVersionsElevationTest + Periodic roles/flags vs periodic.c; matched 4 path(s),mainloop_event_t enable/disable / net-disabled thinner,
L1:core/or/address_set.c,1_module,core/or,address_set.c,address_set,core/src/main/kotlin/org/kotlintor/net/AddressSet.kt,D3,AddressSet elevation vs address_set.c; matched 1 path(s),,
L1:core/or/channel.c,1_module,core/or,channel.c,channel,core/src/main/kotlin/org/kotlintor/link/Channel.kt;core/src/main/kotlin/org/kotlintor/link/ChannelScheduler.kt;core/src/main/kotlin/org/kotlintor/link/ChannelPadding.kt;core/src/main/kotlin/org/kotlintor/link/OrChannel.kt;core/src/main/kotlin/org/kotlintor/link/ChannelTls.kt,D3,MainloopChannelCircuitClientElevationTest + Channel/OrChannel vs channel.c; matched 8 path(s),full channel_t flush / destroy queue thinner,
L1:core/or/channelpadding.c,1_module,core/or,channelpadding.c,channelpadding,core/src/main/kotlin/org/kotlintor/link/ChannelPadding.kt;core/src/main/kotlin/org/kotlintor/link/PaddingNegotiate.kt;core/src/main/kotlin/org/kotlintor/link/Channel.kt;core/src/main/kotlin/org/kotlintor/trunnel/ChannelpaddingNegotiation.kt,D3,ChannelPaddingCcCommonElevationTest + ChannelPaddingController decide vs channelpadding.c; matched 4 path(s),live channel timer / netflow reduced SOS edge thinner,
L1:core/or/channeltls.c,1_module,core/or,channeltls.c,channeltls,core/src/main/kotlin/org/kotlintor/link/ChannelTls.kt;core/src/main/kotlin/org/kotlintor/link/OrConnection.kt;core/src/main/kotlin/org/kotlintor/link/Channel.kt;core/src/main/kotlin/org/kotlintor/or/ChannelTls.kt,D3,OrConnection TLS; matched 4 path(s),,
L1:core/or/circuitbuild.c,1_module,core/or,circuitbuild.c,circuitbuild,core/src/main/kotlin/org/kotlintor/circuit/CircuitBuild.kt;core/src/main/kotlin/org/kotlintor/circuit/Circuit.kt;core/src/main/kotlin/org/kotlintor/circuit/CircuitBuildRelay.kt;core/src/main/kotlin/org/kotlintor/or/CircuitBuildTimes.kt,D3,MainloopChannelCircuitClientElevationTest + CircuitBuild plans vs circuitbuild.c; matched 4 path(s),full onion_extend / pathbias launch thinner,
L1:core/or/circuitlist.c,1_module,core/or,circuitlist.c,circuitlist,core/src/main/kotlin/org/kotlintor/circuit/CircuitList.kt;core/src/main/kotlin/org/kotlintor/circuit/Circuit.kt,D3,CircuitListElevationTest + purpose/state/mark-close/global lists vs circuitlist.c; matched 2 path(s),chan-indexed circ maps / package window consensus param,
L1:core/or/circuitmux.c,1_module,core/or,circuitmux.c,circuitmux,core/src/main/kotlin/org/kotlintor/circuit/CircuitMux.kt;core/src/main/kotlin/org/kotlintor/circuit/Circuit.kt;core/src/main/kotlin/org/kotlintor/circuit/CircuitMuxEwma.kt,D3,ConfigControlMuxPaddingElevationTest + CircuitMux flushFair vs circuitmux.c; matched 3 path(s),full cmux channel destroy / EWMA live flush thinner,
L1:core/or/circuitmux_ewma.c,1_module,core/or,circuitmux_ewma.c,circuitmux_ewma,core/src/main/kotlin/org/kotlintor/circuit/CircuitMuxEwma.kt;core/src/main/kotlin/org/kotlintor/circuit/CircuitMux.kt;core/src/main/kotlin/org/kotlintor/circuit/Circuit.kt,D3,ProtoverConfluxHsElevationTest + CircuitMuxEwma vs circuitmux_ewma.c; matched 3 path(s),live cmux channel flush thinner,
L1:core/or/circuitpadding.c,1_module,core/or,circuitpadding.c,circuitpadding,core/src/main/kotlin/org/kotlintor/circuit/CircuitPadding.kt;core/src/main/kotlin/org/kotlintor/circuit/CircpadFsm.kt;core/src/main/kotlin/org/kotlintor/circuit/Circuit.kt;core/src/main/kotlin/org/kotlintor/circuit/CircuitPaddingMachines.kt,D3,ConfigControlMuxPaddingElevationTest + CircuitPadding vs circuitpadding.c; matched 4 path(s),live middle ACK / full machines thinner,
L1:core/or/circuitpadding_machines.c,1_module,core/or,circuitpadding_machines.c,circuitpadding_machines,core/src/main/kotlin/org/kotlintor/circuit/CircuitPaddingMachines.kt;core/src/main/kotlin/org/kotlintor/circuit/Circuit.kt;core/src/main/kotlin/org/kotlintor/circuit/CircuitPadding.kt,D3,ConfigControlMuxPaddingElevationTest + CircuitPaddingMachines vs circuitpadding_machines.c; matched 3 path(s),full WTF-PAD machine tables thinner,
L1:core/or/circuitstats.c,1_module,core/or,circuitstats.c,circuitstats,core/src/main/kotlin/org/kotlintor/circuit/CircuitStats.kt;core/src/main/kotlin/org/kotlintor/path/PathBias.kt;core/src/main/kotlin/org/kotlintor/circuit/Circuit.kt,D3,OnionCryptoCpuWorkerVersionsElevationTest + CircuitStats CBT quantile vs circuitstats.c; matched 3 path(s),full Xm/alpha timeout close consensus params thinner,
L1:core/or/circuituse.c,1_module,core/or,circuituse.c,circuituse,core/src/main/kotlin/org/kotlintor/circuit/CircuitUse.kt;core/src/main/kotlin/org/kotlintor/circuit/Circuit.kt,D3,OnionCryptoCpuWorkerVersionsElevationTest + CircuitUse purpose/dirty vs circuituse.c; matched 2 path(s),full launch_prediction / cannibalize / isolate streams thinner,
L1:core/or/command.c,1_module,core/or,command.c,command,core/src/main/kotlin/org/kotlintor/circuit/Command.kt;core/src/main/kotlin/org/kotlintor/cell/CellCommand.kt,D3,OnionCryptoCpuWorkerVersionsElevationTest + Command classify vs command.c; matched 2 path(s),full create/relay process_cell handlers thinner,
L1:core/or/conflux.c,1_module,core/or,conflux.c,conflux,core/src/main/kotlin/org/kotlintor/circuit/Conflux.kt;core/src/main/kotlin/org/kotlintor/circuit/ConfluxScheduler.kt;core/src/main/kotlin/org/kotlintor/circuit/ConfluxParams.kt;core/src/main/kotlin/org/kotlintor/circuit/ConfluxCell.kt;core/src/main/kotlin/org/kotlintor/circuit/ConfluxUtil.kt,D3,MainloopChannelCircuitClientElevationTest + Conflux set/cells vs conflux.c; matched 9 path(s),full multipath DATA reordering / leg failure thinner,
L1:core/or/conflux_cell.c,1_module,core/or,conflux_cell.c,conflux_cell,core/src/main/kotlin/org/kotlintor/circuit/ConfluxCell.kt;core/src/main/kotlin/org/kotlintor/circuit/Conflux.kt;core/src/main/kotlin/org/kotlintor/cell/Cell.kt,D3,ConfluxParamsCellVegasElevationTest + ConfluxCell LINK/SWITCH vs conflux_cell.c; matched 3 path(s),live relay_send_command_from_edge path thinner,
L1:core/or/conflux_params.c,1_module,core/or,conflux_params.c,conflux_params,core/src/main/kotlin/org/kotlintor/circuit/ConfluxParams.kt;core/src/main/kotlin/org/kotlintor/circuit/Conflux.kt;core/src/main/kotlin/org/kotlintor/or/ConfluxParamsSt.kt,D3,ConfluxParamsCellVegasElevationTest + ConfluxParams consensus/torrc vs conflux_params.c; matched 3 path(s),ConfluxEnabled=-1 auto ternary / server ratelim warn thinner,
L1:core/or/conflux_pool.c,1_module,core/or,conflux_pool.c,conflux_pool,core/src/main/kotlin/org/kotlintor/circuit/ConfluxPool.kt;core/src/main/kotlin/org/kotlintor/circuit/Conflux.kt,D3,ProtoverConfluxHsElevationTest + ConfluxPool init/link/alg vs conflux_pool.c; matched 2 path(s),live launch_leg / predict_new / get_circ_for_conn thinner,
L1:core/or/conflux_sys.c,1_module,core/or,conflux_sys.c,conflux_sys,core/src/main/kotlin/org/kotlintor/circuit/ConfluxSys.kt;core/src/main/kotlin/org/kotlintor/circuit/Conflux.kt,D3,OnionDosPoliciesEventsElevationTest + ConfluxSys init vs conflux_sys.c; matched 2 path(s),full pubsub / pool lifecycle thinner,
L1:core/or/conflux_util.c,1_module,core/or,conflux_util.c,conflux_util,core/src/main/kotlin/org/kotlintor/circuit/ConfluxUtil.kt;core/src/main/kotlin/org/kotlintor/circuit/Conflux.kt,D3,ProtoverConfluxHsElevationTest + ConfluxUtil can_send/validate vs conflux_util.c; matched 2 path(s),stream list sync / half-stream attach thinner,
L1:core/or/congestion_control_common.c,1_module,core/or,congestion_control_common.c,congestion_control_common,core/src/main/kotlin/org/kotlintor/circuit/CongestionControlCommon.kt;core/src/main/kotlin/org/kotlintor/circuit/CongestionControl.kt;core/src/main/kotlin/org/kotlintor/trunnel/CongestionControl.kt;control/src/main/kotlin/org/kotlintor/control/Control.kt,D3,ChannelPaddingCcCommonElevationTest + CongestionControlCommon enabled/params vs congestion_control_common.c; matched 4 path(s),full cwnd init path / AlwaysCongestionControl / trunnel CC ext thinner,
L1:core/or/congestion_control_flow.c,1_module,core/or,congestion_control_flow.c,congestion_control_flow,core/src/main/kotlin/org/kotlintor/circuit/CongestionControlFlow.kt;core/src/main/kotlin/org/kotlintor/circuit/CongestionControl.kt;core/src/main/kotlin/org/kotlintor/trunnel/CongestionControl.kt;control/src/main/kotlin/org/kotlintor/control/Control.kt,D3,CongestionControlFlowElevationTest + CongestionControlFlow XON/XOFF vs congestion_control_flow.c; matched 4 path(s),dropmark rate-limit scaling / control STREAM_EVENT wiring,
L1:core/or/congestion_control_vegas.c,1_module,core/or,congestion_control_vegas.c,congestion_control_vegas,core/src/main/kotlin/org/kotlintor/circuit/CongestionControlVegas.kt;core/src/main/kotlin/org/kotlintor/circuit/CongestionControl.kt;core/src/main/kotlin/org/kotlintor/trunnel/CongestionControl.kt;control/src/main/kotlin/org/kotlintor/control/Control.kt,D3,ConfluxParamsCellVegasElevationTest + CongestionControlVegas params/update vs congestion_control_vegas.c; matched 4 path(s),full cwnd_full / gamma path / consensus param wiring thinner,
L1:core/or/connection_edge.c,1_module,core/or,connection_edge.c,connection_edge,core/src/main/kotlin/org/kotlintor/circuit/ConnectionEdge.kt;core/src/main/kotlin/org/kotlintor/link/Connection.kt,D3,OnionDosPoliciesEventsElevationTest + ConnectionEdge stream table vs connection_edge.c; matched 2 path(s),full exit DNS / linked conn / half-stream thinner,
L1:core/or/connection_or.c,1_module,core/or,connection_or.c,connection_or,core/src/main/kotlin/org/kotlintor/link/ConnectionOr.kt;core/src/main/kotlin/org/kotlintor/link/OrConnection.kt;core/src/main/kotlin/org/kotlintor/link/Connection.kt,D3,OrConnection live TLS OR; matched 3 path(s),remaining edge cases vs connection_or.c,
L1:core/or/crypt_path.c,1_module,core/or,crypt_path.c,crypt_path,core/src/main/kotlin/org/kotlintor/circuit/CryptPath.kt;core/src/main/kotlin/org/kotlintor/circuit/CircuitCrypto.kt;core/src/main/kotlin/org/kotlintor/circuit/RelayCryptoCgo.kt;core/src/main/kotlin/org/kotlintor/or/CryptPathReference.kt,D3,MetricsTorCertCryptPathElevationTest + CryptPath circular list/nextNonOpen vs crypt_path.c; matched 4 path(s),relay crypto attach / SENDME tag live path thinner,
L1:core/or/dos.c,1_module,core/or,dos.c,dos,core/src/main/kotlin/org/kotlintor/relay/Dos.kt;core/src/main/kotlin/org/kotlintor/relay/DosGuard.kt;core/src/main/kotlin/org/kotlintor/hs/HsDos.kt;core/src/main/kotlin/org/kotlintor/hs/HsCommonConfigDos.kt;core/src/main/kotlin/org/kotlintor/relay/DosOptions.kt,D3,OnionDosPoliciesEventsElevationTest + Dos/DosGuard vs dos.c; matched 7 path(s),full CC DoS / intro point defenses thinner,
L1:core/or/dos_config.c,1_module,core/or,dos_config.c,dos_config,core/src/main/kotlin/org/kotlintor/relay/DosConfig.kt;core/src/main/kotlin/org/kotlintor/relay/DosOptions.kt;core/src/main/kotlin/org/kotlintor/config/Config.kt;core/src/main/kotlin/org/kotlintor/relay/Dos.kt,D3,OnionDosPoliciesEventsElevationTest + DosConfig/DosOptions vs dos_config.c; matched 4 path(s),full dos_options.inc consensus update thinner,
L1:core/or/dos_sys.c,1_module,core/or,dos_sys.c,dos_sys,core/src/main/kotlin/org/kotlintor/relay/DosSys.kt;core/src/main/kotlin/org/kotlintor/relay/DosGuard.kt;core/src/main/kotlin/org/kotlintor/relay/Dos.kt,D3,OnionFastRelayDosHsElevationTest + DosSys init/shutdown vs dos_sys.c; matched 3 path(s),full DoS consensus param reload / circuit flood thinner,
L1:core/or/extendinfo.c,1_module,core/or,extendinfo.c,extendinfo,core/src/main/kotlin/org/kotlintor/circuit/ExtendInfo.kt,D3,ExtendInfo.describe + fromRouterStatus elevation; matched 1 path(s),full extendinfo.c helpers thinner,
L1:core/or/ocirc_event.c,1_module,core/or,ocirc_event.c,ocirc_event,core/src/main/kotlin/org/kotlintor/control/OcircEvent.kt,D3,OnionDosPoliciesEventsElevationTest + OcircEvent CIRC vs ocirc_event.c; matched 1 path(s),full pubsub / control mask thinner,
L1:core/or/onion.c,1_module,core/or,onion.c,onion,core/src/main/kotlin/org/kotlintor/circuit/Onion.kt;core/src/main/kotlin/org/kotlintor/crypto/OnionNtor.kt;core/src/main/kotlin/org/kotlintor/crypto/OnionNtorV3.kt;core/src/main/kotlin/org/kotlintor/crypto/OnionFast.kt;core/src/main/kotlin/org/kotlintor/crypto/OnionCrypto.kt,D3,OnionDosPoliciesEventsElevationTest + Onion CREATE2 helpers vs onion.c; matched 15 path(s),full create_cell queue / TAP reject / handshake length table thinner,
L1:core/or/or_periodic.c,1_module,core/or,or_periodic.c,or_periodic,core/src/main/kotlin/org/kotlintor/relay/OrPeriodic.kt;core/src/main/kotlin/org/kotlintor/relay/RelayService.kt;core/src/main/kotlin/org/kotlintor/mainloop/Periodic.kt,D3,OnionCryptoCpuWorkerVersionsElevationTest + OrPeriodic vs or_periodic.c; matched 3 path(s),full descriptor/reachability event table thinner,
L1:core/or/or_sys.c,1_module,core/or,or_sys.c,or_sys,core/src/main/kotlin/org/kotlintor/relay/OrSys.kt;core/src/main/kotlin/org/kotlintor/relay/RelayService.kt;core/src/main/kotlin/org/kotlintor/TorDaemon.kt,D3,OnionFastRelayDosHsElevationTest + OrSys/RelaySys vs or_sys.c; matched 3 path(s),full OR subsystem list / periodic hook matrix thinner,
L1:core/or/orconn_event.c,1_module,core/or,orconn_event.c,orconn_event,core/src/main/kotlin/org/kotlintor/control/OrconnEvent.kt,D3,OnionDosPoliciesEventsElevationTest + OrconnEvent ORCONN vs orconn_event.c; matched 1 path(s),full pubsub / control mask thinner,
L1:core/or/policies.c,1_module,core/or,policies.c,policies,core/src/main/kotlin/org/kotlintor/net/Policies.kt;core/src/main/kotlin/org/kotlintor/net/NetworkPolicy.kt,D3,OnionDosPoliciesEventsElevationTest + Policies/AddrPolicy vs policies.c; matched 2 path(s),full exit policy / IPv6 / rejectstar thinner,
L1:core/or/protover.c,1_module,core/or,protover.c,protover,core/src/main/kotlin/org/kotlintor/dir/Protover.kt,D3,ProtoverConfluxHsElevationTest + Protover supported/parse vs protover.c; matched 1 path(s),voting recommended/required lists thinner,
L1:core/or/reasons.c,1_module,core/or,reasons.c,reasons,core/src/main/kotlin/org/kotlintor/cell/Reasons.kt,D3,ReasonsElevationTest vs reasons.c; matched 1 path(s),,
L1:core/or/relay.c,1_module,core/or,relay.c,relay,core/src/main/kotlin/org/kotlintor/circuit/Relay.kt;core/src/main/kotlin/org/kotlintor/cell/RelayMsg.kt;core/src/main/kotlin/org/kotlintor/or/RelayMsg.kt;core/src/main/kotlin/org/kotlintor/circuit/RelayCryptoCgo.kt;core/src/main/kotlin/org/kotlintor/circuit/RelayCryptoTor1.kt,D3,MainloopChannelCircuitClientElevationTest + Relay helpers vs relay.c; matched 18 path(s),full relay_send_command_from_edge / deliver thinner,
L1:core/or/relay_msg.c,1_module,core/or,relay_msg.c,relay_msg,core/src/main/kotlin/org/kotlintor/cell/RelayMsg.kt;core/src/main/kotlin/org/kotlintor/or/RelayMsg.kt;core/src/main/kotlin/org/kotlintor/circuit/Relay.kt,D3,OnionCryptoCpuWorkerVersionsElevationTest + RelayMsg vs relay_msg.c; matched 3 path(s),V1 encode/decode / tag area thinner,
L1:core/or/scheduler.c,1_module,core/or,scheduler.c,scheduler,core/src/main/kotlin/org/kotlintor/link/Scheduler.kt;core/src/main/kotlin/org/kotlintor/link/ChannelScheduler.kt;core/src/main/kotlin/org/kotlintor/circuit/ConfluxScheduler.kt;core/src/main/kotlin/org/kotlintor/link/SchedulerVanilla.kt;core/src/main/kotlin/org/kotlintor/link/SchedulerKist.kt,D3,ConfigControlMuxPaddingElevationTest + Scheduler select vs scheduler.c; matched 5 path(s),full scheduler policies / pending drain thinner,
L1:core/or/scheduler_kist.c,1_module,core/or,scheduler_kist.c,scheduler_kist,core/src/main/kotlin/org/kotlintor/link/SchedulerKist.kt;core/src/main/kotlin/org/kotlintor/link/KistMath.kt;core/src/main/kotlin/org/kotlintor/link/KistCmuxLoad.kt;core/src/main/kotlin/org/kotlintor/os/LinuxTcpInfo.kt;core/src/main/kotlin/org/kotlintor/link/Scheduler.kt,D3,ConfigControlMuxPaddingElevationTest + SchedulerKist/KistMath vs scheduler_kist.c; matched 5 path(s),kernel TCP_INFO KIST scheduler_channel full path thinner,
L1:core/or/scheduler_vanilla.c,1_module,core/or,scheduler_vanilla.c,scheduler_vanilla,core/src/main/kotlin/org/kotlintor/link/SchedulerVanilla.kt;core/src/main/kotlin/org/kotlintor/link/Scheduler.kt,D3,OnionDosPoliciesEventsElevationTest + SchedulerVanilla vs scheduler_vanilla.c; matched 2 path(s),full mainloop wait / cmux flush integration thinner,
L1:core/or/sendme.c,1_module,core/or,sendme.c,sendme,core/src/main/kotlin/org/kotlintor/circuit/Sendme.kt;core/src/main/kotlin/org/kotlintor/circuit/CircuitFlowControl.kt;core/src/main/kotlin/org/kotlintor/circuit/CongestionControl.kt;core/src/main/kotlin/org/kotlintor/trunnel/SendmeCell.kt,D3,SendmeElevationTest + Sendme v1/validate/windows vs sendme.c; matched 4 path(s),per-layer digest queues / edge package_window package_window edge cases,
L1:core/or/status.c,1_module,core/or,status.c,status,core/src/main/kotlin/org/kotlintor/status/Status.kt;core/src/main/kotlin/org/kotlintor/status/HeartbeatStatus.kt;core/src/main/kotlin/org/kotlintor/dir/FmtRouterStatus.kt;core/src/main/kotlin/org/kotlintor/dir/NetworkStatus.kt;core/src/main/kotlin/org/kotlintor/dir/DlStatus.kt,D3,HeartbeatStatusElevationTest + secs_to_uptime/bytes_to_usage/note_connection vs status.c; matched 10 path(s),accounting/TLS overhead ratio lines thinner,
L1:core/or/trace_probes_cc.c,1_module,core/or,trace_probes_cc.c,trace_probes_cc,MISSING,N/A,LTTng/trace probes not used on JVM; no kotlin match,,
L1:core/or/trace_probes_circuit.c,1_module,core/or,trace_probes_circuit.c,trace_probes_circuit,core/src/main/kotlin/org/kotlintor/circuit/TraceProbesCircuit.kt;core/src/main/kotlin/org/kotlintor/circuit/Circuit.kt,D3,AppMainElevationTest + TraceProbesCircuit vs trace_probes_circuit.c; matched 2 path(s),full LTTng/USDT probe thinner,
L1:core/or/versions.c,1_module,core/or,versions.c,versions,core/src/main/kotlin/org/kotlintor/dir/Versions.kt,D3,OnionCryptoCpuWorkerVersionsElevationTest + Versions parse/obsolete vs versions.c; matched 1 path(s),protover_summary_flags / platform parse thinner,
L1:core/proto/proto_cell.c,1_module,core/proto,proto_cell.c,proto_cell,core/src/main/kotlin/org/kotlintor/cell/ProtoCell.kt;core/src/main/kotlin/org/kotlintor/cell/Cell.kt,D3,OnionCryptoCpuWorkerVersionsElevationTest + ProtoCell/CellCodec vs proto_cell.c; matched 2 path(s),var_cell / packed_cell queue thinner,
L1:core/proto/proto_control0.c,1_module,core/proto,proto_control0.c,proto_control0,core/src/main/kotlin/org/kotlintor/link/ProtoControl0.kt;control/src/main/kotlin/org/kotlintor/control/Control.kt,D3,ProtoControl0ElevationTest + ProtoControl0 peek vs proto_control0.c; matched 2 path(s),full control0 reject on live control port,
L1:core/proto/proto_ext_or.c,1_module,core/proto,proto_ext_or.c,proto_ext_or,core/src/main/kotlin/org/kotlintor/pt/ProtoExtOr.kt,D3,OnionCryptoCpuWorkerVersionsElevationTest + ProtoExtOr framing vs proto_ext_or.c; matched 1 path(s),ExtORPort text handshake + buf_t integration thinner,
L1:core/proto/proto_haproxy.c,1_module,core/proto,proto_haproxy.c,proto_haproxy,core/src/main/kotlin/org/kotlintor/net/ProtoHaproxy.kt,D3,ProtoHaproxyElevationTest + ProtoHaproxy format/parse vs proto_haproxy.c; matched 1 path(s),PROXY v2 / listener inject path,
L1:core/proto/proto_http.c,1_module,core/proto,proto_http.c,proto_http,core/src/main/kotlin/org/kotlintor/net/ProtoHttp.kt;core/src/main/kotlin/org/kotlintor/net/HttpConnectCodec.kt,D3,MainloopChannelCircuitClientElevationTest + ProtoHttp vs proto_http.c; matched 2 path(s),full fetch_from_buf_http / chunked thinner,
L1:core/proto/proto_socks.c,1_module,core/proto,proto_socks.c,proto_socks,core/src/main/kotlin/org/kotlintor/net/ProtoSocks.kt;core/src/main/kotlin/org/kotlintor/net/SocksCodec.kt,D3,MainloopChannelCircuitClientElevationTest + ProtoSocks vs proto_socks.c; matched 2 path(s),full socks negotiation state machine thinner,
L1:feature/api/tor_api.c,1_module,feature/api,tor_api.c,tor_api,core/src/main/kotlin/org/kotlintor/api/TorApi.kt,D3,TorApiElevationTest + set_command_line/setup_control_socket/run_main ownership vs tor_api.c; matched 1 path(s),blocking full daemon mainloop parity,
L1:feature/client/addressmap.c,1_module,feature/client,addressmap.c,addressmap,core/src/main/kotlin/org/kotlintor/net/AddressMap.kt;core/src/main/kotlin/org/kotlintor/net/AutomapAndDnsCache.kt,D3,MainloopChannelCircuitClientElevationTest + AddressMap vs addressmap.c; matched 2 path(s),full virtualaddr / TrackHostExits thinner,
L1:feature/client/bridges.c,1_module,feature/client,bridges.c,bridges,core/src/main/kotlin/org/kotlintor/pt/Bridges.kt,D3,MainloopChannelCircuitClientElevationTest + Bridges parse vs bridges.c; matched 1 path(s),full bridge transport download thinner,
L1:feature/client/circpathbias.c,1_module,feature/client,circpathbias.c,circpathbias,core/src/main/kotlin/org/kotlintor/path/CircPathBias.kt;core/src/main/kotlin/org/kotlintor/path/PathBias.kt;core/src/main/kotlin/org/kotlintor/config/PathBiasOptions.kt,D3,OnionFastRelayDosHsElevationTest + CircPathBias/PathBiasTracker vs circpathbias.c; matched 3 path(s),extreme DropGuards + scale thresholds thinner,
L1:feature/client/dnsserv.c,1_module,feature/client,dnsserv.c,dnsserv,proxy/src/main/kotlin/org/kotlintor/proxy/DnsServ.kt;core/src/main/kotlin/org/kotlintor/net/Dns.kt,D3,DnsServProxyModeElevationTest + DnsServ vs dnsserv.c; matched 2 path(s),full DNSPort UDP/TCP answer path thinner,
L1:feature/client/entrynodes.c,1_module,feature/client,entrynodes.c,entrynodes,core/src/main/kotlin/org/kotlintor/path/EntryNodes.kt;core/src/main/kotlin/org/kotlintor/path/EntryGuardFsm.kt;core/src/main/kotlin/org/kotlintor/dir/Node.kt,D3,MainloopChannelCircuitClientElevationTest + EntryNodes/Fsm vs entrynodes.c; matched 3 path(s),full sampled/confirmed/primary set thinner,
L1:feature/client/proxymode.c,1_module,feature/client,proxymode.c,proxymode,proxy/src/main/kotlin/org/kotlintor/proxy/ProxyMode.kt,D3,DnsServProxyModeElevationTest + ProxyMode vs proxymode.c; matched 1 path(s),full proxy listener bind matrix thinner,
L1:feature/client/transports.c,1_module,feature/client,transports.c,transports,core/src/main/kotlin/org/kotlintor/pt/Transports.kt,D3,MainloopChannelCircuitClientElevationTest + Transports registry vs transports.c; matched 1 path(s),full PT managed proxy launch thinner,
L1:feature/control/btrack.c,1_module,feature/control,btrack.c,btrack,control/src/main/kotlin/org/kotlintor/control/Btrack.kt;control/src/main/kotlin/org/kotlintor/control/BtrackOrconn.kt;control/src/main/kotlin/org/kotlintor/control/BtrackOrconnCevent.kt;control/src/main/kotlin/org/kotlintor/control/BtrackOrconnMaps.kt;control/src/main/kotlin/org/kotlintor/control/BtrackCircuit.kt,D3,ConfigControlMuxPaddingElevationTest + Btrack/BootstrapTracker vs btrack.c; matched 5 path(s),full controller STATUS fan-out thinner,
L1:feature/control/btrack_circuit.c,1_module,feature/control,btrack_circuit.c,btrack_circuit,control/src/main/kotlin/org/kotlintor/control/BtrackCircuit.kt;core/src/main/kotlin/org/kotlintor/circuit/Circuit.kt;control/src/main/kotlin/org/kotlintor/control/Btrack.kt,D3,ConfigControlMuxPaddingElevationTest + BtrackCircuit/OcircEvent vs btrack_circuit.c; matched 3 path(s),full CIRC event attribute matrix thinner,
L1:feature/control/btrack_orconn.c,1_module,feature/control,btrack_orconn.c,btrack_orconn,control/src/main/kotlin/org/kotlintor/control/BtrackOrconn.kt;control/src/main/kotlin/org/kotlintor/control/Btrack.kt;control/src/main/kotlin/org/kotlintor/control/BtrackOrconnCevent.kt;control/src/main/kotlin/org/kotlintor/control/BtrackOrconnMaps.kt,D3,ConfigControlMuxPaddingElevationTest + BtrackOrconn vs btrack_orconn.c; matched 4 path(s),full ORCONN bootstrap coupling thinner,
L1:feature/control/btrack_orconn_cevent.c,1_module,feature/control,btrack_orconn_cevent.c,btrack_orconn_cevent,control/src/main/kotlin/org/kotlintor/control/BtrackOrconnCevent.kt;control/src/main/kotlin/org/kotlintor/control/Btrack.kt;control/src/main/kotlin/org/kotlintor/control/BtrackOrconn.kt,D3,ConfigControlMuxPaddingElevationTest + BtrackOrconnCevent vs btrack_orconn_cevent.c; matched 3 path(s),full ORCONN event attribute matrix thinner,
L1:feature/control/btrack_orconn_maps.c,1_module,feature/control,btrack_orconn_maps.c,btrack_orconn_maps,control/src/main/kotlin/org/kotlintor/control/BtrackOrconnMaps.kt;control/src/main/kotlin/org/kotlintor/control/Btrack.kt;control/src/main/kotlin/org/kotlintor/control/BtrackOrconn.kt,D3,ConfigControlMuxPaddingElevationTest + BtrackOrconnMaps vs btrack_orconn_maps.c; matched 3 path(s),full id map GC thinner,
L1:feature/control/control.c,1_module,feature/control,control.c,control,control/src/main/kotlin/org/kotlintor/control/Control.kt;core/src/main/kotlin/org/kotlintor/crypto/ControlS2k.kt;core/src/main/kotlin/org/kotlintor/circuit/CircuitFlowControl.kt;core/src/main/kotlin/org/kotlintor/circuit/CongestionControl.kt;core/src/main/kotlin/org/kotlintor/trunnel/CongestionControl.kt,D3,ConfigControlMuxPaddingElevationTest + Control/ControlServer vs control.c; matched 22 path(s),full control connection lifecycle thinner,
L1:feature/control/control_auth.c,1_module,feature/control,control_auth.c,control_auth,control/src/main/kotlin/org/kotlintor/control/ControlAuth.kt;control/src/main/kotlin/org/kotlintor/control/Control.kt,D3,ConfigControlMuxPaddingElevationTest + ControlAuth/SAFECOOKIE vs control_auth.c; matched 2 path(s),hashed-password edge cases thinner,
L1:feature/control/control_bootstrap.c,1_module,feature/control,control_bootstrap.c,control_bootstrap,control/src/main/kotlin/org/kotlintor/control/ControlBootstrap.kt;core/src/main/kotlin/org/kotlintor/Bootstrap.kt;control/src/main/kotlin/org/kotlintor/control/Control.kt,D3,ConfigControlMuxPaddingElevationTest + ControlBootstrap vs control_bootstrap.c; matched 3 path(s),full STATUS_CLIENT fan-out thinner,
L1:feature/control/control_cmd.c,1_module,feature/control,control_cmd.c,control_cmd,control/src/main/kotlin/org/kotlintor/control/ControlCmd.kt;core/src/main/kotlin/org/kotlintor/or/ControlCmdArgs.kt;control/src/main/kotlin/org/kotlintor/control/Control.kt,D3,ConfigControlMuxPaddingElevationTest + ControlCmd table vs control_cmd.c; matched 3 path(s),full command handler matrix thinner,
L1:feature/control/control_events.c,1_module,feature/control,control_events.c,control_events,control/src/main/kotlin/org/kotlintor/control/ControlEvents.kt;control/src/main/kotlin/org/kotlintor/control/Control.kt,D3,ConfigControlMuxPaddingElevationTest + ControlEvents vs control_events.c; matched 2 path(s),full event mask / rate limits thinner,
L1:feature/control/control_fmt.c,1_module,feature/control,control_fmt.c,control_fmt,control/src/main/kotlin/org/kotlintor/control/ControlFmt.kt;control/src/main/kotlin/org/kotlintor/control/Control.kt,D3,ConfigControlMuxPaddingElevationTest + ControlFmt vs control_fmt.c; matched 2 path(s),full event line attribute formatting thinner,
L1:feature/control/control_getinfo.c,1_module,feature/control,control_getinfo.c,control_getinfo,control/src/main/kotlin/org/kotlintor/control/ControlGetinfo.kt;control/src/main/kotlin/org/kotlintor/control/Control.kt,D3,ConfigControlMuxPaddingElevationTest + ControlGetinfo keys vs control_getinfo.c; matched 2 path(s),full GETINFO key table thinner,
L1:feature/control/control_hs.c,1_module,feature/control,control_hs.c,control_hs,control/src/main/kotlin/org/kotlintor/control/ControlHs.kt;control/src/main/kotlin/org/kotlintor/control/Control.kt,D3,ConfigControlMuxPaddingElevationTest + ControlHs vs control_hs.c; matched 2 path(s),full ADD_ONION keyblob / client-auth thinner,
L1:feature/control/control_proto.c,1_module,feature/control,control_proto.c,control_proto,control/src/main/kotlin/org/kotlintor/control/ControlProto.kt;control/src/main/kotlin/org/kotlintor/control/Control.kt,D3,ConfigControlMuxPaddingElevationTest + ControlProto vs control_proto.c; matched 2 path(s),full multiline / ISO control framing thinner,
L1:feature/control/getinfo_geoip.c,1_module,feature/control,getinfo_geoip.c,getinfo_geoip,control/src/main/kotlin/org/kotlintor/control/GetinfoGeoip.kt;core/src/main/kotlin/org/kotlintor/dir/GeoIp.kt,D3,ConfigControlMuxPaddingElevationTest + GetinfoGeoip vs getinfo_geoip.c; matched 2 path(s),full ip-to-country GETINFO wiring thinner,
L1:feature/dirauth/authmode.c,1_module,feature/dirauth,authmode.c,authmode,core/src/main/kotlin/org/kotlintor/dir/AuthMode.kt;core/src/main/kotlin/org/kotlintor/dir/ProcessDescsAndAuthMode.kt,D3,ConfigControlMuxPaddingElevationTest + AuthMode vs authmode.c; matched 2 path(s),dirauth live vote path thinner,
L1:feature/dirauth/bridgeauth.c,1_module,feature/dirauth,bridgeauth.c,bridgeauth,core/src/main/kotlin/org/kotlintor/dir/BridgeAuth.kt,D3,DirAuthElevationTest + BridgeAuth vs bridgeauth.c; matched 1 path(s),full bridge authority publish loop thinner,
L1:feature/dirauth/bwauth.c,1_module,feature/dirauth,bwauth.c,bwauth,core/src/main/kotlin/org/kotlintor/dir/BwAuth.kt;core/src/main/kotlin/org/kotlintor/dir/BwAuthFile.kt,D3,DirAuthElevationTest + BwAuth/BwAuthFile vs bwauth.c; matched 2 path(s),full measured bw vote headers thinner,
L1:feature/dirauth/dirauth_config.c,1_module,feature/dirauth,dirauth_config.c,dirauth_config,core/src/main/kotlin/org/kotlintor/dir/DirAuthConfig.kt;core/src/main/kotlin/org/kotlintor/config/Config.kt,D3,DirAuthElevationTest + DirAuthConfig vs dirauth_config.c; matched 2 path(s),full dirauth_options_t field matrix thinner,
L1:feature/dirauth/dirauth_periodic.c,1_module,feature/dirauth,dirauth_periodic.c,dirauth_periodic,core/src/main/kotlin/org/kotlintor/dir/DirAuthPeriodic.kt;core/src/main/kotlin/org/kotlintor/mainloop/Periodic.kt,D3,DirAuthElevationTest + DirAuthPeriodic vs dirauth_periodic.c; matched 2 path(s),full dirauth periodic events thinner,
L1:feature/dirauth/dirauth_stub.c,1_module,feature/dirauth,dirauth_stub.c,dirauth_stub,MISSING,N/A,C Tor build stub when dirauth disabled; no kotlin match,kotlin-tor always has dirauth lite,
L1:feature/dirauth/dirauth_sys.c,1_module,feature/dirauth,dirauth_sys.c,dirauth_sys,core/src/main/kotlin/org/kotlintor/dir/DirAuthSys.kt,D3,DirAuthElevationTest + DirAuthSys vs dirauth_sys.c; matched 1 path(s),subsystem event loop thinner,
L1:feature/dirauth/dircollate.c,1_module,feature/dirauth,dircollate.c,dircollate,core/src/main/kotlin/org/kotlintor/dir/DirCollate.kt;core/src/main/kotlin/org/kotlintor/dir/BwAuthFile.kt,D3,DirAuthElevationTest + DirCollate vs dircollate.c; matched 2 path(s),production consensus compute thinner,
L1:feature/dirauth/dirvote.c,1_module,feature/dirauth,dirvote.c,dirvote,core/src/main/kotlin/org/kotlintor/dir/DirVote.kt,D3,DirAuthElevationTest + DirVote vs dirvote.c; matched 1 path(s),RSA vote signing depth thinner,
L1:feature/dirauth/dsigs_parse.c,1_module,feature/dirauth,dsigs_parse.c,dsigs_parse,core/src/main/kotlin/org/kotlintor/dir/DsigsParse.kt,D3,DirAuthElevationTest + DsigsParse vs dsigs_parse.c; matched 1 path(s),full dsigs_parse edge cases thinner,
L1:feature/dirauth/guardfraction.c,1_module,feature/dirauth,guardfraction.c,guardfraction,core/src/main/kotlin/org/kotlintor/dir/GuardFraction.kt;core/src/main/kotlin/org/kotlintor/dir/GuardFractionAndReachability.kt,D3,DirAuthElevationTest + GuardFraction vs guardfraction.c; matched 2 path(s),full guardfraction weighting thinner,
L1:feature/dirauth/keypin.c,1_module,feature/dirauth,keypin.c,keypin,core/src/main/kotlin/org/kotlintor/dir/Keypin.kt;core/src/main/kotlin/org/kotlintor/dir/KeypinAndConsDiff.kt,D3,KeypinElevationTest + Keypin FOUND/ADDED/MISMATCH/NOT_FOUND vs keypin.c; matched 2 path(s),O_SYNC journal fd edge cases,
L1:feature/dirauth/process_descs.c,1_module,feature/dirauth,process_descs.c,process_descs,core/src/main/kotlin/org/kotlintor/dir/ProcessDescs.kt;core/src/main/kotlin/org/kotlintor/dir/ProcessDescsAndAuthMode.kt,D3,DirAuthElevationTest + ProcessDescs vs process_descs.c; matched 2 path(s),full authdir reject list matrix thinner,
L1:feature/dirauth/reachability.c,1_module,feature/dirauth,reachability.c,reachability,core/src/main/kotlin/org/kotlintor/dir/Reachability.kt;core/src/main/kotlin/org/kotlintor/dir/GuardFractionAndReachability.kt,D3,DirAuthElevationTest + Reachability vs reachability.c; matched 2 path(s),dirauth OR reach testing loop thinner,
L1:feature/dirauth/recommend_pkg.c,1_module,feature/dirauth,recommend_pkg.c,recommend_pkg,core/src/main/kotlin/org/kotlintor/dir/RecommendPkg.kt,D3,DirAuthElevationTest + RecommendPkg vs recommend_pkg.c; matched 1 path(s),,
L1:feature/dirauth/shared_random.c,1_module,feature/dirauth,shared_random.c,shared_random,core/src/main/kotlin/org/kotlintor/dir/SharedRandom.kt;core/src/main/kotlin/org/kotlintor/dir/SharedRandomState.kt;core/src/main/kotlin/org/kotlintor/dir/SharedRandomClient.kt,D3,DirAuthElevationTest + SharedRandom vs shared_random.c; matched 3 path(s),full SRV commit/reveal phases thinner,
L1:feature/dirauth/shared_random_state.c,1_module,feature/dirauth,shared_random_state.c,shared_random_state,core/src/main/kotlin/org/kotlintor/dir/SharedRandomState.kt;core/src/main/kotlin/org/kotlintor/dir/SharedRandom.kt,D3,DirAuthElevationTest + SharedRandomState vs shared_random_state.c; matched 2 path(s),full sr_state disk format thinner,
L1:feature/dirauth/voteflags.c,1_module,feature/dirauth,voteflags.c,voteflags,core/src/main/kotlin/org/kotlintor/dir/VoteFlags.kt;core/src/main/kotlin/org/kotlintor/dir/ConsCacheAndVoteFlags.kt,D3,DirAuthElevationTest + VoteFlags vs voteflags.c; matched 2 path(s),full flag threshold consensus params thinner,
L1:feature/dirauth/voting_schedule.c,1_module,feature/dirauth,voting_schedule.c,voting_schedule,core/src/main/kotlin/org/kotlintor/dir/VotingSchedule.kt;core/src/main/kotlin/org/kotlintor/dir/DirVote.kt;core/src/main/kotlin/org/kotlintor/dir/VotingScheduleAndMultiAuth.kt,D3,DirParseNodelistElevationTest + voting_schedule naming primary; matched 3 path(s),full C Tor edge cases thinner,
L1:feature/dircache/conscache.c,1_module,feature/dircache,conscache.c,conscache,core/src/main/kotlin/org/kotlintor/dir/ConsCache.kt;core/src/main/kotlin/org/kotlintor/dir/ConsCacheAndVoteFlags.kt,D3,DirAuthElevationTest + ConsCache vs conscache.c; matched 2 path(s),full mmap / diff compression thinner,
L1:feature/dircache/consdiffmgr.c,1_module,feature/dircache,consdiffmgr.c,consdiffmgr,core/src/main/kotlin/org/kotlintor/dir/ConsDiffMgr.kt;core/src/main/kotlin/org/kotlintor/dir/ConsDiff.kt,D3,DirAuthElevationTest + ConsDiffMgr vs consdiffmgr.c; matched 2 path(s),full background diff generation thinner,
L1:feature/dircache/dircache.c,1_module,feature/dircache,dircache.c,dircache,core/src/main/kotlin/org/kotlintor/dir/DirCache.kt,D3,DirAuthElevationTest + DirCache vs dircache.c; matched 1 path(s),full HTTP dirport handler matrix thinner,
L1:feature/dircache/dircache_stub.c,1_module,feature/dircache,dircache_stub.c,dircache_stub,core/src/main/kotlin/org/kotlintor/dir/DirCache.kt,N/A,C Tor build stub; matched 1 path(s),,
L1:feature/dircache/dirserv.c,1_module,feature/dircache,dirserv.c,dirserv,core/src/main/kotlin/org/kotlintor/dir/DirServ.kt,D3,DirParseNodelistElevationTest + dirserv naming primary; matched 1 path(s),full C Tor edge cases thinner,
L1:feature/dirclient/dirclient.c,1_module,feature/dirclient,dirclient.c,dirclient,core/src/main/kotlin/org/kotlintor/dir/DirClient.kt;core/src/main/kotlin/org/kotlintor/dir/DirClientModes.kt;core/src/main/kotlin/org/kotlintor/hs/HsDirClient.kt,D3,DirAuthElevationTest + DirClient vs dirclient.c; matched 3 path(s),full directory_request_t state machine thinner,
L1:feature/dirclient/dirclient_modes.c,1_module,feature/dirclient,dirclient_modes.c,dirclient_modes,core/src/main/kotlin/org/kotlintor/dir/DirClientModes.kt;core/src/main/kotlin/org/kotlintor/dir/DirClient.kt,D3,DirAuthElevationTest + DirClientModes vs dirclient_modes.c; matched 2 path(s),all dirclient_modes predicates thinner,
L1:feature/dirclient/dlstatus.c,1_module,feature/dirclient,dlstatus.c,dlstatus,core/src/main/kotlin/org/kotlintor/dir/DlStatus.kt;core/src/main/kotlin/org/kotlintor/dir/DownloadStatus.kt;core/src/main/kotlin/org/kotlintor/status/Status.kt,D3,DirParseNodelistElevationTest + dlstatus naming primary; matched 3 path(s),full C Tor edge cases thinner,
L1:feature/dircommon/consdiff.c,1_module,feature/dircommon,consdiff.c,consdiff,core/src/main/kotlin/org/kotlintor/dir/ConsDiff.kt;core/src/main/kotlin/org/kotlintor/dir/KeypinAndConsDiff.kt;core/src/main/kotlin/org/kotlintor/dir/ConsDiffMgr.kt,D3,DirAuthElevationTest + ConsDiff vs consdiff.c; matched 3 path(s),full ed-script apply edge cases thinner,
L1:feature/dircommon/directory.c,1_module,feature/dircommon,directory.c,directory,core/src/main/kotlin/org/kotlintor/dir/Directory.kt;core/src/main/kotlin/org/kotlintor/dir/DirectoryClient.kt,D3,DirAuthElevationTest + Directory vs directory.c; matched 2 path(s),full directory connection purpose matrix thinner,
L1:feature/dircommon/fp_pair.c,1_module,feature/dircommon,fp_pair.c,fp_pair,core/src/main/kotlin/org/kotlintor/dir/FpPair.kt,D3,DirAuthElevationTest + FpPair vs fp_pair.c; matched 1 path(s),,
L1:feature/dirparse/authcert_parse.c,1_module,feature/dirparse,authcert_parse.c,authcert_parse,core/src/main/kotlin/org/kotlintor/dir/AuthCertParse.kt;core/src/main/kotlin/org/kotlintor/dir/AuthCert.kt,D3,DirParseNodelistElevationTest + authcert_parse naming primary; matched 2 path(s),full C Tor edge cases thinner,
L1:feature/dirparse/microdesc_parse.c,1_module,feature/dirparse,microdesc_parse.c,microdesc_parse,core/src/main/kotlin/org/kotlintor/dir/MicrodescParse.kt;core/src/main/kotlin/org/kotlintor/dir/Microdesc.kt,D3,DirParseNodelistElevationTest + microdesc_parse naming primary; matched 2 path(s),full C Tor edge cases thinner,
L1:feature/dirparse/ns_parse.c,1_module,feature/dirparse,ns_parse.c,ns_parse,core/src/main/kotlin/org/kotlintor/dir/NsParse.kt,D3,DirParseNodelistElevationTest + ns_parse naming primary; matched 1 path(s),full C Tor edge cases thinner,
L1:feature/dirparse/parsecommon.c,1_module,feature/dirparse,parsecommon.c,parsecommon,core/src/main/kotlin/org/kotlintor/dir/ParseCommon.kt,D3,DirParseNodelistElevationTest + parsecommon naming primary; matched 1 path(s),full C Tor edge cases thinner,
L1:feature/dirparse/policy_parse.c,1_module,feature/dirparse,policy_parse.c,policy_parse,core/src/main/kotlin/org/kotlintor/dir/PolicyParse.kt,D3,DirParseNodelistElevationTest + policy_parse naming primary; matched 1 path(s),full C Tor edge cases thinner,
L1:feature/dirparse/routerparse.c,1_module,feature/dirparse,routerparse.c,routerparse,core/src/main/kotlin/org/kotlintor/dir/RouterParse.kt;core/src/main/kotlin/org/kotlintor/relay/Router.kt,D3,DirParseNodelistElevationTest + routerparse naming primary; matched 2 path(s),full C Tor edge cases thinner,
L1:feature/dirparse/sigcommon.c,1_module,feature/dirparse,sigcommon.c,sigcommon,core/src/main/kotlin/org/kotlintor/dir/SigCommon.kt;core/src/main/kotlin/org/kotlintor/dir/DirParseHelpers.kt,D3,SigCommonElevationTest + SigCommon hash/checksig vs sigcommon.c; matched 2 path(s),CST flags beyond NO_CHECK_OBJTYPE,
L1:feature/dirparse/signing.c,1_module,feature/dirparse,signing.c,signing,core/src/main/kotlin/org/kotlintor/dir/Signing.kt,D3,DirParseNodelistElevationTest + signing naming primary; matched 1 path(s),full C Tor edge cases thinner,
L1:feature/dirparse/unparseable.c,1_module,feature/dirparse,unparseable.c,unparseable,core/src/main/kotlin/org/kotlintor/dir/Unparseable.kt,D3,DirParseNodelistElevationTest + unparseable naming primary; matched 1 path(s),full C Tor edge cases thinner,
L1:feature/hibernate/hibernate.c,1_module,feature/hibernate,hibernate.c,hibernate,core/src/main/kotlin/org/kotlintor/relay/Hibernate.kt,D3,RelayStatsElevationTest + Hibernate/HibernateAccounting vs hibernate.c; matched 1 path(s),full accounting hibernate FSM thinner,
L1:feature/hs/hs_cache.c,1_module,feature/hs,hs_cache.c,hs_cache,core/src/main/kotlin/org/kotlintor/hs/HsCache.kt,D3,OnionFastRelayDosHsElevationTest + HsCache dir/client/intro/oom vs hs_cache.c; matched 1 path(s),full OOM policy / dirconn fetch race thinner,
L1:feature/hs/hs_cell.c,1_module,feature/hs,hs_cell.c,hs_cell,core/src/main/kotlin/org/kotlintor/hs/HsCell.kt;core/src/main/kotlin/org/kotlintor/cell/Cell.kt,D3,HsRelayNodelistElevationTest + HsCell commands vs hs_cell.c; matched 2 path(s),full cell codec thinner,
L1:feature/hs/hs_circuit.c,1_module,feature/hs,hs_circuit.c,hs_circuit,core/src/main/kotlin/org/kotlintor/hs/HsCircuit.kt;core/src/main/kotlin/org/kotlintor/circuit/Circuit.kt,D3,HsRelayNodelistElevationTest + HsCircuit purposes vs hs_circuit.c; matched 2 path(s),full HS circuit launch thinner,
L1:feature/hs/hs_circuitmap.c,1_module,feature/hs,hs_circuitmap.c,hs_circuitmap,core/src/main/kotlin/org/kotlintor/hs/HsCircuitmap.kt;core/src/main/kotlin/org/kotlintor/circuit/Circuit.kt,D3,HsRelayNodelistElevationTest + HsCircuitmap vs hs_circuitmap.c; matched 2 path(s),full token map edge cases thinner,
L1:feature/hs/hs_client.c,1_module,feature/hs,hs_client.c,hs_client,core/src/main/kotlin/org/kotlintor/hs/HsClient.kt;core/src/main/kotlin/org/kotlintor/hs/OnionClient.kt,D3,hs client INTRODUCE/REND; matched 2 path(s),,
L1:feature/hs/hs_common.c,1_module,feature/hs,hs_common.c,hs_common,core/src/main/kotlin/org/kotlintor/hs/HsCommon.kt;core/src/main/kotlin/org/kotlintor/hs/HsCommonConfigDos.kt,D3,OnionFastRelayDosHsElevationTest + HsCommon period/index vs hs_common.c; matched 2 path(s),full hsdir index math / consensus SRV thinner,
L1:feature/hs/hs_config.c,1_module,feature/hs,hs_config.c,hs_config,core/src/main/kotlin/org/kotlintor/hs/HsConfig.kt;core/src/main/kotlin/org/kotlintor/hs/HsCommonConfigDos.kt;core/src/main/kotlin/org/kotlintor/config/Config.kt,D3,HsRelayNodelistElevationTest + HsConfig/HsOpts vs hs_config.c; matched 3 path(s),full hs_opts_t field matrix thinner,
L1:feature/hs/hs_control.c,1_module,feature/hs,hs_control.c,hs_control,core/src/main/kotlin/org/kotlintor/hs/HsControl.kt;control/src/main/kotlin/org/kotlintor/control/Control.kt,D3,HsControlElevationTest + HS_DESC_CONTENT body / auth / fail reasons vs hs_control.c; matched 2 path(s),full hsdir_index fetch/store wiring into events,
L1:feature/hs/hs_descriptor.c,1_module,feature/hs,hs_descriptor.c,hs_descriptor,core/src/main/kotlin/org/kotlintor/hs/HsDescriptor.kt,D3,HsRelayNodelistElevationTest + HsDescriptor vs hs_descriptor.c; matched 1 path(s),full encrypted desc layer thinner,
L1:feature/hs/hs_dos.c,1_module,feature/hs,hs_dos.c,hs_dos,core/src/main/kotlin/org/kotlintor/hs/HsDos.kt;core/src/main/kotlin/org/kotlintor/hs/HsCommonConfigDos.kt;core/src/main/kotlin/org/kotlintor/relay/Dos.kt,D3,HsRelayNodelistElevationTest + HsDos/HsDosDefense vs hs_dos.c; matched 3 path(s),token-bucket exact C parity thinner,
L1:feature/hs/hs_ident.c,1_module,feature/hs,hs_ident.c,hs_ident,core/src/main/kotlin/org/kotlintor/hs/HsIdent.kt;core/src/main/kotlin/org/kotlintor/hs/HsCommonConfigDos.kt,D3,HsRelayNodelistElevationTest + HsIdent tags vs hs_ident.c; matched 2 path(s),full circuit attach matrix thinner,
L1:feature/hs/hs_intropoint.c,1_module,feature/hs,hs_intropoint.c,hs_intropoint,core/src/main/kotlin/org/kotlintor/hs/HsIntropoint.kt;core/src/main/kotlin/org/kotlintor/hs/HsCommonConfigDos.kt,D3,HsRelayNodelistElevationTest + HsIntropoint table vs hs_intropoint.c; matched 2 path(s),full intro rotate / failure FSM thinner,
L1:feature/hs/hs_metrics.c,1_module,feature/hs,hs_metrics.c,hs_metrics,core/src/main/kotlin/org/kotlintor/hs/HsMetrics.kt;core/src/main/kotlin/org/kotlintor/metrics/Metrics.kt,D3,HsRelayNodelistElevationTest + HsMetrics vs hs_metrics.c; matched 2 path(s),full prometheus entry table thinner,
L1:feature/hs/hs_metrics_entry.c,1_module,feature/hs,hs_metrics_entry.c,hs_metrics_entry,core/src/main/kotlin/org/kotlintor/hs/HsMetricsEntry.kt;core/src/main/kotlin/org/kotlintor/metrics/Metrics.kt,D3,HsRelayNodelistElevationTest + HsMetricsEntry keys vs hs_metrics_entry.c; matched 2 path(s),full entry table thinner,
L1:feature/hs/hs_ob.c,1_module,feature/hs,hs_ob.c,hs_ob,core/src/main/kotlin/org/kotlintor/hs/HsOb.kt,D3,HsRelayNodelistElevationTest + HsOb/OnionBalanceFrontend vs hs_ob.c; matched 1 path(s),full OB backend sync thinner,
L1:feature/hs/hs_pow.c,1_module,feature/hs,hs_pow.c,hs_pow,core/src/main/kotlin/org/kotlintor/hs/HsPow.kt,D3,HsRelayNodelistElevationTest + HsPow effort vs hs_pow.c; matched 1 path(s),Equi-X solver thinner,
L1:feature/hs/hs_service.c,1_module,feature/hs,hs_service.c,hs_service,core/src/main/kotlin/org/kotlintor/hs/HsService.kt;core/src/main/kotlin/org/kotlintor/hs/OnionService.kt,D3,OnionService host path; matched 2 path(s),full hs_service.c edge cases,
L1:feature/hs/hs_stats.c,1_module,feature/hs,hs_stats.c,hs_stats,core/src/main/kotlin/org/kotlintor/stats/HsStats.kt,D3,HsRelayNodelistElevationTest + HsStats vs hs_stats.c; matched 1 path(s),full HS stats export thinner,
L1:feature/hs/hs_sys.c,1_module,feature/hs,hs_sys.c,hs_sys,core/src/main/kotlin/org/kotlintor/hs/HsSys.kt,D3,HsRelayNodelistElevationTest + HsSys lifecycle vs hs_sys.c; matched 1 path(s),subsystem event loop thinner,
L1:feature/hs_common/replaycache.c,1_module,feature/hs_common,replaycache.c,replaycache,core/src/main/kotlin/org/kotlintor/hs/ReplayCache.kt,D3,ReplayCache INTRODUCE2; matched 1 path(s),,
L1:feature/hs_common/shared_random_client.c,1_module,feature/hs_common,shared_random_client.c,shared_random_client,core/src/main/kotlin/org/kotlintor/dir/SharedRandomClient.kt;core/src/main/kotlin/org/kotlintor/dir/SharedRandom.kt,D3,AppMainElevationTest + SharedRandomClient vs shared_random_client.c; matched 2 path(s),full SRV fetch/store thinner,
L1:feature/keymgt/loadkey.c,1_module,feature/keymgt,loadkey.c,loadkey,core/src/main/kotlin/org/kotlintor/keymgt/LoadKey.kt,D3,LoadKeyElevationTest + ed_key_init_from_file flags vs loadkey.c; matched 1 path(s),encrypted secret / NEEDCERT / OfflineMasterKey path,
L1:feature/metrics/metrics.c,1_module,feature/metrics,metrics.c,metrics,core/src/main/kotlin/org/kotlintor/metrics/Metrics.kt;core/src/main/kotlin/org/kotlintor/hs/HsMetrics.kt;core/src/main/kotlin/org/kotlintor/hs/HsMetricsEntry.kt;core/src/main/kotlin/org/kotlintor/relay/MetricsPort.kt;core/src/main/kotlin/org/kotlintor/relay/RelayMetrics.kt,D3,AppMainElevationTest + Metrics/MetricsSys vs metrics.c; matched 6 path(s),full metrics store registry thinner,
L1:feature/metrics/metrics_sys.c,1_module,feature/metrics,metrics_sys.c,metrics_sys,core/src/main/kotlin/org/kotlintor/metrics/MetricsSys.kt;core/src/main/kotlin/org/kotlintor/relay/MetricsPort.kt;core/src/main/kotlin/org/kotlintor/metrics/Metrics.kt,D3,MetricsTorCertCryptPathElevationTest + MetricsSys init/shutdown vs metrics_sys.c; matched 3 path(s),full prometheus scrape HTTP + label matrix,
L1:feature/nodelist/authcert.c,1_module,feature/nodelist,authcert.c,authcert,core/src/main/kotlin/org/kotlintor/dir/AuthCert.kt;core/src/main/kotlin/org/kotlintor/dir/AuthCertParse.kt,D3,DirParseNodelistElevationTest + authcert naming primary; matched 2 path(s),full C Tor edge cases thinner,
L1:feature/nodelist/describe.c,1_module,feature/nodelist,describe.c,describe,core/src/main/kotlin/org/kotlintor/dir/Describe.kt;core/src/main/kotlin/org/kotlintor/dir/NicknameDescribeNodeSelect.kt,D3,DirParseNodelistElevationTest + describe naming primary; matched 2 path(s),full C Tor edge cases thinner,
L1:feature/nodelist/dirlist.c,1_module,feature/nodelist,dirlist.c,dirlist,core/src/main/kotlin/org/kotlintor/dir/DirList.kt,D3,DirListElevationTest + DirList digest/dirport helpers vs dirlist.c; matched 1 path(s),auth_dirport_usage enum matrix thinner,
L1:feature/nodelist/fmt_routerstatus.c,1_module,feature/nodelist,fmt_routerstatus.c,fmt_routerstatus,core/src/main/kotlin/org/kotlintor/dir/FmtRouterStatus.kt;core/src/main/kotlin/org/kotlintor/relay/Router.kt;core/src/main/kotlin/org/kotlintor/status/Status.kt,D3,FmtRouterStatusElevationTest + vote Measured/GuardFraction/id vs fmt_routerstatus.c; matched 3 path(s),descriptor digest assert path for non-control formats,
L1:feature/nodelist/microdesc.c,1_module,feature/nodelist,microdesc.c,microdesc,core/src/main/kotlin/org/kotlintor/dir/Microdesc.kt;core/src/main/kotlin/org/kotlintor/dir/MicrodescConsensus.kt;core/src/main/kotlin/org/kotlintor/dir/MicrodescParse.kt;core/src/main/kotlin/org/kotlintor/or/MicrodescCache.kt;core/src/main/kotlin/org/kotlintor/or/VoteMicrodescHash.kt,D3,DirParseNodelistElevationTest + microdesc naming primary; matched 5 path(s),full C Tor edge cases thinner,
L1:feature/nodelist/networkstatus.c,1_module,feature/nodelist,networkstatus.c,networkstatus,core/src/main/kotlin/org/kotlintor/dir/NetworkStatus.kt;core/src/main/kotlin/org/kotlintor/status/Status.kt;core/src/main/kotlin/org/kotlintor/or/NetworkstatusSrInfo.kt;core/src/main/kotlin/org/kotlintor/or/NetworkstatusVoterInfo.kt,D3,DirParseNodelistElevationTest + networkstatus naming primary; matched 4 path(s),full C Tor edge cases thinner,
L1:feature/nodelist/nickname.c,1_module,feature/nodelist,nickname.c,nickname,core/src/main/kotlin/org/kotlintor/dir/Nickname.kt;core/src/main/kotlin/org/kotlintor/dir/NicknameDescribeNodeSelect.kt,D3,DirParseNodelistElevationTest + nickname naming primary; matched 2 path(s),full C Tor edge cases thinner,
L1:feature/nodelist/node_select.c,1_module,feature/nodelist,node_select.c,node_select,core/src/main/kotlin/org/kotlintor/dir/NodeSelect.kt;core/src/main/kotlin/org/kotlintor/dir/Node.kt,D3,DirParseNodelistElevationTest + node_select naming primary; matched 2 path(s),full C Tor edge cases thinner,
L1:feature/nodelist/nodefamily.c,1_module,feature/nodelist,nodefamily.c,nodefamily,core/src/main/kotlin/org/kotlintor/dir/NodeFamily.kt;core/src/main/kotlin/org/kotlintor/dir/Node.kt,D3,DirParseNodelistElevationTest + nodefamily naming primary; matched 2 path(s),full C Tor edge cases thinner,
L1:feature/nodelist/nodelist.c,1_module,feature/nodelist,nodelist.c,nodelist,core/src/main/kotlin/org/kotlintor/dir/NodeList.kt;core/src/main/kotlin/org/kotlintor/dir/Node.kt,D3,DirParseNodelistElevationTest + nodelist naming primary; matched 2 path(s),full C Tor edge cases thinner,
L1:feature/nodelist/routerinfo.c,1_module,feature/nodelist,routerinfo.c,routerinfo,core/src/main/kotlin/org/kotlintor/dir/RouterInfo.kt;core/src/main/kotlin/org/kotlintor/relay/Router.kt,D3,HsRelayNodelistElevationTest + RouterInfo vs routerinfo.c; matched 2 path(s),full routerinfo parse/store thinner,
L1:feature/nodelist/routerlist.c,1_module,feature/nodelist,routerlist.c,routerlist,core/src/main/kotlin/org/kotlintor/dir/RouterList.kt;core/src/main/kotlin/org/kotlintor/relay/Router.kt,D3,HsRelayNodelistElevationTest + RouterList vs routerlist.c; matched 2 path(s),full routerlist download / store thinner,
L1:feature/nodelist/routerset.c,1_module,feature/nodelist,routerset.c,routerset,core/src/main/kotlin/org/kotlintor/dir/RouterSet.kt;core/src/main/kotlin/org/kotlintor/relay/Router.kt,D3,HsRelayNodelistElevationTest + RouterSet vs routerset.c; matched 2 path(s),full routerset policy matching thinner,
L1:feature/nodelist/torcert.c,1_module,feature/nodelist,torcert.c,torcert,core/src/main/kotlin/org/kotlintor/dir/TorCert.kt;core/src/main/kotlin/org/kotlintor/hs/Ed25519Cert.kt,D3,MetricsTorCertCryptPathElevationTest + TorCert parse/checksig/eq vs torcert.c; matched 2 path(s),RSA crosscert / X509 SHA256 cert-key types thinner,
L1:feature/relay/circuitbuild_relay.c,1_module,feature/relay,circuitbuild_relay.c,circuitbuild_relay,core/src/main/kotlin/org/kotlintor/circuit/CircuitBuildRelay.kt;core/src/main/kotlin/org/kotlintor/circuit/Circuit.kt;core/src/main/kotlin/org/kotlintor/circuit/Relay.kt;core/src/main/kotlin/org/kotlintor/circuit/CircuitBuild.kt,D3,HsRelayNodelistElevationTest + CircuitBuildRelay vs circuitbuild_relay.c; matched 4 path(s),full relay CREATE/EXTEND handling thinner,
L1:feature/relay/dns.c,1_module,feature/relay,dns.c,dns,core/src/main/kotlin/org/kotlintor/net/Dns.kt;core/src/main/kotlin/org/kotlintor/net/AutomapAndDnsCache.kt;core/src/main/kotlin/org/kotlintor/net/TcpDns.kt;core/src/main/kotlin/org/kotlintor/net/stack/FakeIpDnsCookies.kt;core/src/main/kotlin/org/kotlintor/net/stack/TunFakeDns.kt,D3,HsRelayNodelistElevationTest + Dns helpers vs dns.c; matched 12 path(s),full exit DNS cache / launch thinner,
L1:feature/relay/ext_orport.c,1_module,feature/relay,ext_orport.c,ext_orport,core/src/main/kotlin/org/kotlintor/pt/ExtOrPort.kt,D3,ExtOrPortServer; matched 1 path(s),,
L1:feature/relay/onion_queue.c,1_module,feature/relay,onion_queue.c,onion_queue,core/src/main/kotlin/org/kotlintor/relay/OnionQueue.kt;core/src/main/kotlin/org/kotlintor/circuit/Onion.kt,D3,HsRelayNodelistElevationTest + OnionQueue vs onion_queue.c; matched 2 path(s),priority CREATE queue parity thinner,
L1:feature/relay/relay_config.c,1_module,feature/relay,relay_config.c,relay_config,core/src/main/kotlin/org/kotlintor/relay/RelayConfig.kt;core/src/main/kotlin/org/kotlintor/config/Config.kt;core/src/main/kotlin/org/kotlintor/circuit/Relay.kt;core/src/main/kotlin/org/kotlintor/relay/RelayConfigView.kt,D3,HsRelayNodelistElevationTest + RelayConfig/View vs relay_config.c; matched 4 path(s),full relay_config validation matrix thinner,
L1:feature/relay/relay_find_addr.c,1_module,feature/relay,relay_find_addr.c,relay_find_addr,core/src/main/kotlin/org/kotlintor/relay/RelayFindAddr.kt;core/src/main/kotlin/org/kotlintor/circuit/Relay.kt,D3,HsRelayNodelistElevationTest + RelayFindAddr vs relay_find_addr.c; matched 2 path(s),full address suggestion / IPv6 ORPort thinner,
L1:feature/relay/relay_handshake.c,1_module,feature/relay,relay_handshake.c,relay_handshake,core/src/main/kotlin/org/kotlintor/relay/RelayHandshake.kt;core/src/main/kotlin/org/kotlintor/circuit/Relay.kt,D3,HsRelayNodelistElevationTest + RelayHandshake vs relay_handshake.c; matched 2 path(s),full OR handshake state machine thinner,
L1:feature/relay/relay_metrics.c,1_module,feature/relay,relay_metrics.c,relay_metrics,core/src/main/kotlin/org/kotlintor/relay/RelayMetrics.kt;core/src/main/kotlin/org/kotlintor/circuit/Relay.kt;core/src/main/kotlin/org/kotlintor/metrics/Metrics.kt,D3,HsRelayNodelistElevationTest + RelayMetrics vs relay_metrics.c; matched 3 path(s),full relay metrics catalog thinner,
L1:feature/relay/relay_periodic.c,1_module,feature/relay,relay_periodic.c,relay_periodic,core/src/main/kotlin/org/kotlintor/relay/RelayPeriodic.kt;core/src/main/kotlin/org/kotlintor/circuit/Relay.kt;core/src/main/kotlin/org/kotlintor/mainloop/Periodic.kt,D3,HsRelayNodelistElevationTest + RelayPeriodic vs relay_periodic.c; matched 3 path(s),full relay periodic events thinner,
L1:feature/relay/relay_stub.c,1_module,feature/relay,relay_stub.c,relay_stub,core/src/main/kotlin/org/kotlintor/circuit/Relay.kt,N/A,C Tor build stub when relay disabled; matched 1 path(s),kotlin-tor RelayService covers relay path,
L1:feature/relay/relay_sys.c,1_module,feature/relay,relay_sys.c,relay_sys,core/src/main/kotlin/org/kotlintor/relay/RelaySys.kt;core/src/main/kotlin/org/kotlintor/circuit/Relay.kt,D3,HsRelayNodelistElevationTest + RelaySys vs relay_sys.c; matched 2 path(s),subsystem lifecycle thinner,
L1:feature/relay/router.c,1_module,feature/relay,router.c,router,core/src/main/kotlin/org/kotlintor/relay/Router.kt;core/src/main/kotlin/org/kotlintor/dir/FmtRouterStatus.kt;core/src/main/kotlin/org/kotlintor/dir/RouterParse.kt;core/src/main/kotlin/org/kotlintor/dir/RouterList.kt;core/src/main/kotlin/org/kotlintor/dir/RouterSet.kt,D3,HsRelayNodelistElevationTest + Router/RouterMode vs router.c; matched 9 path(s),full router identity / descriptor publish thinner,
L1:feature/relay/routerkeys.c,1_module,feature/relay,routerkeys.c,routerkeys,core/src/main/kotlin/org/kotlintor/relay/RouterKeys.kt;core/src/main/kotlin/org/kotlintor/relay/Router.kt,D3,RelayStatsElevationTest + RouterKeys/OnionKeyRotator vs routerkeys.c; matched 2 path(s),full master key offline path thinner,
L1:feature/relay/routermode.c,1_module,feature/relay,routermode.c,routermode,core/src/main/kotlin/org/kotlintor/relay/RouterMode.kt;core/src/main/kotlin/org/kotlintor/relay/Router.kt,D3,RouterModeElevationTest + set_server_advertised/dir_server_mode vs routermode.c; matched 2 path(s),router_has_bandwidth_to_be_dirserver full accounting,
L1:feature/relay/selftest.c,1_module,feature/relay,selftest.c,selftest,core/src/main/kotlin/org/kotlintor/relay/Selftest.kt,D3,RelayStatsElevationTest + Selftest/RelaySelfTest vs selftest.c; matched 1 path(s),full ORPort IPv6 reachability thinner,
L1:feature/relay/transport_config.c,1_module,feature/relay,transport_config.c,transport_config,core/src/main/kotlin/org/kotlintor/relay/TransportConfig.kt;core/src/main/kotlin/org/kotlintor/config/Config.kt,D3,HsRelayNodelistElevationTest + TransportConfig vs transport_config.c; matched 2 path(s),full PT listen option matrix thinner,
L1:feature/rend/rendcommon.c,1_module,feature/rend,rendcommon.c,rendcommon,MISSING,N/A,Legacy onion service v2; out of kotlin-tor v3 scope; no kotlin match,legacy HS v2,
L1:feature/rend/rendmid.c,1_module,feature/rend,rendmid.c,rendmid,MISSING,N/A,Legacy onion service v2; out of kotlin-tor v3 scope; no kotlin match,legacy HS v2,
L1:feature/stats/bwhist.c,1_module,feature/stats,bwhist.c,bwhist,core/src/main/kotlin/org/kotlintor/relay/BwHist.kt,D3,RelayStatsElevationTest + BwHist vs bwhist.c; matched 1 path(s),full bw_array history export thinner,
L1:feature/stats/connstats.c,1_module,feature/stats,connstats.c,connstats,core/src/main/kotlin/org/kotlintor/stats/ConnStats.kt,D3,RelayStatsElevationTest + ConnStats vs connstats.c; matched 1 path(s),full conn-bi-direct export thinner,
L1:feature/stats/geoip_stats.c,1_module,feature/stats,geoip_stats.c,geoip_stats,core/src/main/kotlin/org/kotlintor/stats/GeoipStats.kt;core/src/main/kotlin/org/kotlintor/stats/GeoIpStats.kt;core/src/main/kotlin/org/kotlintor/dir/GeoIp.kt,D3,RelayStatsElevationTest + GeoipStats/GeoIpStats vs geoip_stats.c; matched 3 path(s),full geoip request history thinner,
L1:feature/stats/predict_ports.c,1_module,feature/stats,predict_ports.c,predict_ports,core/src/main/kotlin/org/kotlintor/dir/PredictPorts.kt,D3,RelayStatsElevationTest + PredictPorts vs predict_ports.c; matched 1 path(s),full port prediction window thinner,
L1:feature/stats/rephist.c,1_module,feature/stats,rephist.c,rephist,core/src/main/kotlin/org/kotlintor/relay/RepHist.kt,D3,RelayStatsElevationTest + RepHist vs rephist.c; matched 1 path(s),full reputation histograms thinner,
L1:lib/buf/buffers.c,1_module,lib/buf,buffers.c,buffers,core/src/main/kotlin/org/kotlintor/net/BytePipe.kt;core/src/main/kotlin/org/kotlintor/link/OrChannel.kt,N/A,Kotlin/JDK collections+stdlib+BC/Conscrypt stand in for C Tor lib/*; matched 2 path(s),,
L1:lib/compress/compress.c,1_module,lib/compress,compress.c,compress,core/src/main/kotlin/org/kotlintor/compress/*;core/src/main/kotlin/org/kotlintor/compress/TorCompress.kt;core/src/main/kotlin/org/kotlintor/compress/CompressProvider.kt,N/A,Kotlin/JDK collections+stdlib+BC/Conscrypt stand in for C Tor lib/*; matched 3 path(s),,
L1:lib/compress/compress_buf.c,1_module,lib/compress,compress_buf.c,compress_buf,MISSING,N/A,Kotlin/JDK collections+stdlib+BC/Conscrypt stand in for C Tor lib/*; no kotlin match,,
L1:lib/compress/compress_lzma.c,1_module,lib/compress,compress_lzma.c,compress_lzma,core/src/main/kotlin/org/kotlintor/compress/*;core/src/main/kotlin/org/kotlintor/compress/ZstdLzmaProviders.kt,N/A,Kotlin/JDK collections+stdlib+BC/Conscrypt stand in for C Tor lib/*; matched 2 path(s),,
L1:lib/compress/compress_none.c,1_module,lib/compress,compress_none.c,compress_none,MISSING,N/A,Kotlin/JDK collections+stdlib+BC/Conscrypt stand in for C Tor lib/*; no kotlin match,,
L1:lib/compress/compress_zlib.c,1_module,lib/compress,compress_zlib.c,compress_zlib,core/src/main/kotlin/org/kotlintor/compress/*,N/A,Kotlin/JDK collections+stdlib+BC/Conscrypt stand in for C Tor lib/*; matched 1 path(s),,
L1:lib/compress/compress_zstd.c,1_module,lib/compress,compress_zstd.c,compress_zstd,core/src/main/kotlin/org/kotlintor/compress/*;core/src/main/kotlin/org/kotlintor/compress/ZstdLzmaProviders.kt,N/A,Kotlin/JDK collections+stdlib+BC/Conscrypt stand in for C Tor lib/*; matched 2 path(s),,
L1:lib/confmgt/confmgt.c,1_module,lib/confmgt,confmgt.c,confmgt,MISSING,N/A,Kotlin/JDK collections+stdlib+BC/Conscrypt stand in for C Tor lib/*; no kotlin match,,
L1:lib/confmgt/structvar.c,1_module,lib/confmgt,structvar.c,structvar,MISSING,N/A,Kotlin/JDK collections+stdlib+BC/Conscrypt stand in for C Tor lib/*; no kotlin match,,
L1:lib/confmgt/type_defs.c,1_module,lib/confmgt,type_defs.c,type_defs,MISSING,N/A,Kotlin/JDK collections+stdlib+BC/Conscrypt stand in for C Tor lib/*; no kotlin match,,
L1:lib/confmgt/typedvar.c,1_module,lib/confmgt,typedvar.c,typedvar,MISSING,N/A,Kotlin/JDK collections+stdlib+BC/Conscrypt stand in for C Tor lib/*; no kotlin match,,
L1:lib/confmgt/unitparse.c,1_module,lib/confmgt,unitparse.c,unitparse,MISSING,N/A,Kotlin/JDK collections+stdlib+BC/Conscrypt stand in for C Tor lib/*; no kotlin match,,
L1:lib/container/bloomfilt.c,1_module,lib/container,bloomfilt.c,bloomfilt,MISSING,N/A,Kotlin/JDK collections+stdlib+BC/Conscrypt stand in for C Tor lib/*; no kotlin match,,
L1:lib/container/map.c,1_module,lib/container,map.c,map,core/src/main/kotlin/org/kotlintor/hs/HsCircuitmap.kt;core/src/main/kotlin/org/kotlintor/net/AutomapAndDnsCache.kt;core/src/main/kotlin/org/kotlintor/net/AddressMap.kt;core/src/main/kotlin/org/kotlintor/compress/ZstdLzmaProviders.kt;control/src/main/kotlin/org/kotlintor/control/BtrackOrconnMaps.kt,N/A,Kotlin/JDK collections+stdlib+BC/Conscrypt stand in for C Tor lib/*; matched 5 path(s),,
L1:lib/container/namemap.c,1_module,lib/container,namemap.c,namemap,MISSING,N/A,Kotlin/JDK collections+stdlib+BC/Conscrypt stand in for C Tor lib/*; no kotlin match,,
L1:lib/container/order.c,1_module,lib/container,order.c,order,MISSING,N/A,Kotlin/JDK collections+stdlib+BC/Conscrypt stand in for C Tor lib/*; no kotlin match,,
L1:lib/container/smartlist.c,1_module,lib/container,smartlist.c,smartlist,MISSING,N/A,Kotlin/JDK collections+stdlib+BC/Conscrypt stand in for C Tor lib/*; no kotlin match,,
L1:lib/crypt_ops/aes_nss.c,1_module,lib/crypt_ops,aes_nss.c,aes_nss,MISSING,N/A,Kotlin/JDK collections+stdlib+BC/Conscrypt stand in for C Tor lib/*; no kotlin match,,
L1:lib/crypt_ops/aes_openssl.c,1_module,lib/crypt_ops,aes_openssl.c,aes_openssl,MISSING,N/A,Kotlin/JDK collections+stdlib+BC/Conscrypt stand in for C Tor lib/*; no kotlin match,,
L1:lib/crypt_ops/crypto_cipher.c,1_module,lib/crypt_ops,crypto_cipher.c,crypto_cipher,MISSING,N/A,Kotlin/JDK collections+stdlib+BC/Conscrypt stand in for C Tor lib/*; no kotlin match,,
L1:lib/crypt_ops/crypto_curve25519.c,1_module,lib/crypt_ops,crypto_curve25519.c,crypto_curve25519,core/src/main/kotlin/org/kotlintor/crypto/Curve25519.kt,N/A,Kotlin/JDK collections+stdlib+BC/Conscrypt stand in for C Tor lib/*; matched 1 path(s),,
L1:lib/crypt_ops/crypto_dh.c,1_module,lib/crypt_ops,crypto_dh.c,crypto_dh,MISSING,N/A,Kotlin/JDK collections+stdlib+BC/Conscrypt stand in for C Tor lib/*; no kotlin match,,
L1:lib/crypt_ops/crypto_dh_nss.c,1_module,lib/crypt_ops,crypto_dh_nss.c,crypto_dh_nss,MISSING,N/A,Kotlin/JDK collections+stdlib+BC/Conscrypt stand in for C Tor lib/*; no kotlin match,,
L1:lib/crypt_ops/crypto_dh_openssl.c,1_module,lib/crypt_ops,crypto_dh_openssl.c,crypto_dh_openssl,MISSING,N/A,Kotlin/JDK collections+stdlib+BC/Conscrypt stand in for C Tor lib/*; no kotlin match,,
L1:lib/crypt_ops/crypto_digest.c,1_module,lib/crypt_ops,crypto_digest.c,crypto_digest,core/src/main/kotlin/org/kotlintor/crypto/Digest.kt,N/A,Kotlin/JDK collections+stdlib+BC/Conscrypt stand in for C Tor lib/*; matched 1 path(s),,
L1:lib/crypt_ops/crypto_digest_nss.c,1_module,lib/crypt_ops,crypto_digest_nss.c,crypto_digest_nss,core/src/main/kotlin/org/kotlintor/crypto/Digest.kt,N/A,Kotlin/JDK collections+stdlib+BC/Conscrypt stand in for C Tor lib/*; matched 1 path(s),,
L1:lib/crypt_ops/crypto_digest_openssl.c,1_module,lib/crypt_ops,crypto_digest_openssl.c,crypto_digest_openssl,core/src/main/kotlin/org/kotlintor/crypto/Digest.kt,N/A,Kotlin/JDK collections+stdlib+BC/Conscrypt stand in for C Tor lib/*; matched 1 path(s),,
L1:lib/crypt_ops/crypto_ed25519.c,1_module,lib/crypt_ops,crypto_ed25519.c,crypto_ed25519,MISSING,N/A,Kotlin/JDK collections+stdlib+BC/Conscrypt stand in for C Tor lib/*; no kotlin match,,
L1:lib/crypt_ops/crypto_format.c,1_module,lib/crypt_ops,crypto_format.c,crypto_format,MISSING,N/A,Kotlin/JDK collections+stdlib+BC/Conscrypt stand in for C Tor lib/*; no kotlin match,,
L1:lib/crypt_ops/crypto_hkdf.c,1_module,lib/crypt_ops,crypto_hkdf.c,crypto_hkdf,core/src/main/kotlin/org/kotlintor/crypto/Hkdf.kt,N/A,Kotlin/JDK collections+stdlib+BC/Conscrypt stand in for C Tor lib/*; matched 1 path(s),,
L1:lib/crypt_ops/crypto_init.c,1_module,lib/crypt_ops,crypto_init.c,crypto_init,MISSING,N/A,Kotlin/JDK collections+stdlib+BC/Conscrypt stand in for C Tor lib/*; no kotlin match,,
L1:lib/crypt_ops/crypto_nss_mgt.c,1_module,lib/crypt_ops,crypto_nss_mgt.c,crypto_nss_mgt,MISSING,N/A,Kotlin/JDK collections+stdlib+BC/Conscrypt stand in for C Tor lib/*; no kotlin match,,
L1:lib/crypt_ops/crypto_ope.c,1_module,lib/crypt_ops,crypto_ope.c,crypto_ope,MISSING,N/A,Kotlin/JDK collections+stdlib+BC/Conscrypt stand in for C Tor lib/*; no kotlin match,,
L1:lib/crypt_ops/crypto_openssl_mgt.c,1_module,lib/crypt_ops,crypto_openssl_mgt.c,crypto_openssl_mgt,MISSING,N/A,Kotlin/JDK collections+stdlib+BC/Conscrypt stand in for C Tor lib/*; no kotlin match,,
L1:lib/crypt_ops/crypto_pwbox.c,1_module,lib/crypt_ops,crypto_pwbox.c,crypto_pwbox,core/src/main/kotlin/org/kotlintor/trunnel/Pwbox.kt,N/A,Kotlin/JDK collections+stdlib+BC/Conscrypt stand in for C Tor lib/*; matched 1 path(s),,
L1:lib/crypt_ops/crypto_rand.c,1_module,lib/crypt_ops,crypto_rand.c,crypto_rand,MISSING,N/A,Kotlin/JDK collections+stdlib+BC/Conscrypt stand in for C Tor lib/*; no kotlin match,,
L1:lib/crypt_ops/crypto_rand_fast.c,1_module,lib/crypt_ops,crypto_rand_fast.c,crypto_rand_fast,MISSING,N/A,Kotlin/JDK collections+stdlib+BC/Conscrypt stand in for C Tor lib/*; no kotlin match,,
L1:lib/crypt_ops/crypto_rand_numeric.c,1_module,lib/crypt_ops,crypto_rand_numeric.c,crypto_rand_numeric,MISSING,N/A,Kotlin/JDK collections+stdlib+BC/Conscrypt stand in for C Tor lib/*; no kotlin match,,
L1:lib/crypt_ops/crypto_rsa.c,1_module,lib/crypt_ops,crypto_rsa.c,crypto_rsa,MISSING,N/A,Kotlin/JDK collections+stdlib+BC/Conscrypt stand in for C Tor lib/*; no kotlin match,,
L1:lib/crypt_ops/crypto_rsa_nss.c,1_module,lib/crypt_ops,crypto_rsa_nss.c,crypto_rsa_nss,MISSING,N/A,Kotlin/JDK collections+stdlib+BC/Conscrypt stand in for C Tor lib/*; no kotlin match,,
L1:lib/crypt_ops/crypto_rsa_openssl.c,1_module,lib/crypt_ops,crypto_rsa_openssl.c,crypto_rsa_openssl,MISSING,N/A,Kotlin/JDK collections+stdlib+BC/Conscrypt stand in for C Tor lib/*; no kotlin match,,
L1:lib/crypt_ops/crypto_s2k.c,1_module,lib/crypt_ops,crypto_s2k.c,crypto_s2k,MISSING,N/A,Kotlin/JDK collections+stdlib+BC/Conscrypt stand in for C Tor lib/*; no kotlin match,,
L1:lib/crypt_ops/crypto_util.c,1_module,lib/crypt_ops,crypto_util.c,crypto_util,MISSING,N/A,Kotlin/JDK collections+stdlib+BC/Conscrypt stand in for C Tor lib/*; no kotlin match,,
L1:lib/crypt_ops/digestset.c,1_module,lib/crypt_ops,digestset.c,digestset,core/src/main/kotlin/org/kotlintor/crypto/Digest.kt,N/A,Kotlin/JDK collections+stdlib+BC/Conscrypt stand in for C Tor lib/*; matched 1 path(s),,
L1:lib/ctime/di_ops.c,1_module,lib/ctime,di_ops.c,di_ops,MISSING,N/A,Kotlin/JDK collections+stdlib+BC/Conscrypt stand in for C Tor lib/*; no kotlin match,,
L1:lib/dispatch/dispatch_cfg.c,1_module,lib/dispatch,dispatch_cfg.c,dispatch_cfg,MISSING,N/A,Kotlin/JDK collections+stdlib+BC/Conscrypt stand in for C Tor lib/*; no kotlin match,,
L1:lib/dispatch/dispatch_core.c,1_module,lib/dispatch,dispatch_core.c,dispatch_core,MISSING,N/A,Kotlin/JDK collections+stdlib+BC/Conscrypt stand in for C Tor lib/*; no kotlin match,,
L1:lib/dispatch/dispatch_naming.c,1_module,lib/dispatch,dispatch_naming.c,dispatch_naming,MISSING,N/A,Kotlin/JDK collections+stdlib+BC/Conscrypt stand in for C Tor lib/*; no kotlin match,,
L1:lib/dispatch/dispatch_new.c,1_module,lib/dispatch,dispatch_new.c,dispatch_new,MISSING,N/A,Kotlin/JDK collections+stdlib+BC/Conscrypt stand in for C Tor lib/*; no kotlin match,,
L1:lib/encoding/binascii.c,1_module,lib/encoding,binascii.c,binascii,MISSING,N/A,Kotlin/JDK collections+stdlib+BC/Conscrypt stand in for C Tor lib/*; no kotlin match,,
L1:lib/encoding/confline.c,1_module,lib/encoding,confline.c,confline,MISSING,N/A,Kotlin/JDK collections+stdlib+BC/Conscrypt stand in for C Tor lib/*; no kotlin match,,
L1:lib/encoding/cstring.c,1_module,lib/encoding,cstring.c,cstring,MISSING,N/A,Kotlin/JDK collections+stdlib+BC/Conscrypt stand in for C Tor lib/*; no kotlin match,,
L1:lib/encoding/keyval.c,1_module,lib/encoding,keyval.c,keyval,MISSING,N/A,Kotlin/JDK collections+stdlib+BC/Conscrypt stand in for C Tor lib/*; no kotlin match,,
L1:lib/encoding/kvline.c,1_module,lib/encoding,kvline.c,kvline,MISSING,N/A,Kotlin/JDK collections+stdlib+BC/Conscrypt stand in for C Tor lib/*; no kotlin match,,
L1:lib/encoding/pem.c,1_module,lib/encoding,pem.c,pem,MISSING,N/A,Kotlin/JDK collections+stdlib+BC/Conscrypt stand in for C Tor lib/*; no kotlin match,,
L1:lib/encoding/qstring.c,1_module,lib/encoding,qstring.c,qstring,MISSING,N/A,Kotlin/JDK collections+stdlib+BC/Conscrypt stand in for C Tor lib/*; no kotlin match,,
L1:lib/encoding/time_fmt.c,1_module,lib/encoding,time_fmt.c,time_fmt,MISSING,N/A,Kotlin/JDK collections+stdlib+BC/Conscrypt stand in for C Tor lib/*; no kotlin match,,
L1:lib/err/backtrace.c,1_module,lib/err,backtrace.c,backtrace,MISSING,N/A,Kotlin/JDK collections+stdlib+BC/Conscrypt stand in for C Tor lib/*; no kotlin match,,
L1:lib/err/torerr.c,1_module,lib/err,torerr.c,torerr,MISSING,N/A,Kotlin/JDK collections+stdlib+BC/Conscrypt stand in for C Tor lib/*; no kotlin match,,
L1:lib/err/torerr_sys.c,1_module,lib/err,torerr_sys.c,torerr_sys,MISSING,N/A,Kotlin/JDK collections+stdlib+BC/Conscrypt stand in for C Tor lib/*; no kotlin match,,
L1:lib/evloop/compat_libevent.c,1_module,lib/evloop,compat_libevent.c,compat_libevent,MISSING,N/A,Kotlin/JDK collections+stdlib+BC/Conscrypt stand in for C Tor lib/*; no kotlin match,,
L1:lib/evloop/evloop_sys.c,1_module,lib/evloop,evloop_sys.c,evloop_sys,MISSING,N/A,Kotlin/JDK collections+stdlib+BC/Conscrypt stand in for C Tor lib/*; no kotlin match,,
L1:lib/evloop/procmon.c,1_module,lib/evloop,procmon.c,procmon,MISSING,N/A,Kotlin/JDK collections+stdlib+BC/Conscrypt stand in for C Tor lib/*; no kotlin match,,
L1:lib/evloop/timers.c,1_module,lib/evloop,timers.c,timers,MISSING,N/A,Kotlin/JDK collections+stdlib+BC/Conscrypt stand in for C Tor lib/*; no kotlin match,,
L1:lib/evloop/token_bucket.c,1_module,lib/evloop,token_bucket.c,token_bucket,MISSING,N/A,Kotlin/JDK collections+stdlib+BC/Conscrypt stand in for C Tor lib/*; no kotlin match,,
L1:lib/evloop/workqueue.c,1_module,lib/evloop,workqueue.c,workqueue,MISSING,N/A,Kotlin/JDK collections+stdlib+BC/Conscrypt stand in for C Tor lib/*; no kotlin match,,
L1:lib/fdio/fdio.c,1_module,lib/fdio,fdio.c,fdio,MISSING,N/A,Kotlin/JDK collections+stdlib+BC/Conscrypt stand in for C Tor lib/*; no kotlin match,,
L1:lib/fs/conffile.c,1_module,lib/fs,conffile.c,conffile,MISSING,N/A,Kotlin/JDK collections+stdlib+BC/Conscrypt stand in for C Tor lib/*; no kotlin match,,
L1:lib/fs/dir.c,1_module,lib/fs,dir.c,dir,core/src/main/kotlin/org/kotlintor/dir/DirVote.kt;core/src/main/kotlin/org/kotlintor/dir/DirAuthQuorum.kt;core/src/main/kotlin/org/kotlintor/dir/DirAuthVoteGossip.kt;core/src/main/kotlin/org/kotlintor/dir/DirList.kt;core/src/main/kotlin/org/kotlintor/dir/DirAuthAndClientModes.kt,N/A,Kotlin/JDK collections+stdlib+BC/Conscrypt stand in for C Tor lib/*; matched 22 path(s),,
L1:lib/fs/files.c,1_module,lib/fs,files.c,files,MISSING,N/A,Kotlin/JDK collections+stdlib+BC/Conscrypt stand in for C Tor lib/*; no kotlin match,,
L1:lib/fs/freespace.c,1_module,lib/fs,freespace.c,freespace,MISSING,N/A,Kotlin/JDK collections+stdlib+BC/Conscrypt stand in for C Tor lib/*; no kotlin match,,
L1:lib/fs/lockfile.c,1_module,lib/fs,lockfile.c,lockfile,MISSING,N/A,Kotlin/JDK collections+stdlib+BC/Conscrypt stand in for C Tor lib/*; no kotlin match,,
L1:lib/fs/mmap.c,1_module,lib/fs,mmap.c,mmap,MISSING,N/A,Kotlin/JDK collections+stdlib+BC/Conscrypt stand in for C Tor lib/*; no kotlin match,,
L1:lib/fs/path.c,1_module,lib/fs,path.c,path,core/src/main/kotlin/org/kotlintor/config/PathBiasOptions.kt;core/src/main/kotlin/org/kotlintor/circuit/CryptPath.kt;core/src/main/kotlin/org/kotlintor/path/PathBias.kt;core/src/main/kotlin/org/kotlintor/path/PathSelector.kt;core/src/main/kotlin/org/kotlintor/path/CircPathBias.kt,N/A,Kotlin/JDK collections+stdlib+BC/Conscrypt stand in for C Tor lib/*; matched 7 path(s),,
L1:lib/fs/storagedir.c,1_module,lib/fs,storagedir.c,storagedir,MISSING,N/A,Kotlin/JDK collections+stdlib+BC/Conscrypt stand in for C Tor lib/*; no kotlin match,,
L1:lib/fs/userdb.c,1_module,lib/fs,userdb.c,userdb,MISSING,N/A,Kotlin/JDK collections+stdlib+BC/Conscrypt stand in for C Tor lib/*; no kotlin match,,
L1:lib/fs/winlib.c,1_module,lib/fs,winlib.c,winlib,MISSING,N/A,Kotlin/JDK collections+stdlib+BC/Conscrypt stand in for C Tor lib/*; no kotlin match,,
L1:lib/geoip/geoip.c,1_module,lib/geoip,geoip.c,geoip,core/src/main/kotlin/org/kotlintor/dir/*;core/src/main/kotlin/org/kotlintor/stats/*;core/src/main/kotlin/org/kotlintor/dir/GeoIp.kt;core/src/main/kotlin/org/kotlintor/stats/GeoIpStats.kt;core/src/main/kotlin/org/kotlintor/stats/GeoipStats.kt,N/A,Kotlin/JDK collections+stdlib+BC/Conscrypt stand in for C Tor lib/*; matched 6 path(s),,
L1:lib/intmath/addsub.c,1_module,lib/intmath,addsub.c,addsub,MISSING,N/A,Kotlin/JDK collections+stdlib+BC/Conscrypt stand in for C Tor lib/*; no kotlin match,,
L1:lib/intmath/bits.c,1_module,lib/intmath,bits.c,bits,MISSING,N/A,Kotlin/JDK collections+stdlib+BC/Conscrypt stand in for C Tor lib/*; no kotlin match,,
L1:lib/intmath/muldiv.c,1_module,lib/intmath,muldiv.c,muldiv,MISSING,N/A,Kotlin/JDK collections+stdlib+BC/Conscrypt stand in for C Tor lib/*; no kotlin match,,
L1:lib/intmath/weakrng.c,1_module,lib/intmath,weakrng.c,weakrng,MISSING,N/A,Kotlin/JDK collections+stdlib+BC/Conscrypt stand in for C Tor lib/*; no kotlin match,,
L1:lib/llharden/winprocess_sys.c,1_module,lib/llharden,winprocess_sys.c,winprocess_sys,MISSING,N/A,Kotlin/JDK collections+stdlib+BC/Conscrypt stand in for C Tor lib/*; no kotlin match,,
L1:lib/lock/compat_mutex.c,1_module,lib/lock,compat_mutex.c,compat_mutex,MISSING,N/A,Kotlin/JDK collections+stdlib+BC/Conscrypt stand in for C Tor lib/*; no kotlin match,,
L1:lib/lock/compat_mutex_pthreads.c,1_module,lib/lock,compat_mutex_pthreads.c,compat_mutex_pthreads,MISSING,N/A,Kotlin/JDK collections+stdlib+BC/Conscrypt stand in for C Tor lib/*; no kotlin match,,
L1:lib/lock/compat_mutex_winthreads.c,1_module,lib/lock,compat_mutex_winthreads.c,compat_mutex_winthreads,MISSING,N/A,Kotlin/JDK collections+stdlib+BC/Conscrypt stand in for C Tor lib/*; no kotlin match,,
L1:lib/log/escape.c,1_module,lib/log,escape.c,escape,MISSING,N/A,Kotlin/JDK collections+stdlib+BC/Conscrypt stand in for C Tor lib/*; no kotlin match,,
L1:lib/log/log.c,1_module,lib/log,log.c,log,MISSING,N/A,Kotlin/JDK collections+stdlib+BC/Conscrypt stand in for C Tor lib/*; no kotlin match,,
L1:lib/log/log_sys.c,1_module,lib/log,log_sys.c,log_sys,MISSING,N/A,Kotlin/JDK collections+stdlib+BC/Conscrypt stand in for C Tor lib/*; no kotlin match,,
L1:lib/log/ratelim.c,1_module,lib/log,ratelim.c,ratelim,MISSING,N/A,Kotlin/JDK collections+stdlib+BC/Conscrypt stand in for C Tor lib/*; no kotlin match,,
L1:lib/log/util_bug.c,1_module,lib/log,util_bug.c,util_bug,MISSING,N/A,Kotlin/JDK collections+stdlib+BC/Conscrypt stand in for C Tor lib/*; no kotlin match,,
L1:lib/log/win32err.c,1_module,lib/log,win32err.c,win32err,MISSING,N/A,Kotlin/JDK collections+stdlib+BC/Conscrypt stand in for C Tor lib/*; no kotlin match,,
L1:lib/malloc/malloc.c,1_module,lib/malloc,malloc.c,malloc,MISSING,N/A,Kotlin/JDK collections+stdlib+BC/Conscrypt stand in for C Tor lib/*; no kotlin match,,
L1:lib/malloc/map_anon.c,1_module,lib/malloc,map_anon.c,map_anon,MISSING,N/A,Kotlin/JDK collections+stdlib+BC/Conscrypt stand in for C Tor lib/*; no kotlin match,,
L1:lib/math/fp.c,1_module,lib/math,fp.c,fp,core/src/main/kotlin/org/kotlintor/dir/FpPair.kt,N/A,Kotlin/JDK collections+stdlib+BC/Conscrypt stand in for C Tor lib/*; matched 1 path(s),,
L1:lib/math/laplace.c,1_module,lib/math,laplace.c,laplace,MISSING,N/A,Kotlin/JDK collections+stdlib+BC/Conscrypt stand in for C Tor lib/*; no kotlin match,,
L1:lib/math/prob_distr.c,1_module,lib/math,prob_distr.c,prob_distr,MISSING,N/A,Kotlin/JDK collections+stdlib+BC/Conscrypt stand in for C Tor lib/*; no kotlin match,,
L1:lib/memarea/memarea.c,1_module,lib/memarea,memarea.c,memarea,MISSING,N/A,Kotlin/JDK collections+stdlib+BC/Conscrypt stand in for C Tor lib/*; no kotlin match,,
L1:lib/meminfo/meminfo.c,1_module,lib/meminfo,meminfo.c,meminfo,MISSING,N/A,Kotlin/JDK collections+stdlib+BC/Conscrypt stand in for C Tor lib/*; no kotlin match,,
L1:lib/metrics/metrics_common.c,1_module,lib/metrics,metrics_common.c,metrics_common,core/src/main/kotlin/org/kotlintor/metrics/Metrics.kt,N/A,Kotlin/JDK collections+stdlib+BC/Conscrypt stand in for C Tor lib/*; matched 1 path(s),,
L1:lib/metrics/metrics_store.c,1_module,lib/metrics,metrics_store.c,metrics_store,core/src/main/kotlin/org/kotlintor/metrics/Metrics.kt,N/A,Kotlin/JDK collections+stdlib+BC/Conscrypt stand in for C Tor lib/*; matched 1 path(s),,
L1:lib/metrics/metrics_store_entry.c,1_module,lib/metrics,metrics_store_entry.c,metrics_store_entry,core/src/main/kotlin/org/kotlintor/metrics/Metrics.kt,N/A,Kotlin/JDK collections+stdlib+BC/Conscrypt stand in for C Tor lib/*; matched 1 path(s),,
L1:lib/metrics/prometheus.c,1_module,lib/metrics,prometheus.c,prometheus,MISSING,N/A,Kotlin/JDK collections+stdlib+BC/Conscrypt stand in for C Tor lib/*; no kotlin match,,
L1:lib/net/address.c,1_module,lib/net,address.c,address,core/src/main/kotlin/org/kotlintor/net/*;core/src/main/kotlin/org/kotlintor/net/AddressSet.kt;core/src/main/kotlin/org/kotlintor/net/PrivateAddresses.kt;core/src/main/kotlin/org/kotlintor/net/AddressMap.kt,N/A,Kotlin/JDK collections+stdlib+BC/Conscrypt stand in for C Tor lib/*; matched 4 path(s),,
L1:lib/net/alertsock.c,1_module,lib/net,alertsock.c,alertsock,MISSING,N/A,Kotlin/JDK collections+stdlib+BC/Conscrypt stand in for C Tor lib/*; no kotlin match,,
L1:lib/net/buffers_net.c,1_module,lib/net,buffers_net.c,buffers_net,MISSING,N/A,Kotlin/JDK collections+stdlib+BC/Conscrypt stand in for C Tor lib/*; no kotlin match,,
L1:lib/net/gethostname.c,1_module,lib/net,gethostname.c,gethostname,MISSING,N/A,Kotlin/JDK collections+stdlib+BC/Conscrypt stand in for C Tor lib/*; no kotlin match,,
L1:lib/net/inaddr.c,1_module,lib/net,inaddr.c,inaddr,MISSING,N/A,Kotlin/JDK collections+stdlib+BC/Conscrypt stand in for C Tor lib/*; no kotlin match,,
L1:lib/net/network_sys.c,1_module,lib/net,network_sys.c,network_sys,MISSING,N/A,Kotlin/JDK collections+stdlib+BC/Conscrypt stand in for C Tor lib/*; no kotlin match,,
L1:lib/net/resolve.c,1_module,lib/net,resolve.c,resolve,core/src/main/kotlin/org/kotlintor/net/ResolveAddr.kt;core/src/main/kotlin/org/kotlintor/net/dns/DnssecStubResolver.kt,N/A,Kotlin/JDK collections+stdlib+BC/Conscrypt stand in for C Tor lib/*; matched 2 path(s),,
L1:lib/net/socket.c,1_module,lib/net,socket.c,socket,core/src/main/kotlin/org/kotlintor/os/LinuxSocketMarkProtector.kt;core/src/main/kotlin/org/kotlintor/net/WebSocketFrame.kt,N/A,Kotlin/JDK collections+stdlib+BC/Conscrypt stand in for C Tor lib/*; matched 2 path(s),,
L1:lib/net/socketpair.c,1_module,lib/net,socketpair.c,socketpair,MISSING,N/A,Kotlin/JDK collections+stdlib+BC/Conscrypt stand in for C Tor lib/*; no kotlin match,,
L1:lib/osinfo/libc.c,1_module,lib/osinfo,libc.c,libc,MISSING,N/A,Kotlin/JDK collections+stdlib+BC/Conscrypt stand in for C Tor lib/*; no kotlin match,,
L1:lib/osinfo/uname.c,1_module,lib/osinfo,uname.c,uname,MISSING,N/A,Kotlin/JDK collections+stdlib+BC/Conscrypt stand in for C Tor lib/*; no kotlin match,,
L1:lib/process/daemon.c,1_module,lib/process,daemon.c,daemon,core/src/main/kotlin/org/kotlintor/TorDaemon.kt;core/src/main/kotlin/org/kotlintor/dir/TorDaemonDirAuthCluster.kt,N/A,Kotlin/JDK collections+stdlib+BC/Conscrypt stand in for C Tor lib/*; matched 2 path(s),,
L1:lib/process/env.c,1_module,lib/process,env.c,env,MISSING,N/A,Kotlin/JDK collections+stdlib+BC/Conscrypt stand in for C Tor lib/*; no kotlin match,,
L1:lib/process/pidfile.c,1_module,lib/process,pidfile.c,pidfile,MISSING,N/A,Kotlin/JDK collections+stdlib+BC/Conscrypt stand in for C Tor lib/*; no kotlin match,,
L1:lib/process/process.c,1_module,lib/process,process.c,process,core/src/main/kotlin/org/kotlintor/config/ProcessOptions.kt;core/src/main/kotlin/org/kotlintor/dir/ProcessDescsAndAuthMode.kt;core/src/main/kotlin/org/kotlintor/dir/ProcessDescs.kt,N/A,Kotlin/JDK collections+stdlib+BC/Conscrypt stand in for C Tor lib/*; matched 3 path(s),,
L1:lib/process/process_sys.c,1_module,lib/process,process_sys.c,process_sys,MISSING,N/A,Kotlin/JDK collections+stdlib+BC/Conscrypt stand in for C Tor lib/*; no kotlin match,,
L1:lib/process/process_unix.c,1_module,lib/process,process_unix.c,process_unix,MISSING,N/A,Kotlin/JDK collections+stdlib+BC/Conscrypt stand in for C Tor lib/*; no kotlin match,,
L1:lib/process/process_win32.c,1_module,lib/process,process_win32.c,process_win32,MISSING,N/A,Kotlin/JDK collections+stdlib+BC/Conscrypt stand in for C Tor lib/*; no kotlin match,,
L1:lib/process/restrict.c,1_module,lib/process,restrict.c,restrict,MISSING,N/A,Kotlin/JDK collections+stdlib+BC/Conscrypt stand in for C Tor lib/*; no kotlin match,,
L1:lib/process/setuid.c,1_module,lib/process,setuid.c,setuid,MISSING,N/A,Kotlin/JDK collections+stdlib+BC/Conscrypt stand in for C Tor lib/*; no kotlin match,,
L1:lib/process/waitpid.c,1_module,lib/process,waitpid.c,waitpid,MISSING,N/A,Kotlin/JDK collections+stdlib+BC/Conscrypt stand in for C Tor lib/*; no kotlin match,,
L1:lib/pubsub/pubsub_build.c,1_module,lib/pubsub,pubsub_build.c,pubsub_build,MISSING,N/A,Kotlin/JDK collections+stdlib+BC/Conscrypt stand in for C Tor lib/*; no kotlin match,,
L1:lib/pubsub/pubsub_check.c,1_module,lib/pubsub,pubsub_check.c,pubsub_check,MISSING,N/A,Kotlin/JDK collections+stdlib+BC/Conscrypt stand in for C Tor lib/*; no kotlin match,,
L1:lib/pubsub/pubsub_publish.c,1_module,lib/pubsub,pubsub_publish.c,pubsub_publish,MISSING,N/A,Kotlin/JDK collections+stdlib+BC/Conscrypt stand in for C Tor lib/*; no kotlin match,,
L1:lib/sandbox/sandbox.c,1_module,lib/sandbox,sandbox.c,sandbox,core/src/main/kotlin/org/kotlintor/os/LinuxSandbox.kt;core/src/main/kotlin/org/kotlintor/os/SeccompBpf.kt,N/A,Kotlin/JDK collections+stdlib+BC/Conscrypt stand in for C Tor lib/*; matched 2 path(s),,
L1:lib/smartlist_core/smartlist_core.c,1_module,lib/smartlist_core,smartlist_core.c,smartlist_core,MISSING,N/A,Kotlin/JDK collections+stdlib+BC/Conscrypt stand in for C Tor lib/*; no kotlin match,,
L1:lib/smartlist_core/smartlist_split.c,1_module,lib/smartlist_core,smartlist_split.c,smartlist_split,MISSING,N/A,Kotlin/JDK collections+stdlib+BC/Conscrypt stand in for C Tor lib/*; no kotlin match,,
L1:lib/string/compat_ctype.c,1_module,lib/string,compat_ctype.c,compat_ctype,MISSING,N/A,Kotlin/JDK collections+stdlib+BC/Conscrypt stand in for C Tor lib/*; no kotlin match,,
L1:lib/string/compat_string.c,1_module,lib/string,compat_string.c,compat_string,MISSING,N/A,Kotlin/JDK collections+stdlib+BC/Conscrypt stand in for C Tor lib/*; no kotlin match,,
L1:lib/string/parse_int.c,1_module,lib/string,parse_int.c,parse_int,MISSING,N/A,Kotlin/JDK collections+stdlib+BC/Conscrypt stand in for C Tor lib/*; no kotlin match,,
L1:lib/string/printf.c,1_module,lib/string,printf.c,printf,MISSING,N/A,Kotlin/JDK collections+stdlib+BC/Conscrypt stand in for C Tor lib/*; no kotlin match,,
L1:lib/string/scanf.c,1_module,lib/string,scanf.c,scanf,MISSING,N/A,Kotlin/JDK collections+stdlib+BC/Conscrypt stand in for C Tor lib/*; no kotlin match,,
L1:lib/string/util_string.c,1_module,lib/string,util_string.c,util_string,MISSING,N/A,Kotlin/JDK collections+stdlib+BC/Conscrypt stand in for C Tor lib/*; no kotlin match,,
L1:lib/term/getpass.c,1_module,lib/term,getpass.c,getpass,MISSING,N/A,Kotlin/JDK collections+stdlib+BC/Conscrypt stand in for C Tor lib/*; no kotlin match,,
L1:lib/thread/compat_pthreads.c,1_module,lib/thread,compat_pthreads.c,compat_pthreads,MISSING,N/A,Kotlin/JDK collections+stdlib+BC/Conscrypt stand in for C Tor lib/*; no kotlin match,,
L1:lib/thread/compat_threads.c,1_module,lib/thread,compat_threads.c,compat_threads,MISSING,N/A,Kotlin/JDK collections+stdlib+BC/Conscrypt stand in for C Tor lib/*; no kotlin match,,
L1:lib/thread/compat_winthreads.c,1_module,lib/thread,compat_winthreads.c,compat_winthreads,MISSING,N/A,Kotlin/JDK collections+stdlib+BC/Conscrypt stand in for C Tor lib/*; no kotlin match,,
L1:lib/thread/numcpus.c,1_module,lib/thread,numcpus.c,numcpus,MISSING,N/A,Kotlin/JDK collections+stdlib+BC/Conscrypt stand in for C Tor lib/*; no kotlin match,,
L1:lib/time/compat_time.c,1_module,lib/time,compat_time.c,compat_time,MISSING,N/A,Kotlin/JDK collections+stdlib+BC/Conscrypt stand in for C Tor lib/*; no kotlin match,,
L1:lib/time/time_sys.c,1_module,lib/time,time_sys.c,time_sys,MISSING,N/A,Kotlin/JDK collections+stdlib+BC/Conscrypt stand in for C Tor lib/*; no kotlin match,,
L1:lib/time/tvdiff.c,1_module,lib/time,tvdiff.c,tvdiff,MISSING,N/A,Kotlin/JDK collections+stdlib+BC/Conscrypt stand in for C Tor lib/*; no kotlin match,,
L1:lib/tls/buffers_tls.c,1_module,lib/tls,buffers_tls.c,buffers_tls,MISSING,N/A,Kotlin/JDK collections+stdlib+BC/Conscrypt stand in for C Tor lib/*; no kotlin match,,
L1:lib/tls/nss_countbytes.c,1_module,lib/tls,nss_countbytes.c,nss_countbytes,core/src/main/kotlin/org/kotlintor/util/Bytes.kt,N/A,Kotlin/JDK collections+stdlib+BC/Conscrypt stand in for C Tor lib/*; matched 1 path(s),,
L1:lib/tls/tortls.c,1_module,lib/tls,tortls.c,tortls,core/src/main/kotlin/org/kotlintor/link/TorSsl.kt,N/A,Kotlin/JDK collections+stdlib+BC/Conscrypt stand in for C Tor lib/*; matched 1 path(s),,
L1:lib/tls/tortls_nss.c,1_module,lib/tls,tortls_nss.c,tortls_nss,MISSING,N/A,Kotlin/JDK collections+stdlib+BC/Conscrypt stand in for C Tor lib/*; no kotlin match,,
L1:lib/tls/tortls_openssl.c,1_module,lib/tls,tortls_openssl.c,tortls_openssl,MISSING,N/A,Kotlin/JDK collections+stdlib+BC/Conscrypt stand in for C Tor lib/*; no kotlin match,,
L1:lib/tls/x509.c,1_module,lib/tls,x509.c,x509,MISSING,N/A,Kotlin/JDK collections+stdlib+BC/Conscrypt stand in for C Tor lib/*; no kotlin match,,
L1:lib/tls/x509_nss.c,1_module,lib/tls,x509_nss.c,x509_nss,MISSING,N/A,Kotlin/JDK collections+stdlib+BC/Conscrypt stand in for C Tor lib/*; no kotlin match,,
L1:lib/tls/x509_openssl.c,1_module,lib/tls,x509_openssl.c,x509_openssl,MISSING,N/A,Kotlin/JDK collections+stdlib+BC/Conscrypt stand in for C Tor lib/*; no kotlin match,,
L1:lib/trace/trace.c,1_module,lib/trace,trace.c,trace,core/src/main/kotlin/org/kotlintor/circuit/TraceProbesCircuit.kt,N/A,Kotlin/JDK collections+stdlib+BC/Conscrypt stand in for C Tor lib/*; matched 1 path(s),,
L1:lib/trace/trace_stub.c,1_module,lib/trace,trace_stub.c,trace_stub,MISSING,N/A,Kotlin/JDK collections+stdlib+BC/Conscrypt stand in for C Tor lib/*; no kotlin match,,
L1:lib/trace/trace_sys.c,1_module,lib/trace,trace_sys.c,trace_sys,MISSING,N/A,Kotlin/JDK collections+stdlib+BC/Conscrypt stand in for C Tor lib/*; no kotlin match,,
L1:lib/version/git_revision.c,1_module,lib/version,git_revision.c,git_revision,MISSING,N/A,Kotlin/JDK collections+stdlib+BC/Conscrypt stand in for C Tor lib/*; no kotlin match,,
L1:lib/version/version.c,1_module,lib/version,version.c,version,core/src/main/kotlin/org/kotlintor/dir/Versions.kt;core/src/main/kotlin/org/kotlintor/or/TorVersion.kt,N/A,Kotlin/JDK collections+stdlib+BC/Conscrypt stand in for C Tor lib/*; matched 2 path(s),,
L1:lib/wallclock/approx_time.c,1_module,lib/wallclock,approx_time.c,approx_time,MISSING,N/A,Kotlin/JDK collections+stdlib+BC/Conscrypt stand in for C Tor lib/*; no kotlin match,,
L1:lib/wallclock/time_to_tm.c,1_module,lib/wallclock,time_to_tm.c,time_to_tm,MISSING,N/A,Kotlin/JDK collections+stdlib+BC/Conscrypt stand in for C Tor lib/*; no kotlin match,,
L1:lib/wallclock/tor_gettimeofday.c,1_module,lib/wallclock,tor_gettimeofday.c,tor_gettimeofday,MISSING,N/A,Kotlin/JDK collections+stdlib+BC/Conscrypt stand in for C Tor lib/*; no kotlin match,,
L1:trunnel/channelpadding_negotiation.c,1_module,trunnel,channelpadding_negotiation.c,channelpadding_negotiation,core/src/main/kotlin/org/kotlintor/trunnel/ChannelpaddingNegotiation.kt;core/src/main/kotlin/org/kotlintor/link/ChannelPadding.kt;core/src/main/kotlin/org/kotlintor/link/Channel.kt,D3,TrunnelElevationTest + channelpadding_negotiation naming primary vs channelpadding_negotiation.c; matched 3 path(s),full trunnel generated 1:1 thinner,
L1:trunnel/circpad_negotiation.c,1_module,trunnel,circpad_negotiation.c,circpad_negotiation,core/src/main/kotlin/org/kotlintor/trunnel/CircpadNegotiation.kt;core/src/main/kotlin/org/kotlintor/circuit/CircpadNegotiate.kt,D3,TrunnelElevationTest + circpad_negotiation naming primary vs circpad_negotiation.c; matched 2 path(s),full trunnel generated 1:1 thinner,
L1:trunnel/conflux.c,1_module,trunnel,conflux.c,conflux,core/src/main/kotlin/org/kotlintor/circuit/Conflux.kt;core/src/main/kotlin/org/kotlintor/circuit/ConfluxScheduler.kt;core/src/main/kotlin/org/kotlintor/circuit/ConfluxParams.kt;core/src/main/kotlin/org/kotlintor/circuit/ConfluxCell.kt;core/src/main/kotlin/org/kotlintor/circuit/ConfluxUtil.kt,D3,MainloopChannelCircuitClientElevationTest + Conflux set/cells vs conflux.c; matched 9 path(s),full multipath DATA reordering / leg failure thinner,
L1:trunnel/congestion_control.c,1_module,trunnel,congestion_control.c,congestion_control,core/src/main/kotlin/org/kotlintor/trunnel/CongestionControl.kt;core/src/main/kotlin/org/kotlintor/circuit/CongestionControl.kt;core/src/main/kotlin/org/kotlintor/circuit/CongestionControlFlow.kt;core/src/main/kotlin/org/kotlintor/circuit/CongestionControlVegas.kt;core/src/main/kotlin/org/kotlintor/circuit/CongestionControlCommon.kt,D3,TrunnelElevationTest + congestion_control naming primary vs congestion_control.c; matched 6 path(s),full trunnel generated 1:1 thinner,
L1:trunnel/ed25519_cert.c,1_module,trunnel,ed25519_cert.c,ed25519_cert,core/src/main/kotlin/org/kotlintor/hs/Ed25519Cert.kt,D3,TrunnelElevationTest + Ed25519Cert vs ed25519_cert.c; matched 1 path(s),full prop220 extension matrix thinner,
L1:trunnel/extension.c,1_module,trunnel,extension.c,extension,core/src/main/kotlin/org/kotlintor/trunnel/Extension.kt;core/src/main/kotlin/org/kotlintor/circuit/CircuitExtensions.kt,D3,TrunnelElevationTest + extension naming primary vs extension.c; matched 2 path(s),full trunnel generated 1:1 thinner,
L1:trunnel/flow_control_cells.c,1_module,trunnel,flow_control_cells.c,flow_control_cells,core/src/main/kotlin/org/kotlintor/trunnel/FlowControlCells.kt;core/src/main/kotlin/org/kotlintor/cell/Cell.kt;control/src/main/kotlin/org/kotlintor/control/Control.kt,D3,TrunnelElevationTest + flow_control_cells naming primary vs flow_control_cells.c; matched 3 path(s),full trunnel generated 1:1 thinner,
L1:trunnel/cell_establish_intro.c,1_module,trunnel,cell_establish_intro.c,cell_establish_intro,core/src/main/kotlin/org/kotlintor/trunnel/CellEstablishIntro.kt;core/src/main/kotlin/org/kotlintor/cell/Cell.kt,D3,TrunnelElevationTest + cell_establish_intro naming primary vs cell_establish_intro.c; matched 2 path(s),full trunnel generated 1:1 thinner,
L1:trunnel/cell_introduce1.c,1_module,trunnel,cell_introduce1.c,cell_introduce1,core/src/main/kotlin/org/kotlintor/trunnel/CellIntroduce1.kt;core/src/main/kotlin/org/kotlintor/cell/Cell.kt,D3,TrunnelElevationTest + cell_introduce1 naming primary vs cell_introduce1.c; matched 2 path(s),full trunnel generated 1:1 thinner,
L1:trunnel/cell_rendezvous.c,1_module,trunnel,cell_rendezvous.c,cell_rendezvous,core/src/main/kotlin/org/kotlintor/trunnel/CellRendezvous.kt;core/src/main/kotlin/org/kotlintor/cell/Cell.kt,D3,TrunnelElevationTest + cell_rendezvous naming primary vs cell_rendezvous.c; matched 2 path(s),full trunnel generated 1:1 thinner,
L1:trunnel/link_handshake.c,1_module,trunnel,link_handshake.c,link_handshake,core/src/main/kotlin/org/kotlintor/trunnel/LinkHandshake.kt,D3,TrunnelElevationTest + LinkHandshake vs link_handshake.c; matched 1 path(s),full CERTS/AUTHENTICATE trunnel thinner,
L1:trunnel/netinfo.c,1_module,trunnel,netinfo.c,netinfo,core/src/main/kotlin/org/kotlintor/trunnel/Netinfo.kt,D3,TrunnelElevationTest + Netinfo vs netinfo.c; matched 1 path(s),full netinfo address lists thinner,
L1:trunnel/pwbox.c,1_module,trunnel,pwbox.c,pwbox,core/src/main/kotlin/org/kotlintor/trunnel/Pwbox.kt,D3,TrunnelElevationTest + Pwbox vs pwbox.c; matched 1 path(s),password-box unused on JVM thinner,
L1:trunnel/sendme_cell.c,1_module,trunnel,sendme_cell.c,sendme_cell,core/src/main/kotlin/org/kotlintor/trunnel/SendmeCell.kt;core/src/main/kotlin/org/kotlintor/cell/Cell.kt;core/src/main/kotlin/org/kotlintor/circuit/Sendme.kt,D3,TrunnelElevationTest + sendme_cell naming primary vs sendme_cell.c; matched 3 path(s),full trunnel generated 1:1 thinner,
L1:trunnel/socks5.c,1_module,trunnel,socks5.c,socks5,core/src/main/kotlin/org/kotlintor/trunnel/Socks5.kt;core/src/main/kotlin/org/kotlintor/net/Socks5Extended.kt;proxy/src/main/kotlin/org/kotlintor/proxy/Socks5Server.kt,D3,TrunnelElevationTest + Socks5 vs socks5.c; matched 3 path(s),full socks5 trunnel 1:1 thinner,
L1:trunnel/subproto_request.c,1_module,trunnel,subproto_request.c,subproto_request,core/src/main/kotlin/org/kotlintor/trunnel/SubprotoRequest.kt,D3,TrunnelElevationTest + subproto_request naming primary vs subproto_request.c; matched 1 path(s),full trunnel generated 1:1 thinner,
L2:core/or/hsdir_index_t,2_type,core/or,hsdir_index_t,HsdirIndex,core/src/main/kotlin/org/kotlintor/or/HsDirIndex.kt,D3,L2StructElevationTest + HsDirIndex vs hsdir_index_t,full hsdir index blind thinner,
L2:core/or/channel_t,2_type,core/or,channel_t,Channel,core/src/main/kotlin/org/kotlintor/link/OrChannel.kt,D3,L2StructElevationTest + OrChannel vs channel_t,full channel scheduler hooks thinner,
L2:core/or/channel_listener_t,2_type,core/or,channel_listener_t,ChannelListener,core/src/main/kotlin/org/kotlintor/or/ChannelListener.kt,D3,L2StructElevationTest + ChannelListener vs channel_listener_t,full listener accept bookkeeping thinner,
L2:core/or/channel_tls_t,2_type,core/or,channel_tls_t,Channells,core/src/main/kotlin/org/kotlintor/or/ChannelTls.kt,D3,L2StructElevationTest + or.ChannelTls vs channel_tls_t,full TLS channel scheduler thinner,
L2:core/or/circuitmux_t,2_type,core/or,circuitmux_t,Circuitmux,core/src/main/kotlin/org/kotlintor/circuit/CircuitMux.kt,D3,L2StructElevationTest + CircuitMux/CellQueue vs circuitmux_t,full cmux policy / EWMA thinner,
L2:core/or/cell_t,2_type,core/or,cell_t,Cell,core/src/main/kotlin/org/kotlintor/cell/Cell.kt,D3,L2StructElevationTest + Cell vs cell_t,full var-cell / packing thinner,
L2:core/or/var_cell_t,2_type,core/or,var_cell_t,VarCell,core/src/main/kotlin/org/kotlintor/or/VarCell.kt,D3,L2StructElevationTest + VarCell vs var_cell_t,full var-cell packing thinner,
L2:core/or/packed_cell_t,2_type,core/or,packed_cell_t,PackedCell,core/src/main/kotlin/org/kotlintor/or/PackedCell.kt,D3,L2StructElevationTest + PackedCell vs packed_cell_t,full packed cell queue thinner,
L2:core/or/cell_queue_t,2_type,core/or,cell_queue_t,CellQueue,core/src/main/kotlin/org/kotlintor/circuit/CircuitMux.kt,D3,L2StructElevationTest + CellQueue vs cell_queue_t,full queue watermark thinner,
L2:core/or/destroy_cell_t,2_type,core/or,destroy_cell_t,DestroyCell,core/src/main/kotlin/org/kotlintor/or/DestroyCell.kt,D3,L2StructElevationTest + DestroyCell vs destroy_cell_t,full destroy reason matrix thinner,
L2:core/or/destroy_cell_queue_t,2_type,core/or,destroy_cell_queue_t,DestroyCellQueue,core/src/main/kotlin/org/kotlintor/circuit/CircuitMux.kt,D3,L2StructElevationTest + DestroyCellQueue vs destroy_cell_queue_t,full destroy queue watermark thinner,
L2:core/or/ext_or_cmd_t,2_type,core/or,ext_or_cmd_t,ExtOrCmd,core/src/main/kotlin/org/kotlintor/or/ExtOrCmd.kt,D3,L2StructElevationTest + ExtOrCmd vs ext_or_cmd_t,full ext_or command set thinner,
L2:core/or/socks_request_t,2_type,core/or,socks_request_t,SocksRequest,core/src/main/kotlin/org/kotlintor/or/SocksRequest.kt,D3,L2StructElevationTest + SocksRequest vs socks_request_t,full SOCKS isolation thinner,
L2:core/or/entry_port_cfg_t,2_type,core/or,entry_port_cfg_t,EntryPortCfg,core/src/main/kotlin/org/kotlintor/or/PortCfg.kt,D3,L2StructElevationTest + PortCfg vs entry_port_cfg_t,full isolation flag matrix thinner,
L2:core/or/server_port_cfg_t,2_type,core/or,server_port_cfg_t,ServerPortCfg,core/src/main/kotlin/org/kotlintor/or/PortCfg.kt,D3,L2StructElevationTest + PortCfg vs server_port_cfg_t,full server port cfg thinner,
L2:core/or/or_handshake_certs_t,2_type,core/or,or_handshake_certs_t,OrHandshakeCerts,core/src/main/kotlin/org/kotlintor/or/OrHandshakeCerts.kt,D3,L2StructElevationTest + OrHandshakeCerts vs or_handshake_certs_t,full cert chain validate thinner,
L2:core/or/or_handshake_state_t,2_type,core/or,or_handshake_state_t,OrHandshakeState,core/src/main/kotlin/org/kotlintor/or/OrHandshakeState.kt,D3,L2StructElevationTest + OrHandshakeState vs or_handshake_state_t,full OR handshake FSM thinner,
L2:core/or/connection_t,2_type,core/or,connection_t,Connection,core/src/main/kotlin/org/kotlintor/link/ConnectionSt.kt,D3,L2StructElevationTest + ConnectionSt vs connection_t,full connection subtype matrix thinner,
L2:core/or/control_connection_t,2_type,core/or,control_connection_t,ControlConnection,core/src/main/kotlin/org/kotlintor/link/ConnectionSt.kt,D3,L2StructElevationTest + ControlConnectionHandle vs control_connection_t,full control conn command queue thinner,
L2:core/or/dir_connection_t,2_type,core/or,dir_connection_t,DirConnection,core/src/main/kotlin/org/kotlintor/link/ConnectionSt.kt,D3,L2StructElevationTest + DirConnectionHandle vs dir_connection_t,full dir conn fetch state thinner,
L2:core/or/edge_connection_t,2_type,core/or,edge_connection_t,EdgeConnection,core/src/main/kotlin/org/kotlintor/link/ConnectionSt.kt;core/src/main/kotlin/org/kotlintor/circuit/ConnectionEdge.kt,D3,L2StructElevationTest + ConnectionSt edge vs edge_connection_t,full edge stream attach thinner,
L2:core/or/entry_connection_t,2_type,core/or,entry_connection_t,EntryConnection,core/src/main/kotlin/org/kotlintor/link/ConnectionSt.kt,D3,L2StructElevationTest + ConnectionSt entry vs entry_connection_t,full entry isolation thinner,
L2:core/or/listener_connection_t,2_type,core/or,listener_connection_t,ListenerConnection,core/src/main/kotlin/org/kotlintor/link/ConnectionSt.kt,D3,L2StructElevationTest + ConnectionSt listener vs listener_connection_t,full listener accept thinner,
L2:core/or/or_connection_t,2_type,core/or,or_connection_t,OrConnection,core/src/main/kotlin/org/kotlintor/link/OrConnection.kt,D3,L2StructElevationTest + OrConnection vs or_connection_t,full OR conn TLS state thinner,
L2:core/or/addr_policy_t,2_type,core/or,addr_policy_t,AddrPolicy,core/src/main/kotlin/org/kotlintor/net/NetworkPolicy.kt,D3,L2StructElevationTest + AddrPolicy vs addr_policy_t,full IPv6 / mask edge cases thinner,
L2:core/or/cached_dir_t,2_type,core/or,cached_dir_t,CachedDir,core/src/main/kotlin/org/kotlintor/or/CachedDir.kt,D3,L2StructElevationTest + CachedDir vs cached_dir_t,full cached dir compression thinner,
L2:core/or/download_status_t,2_type,core/or,download_status_t,DownloadStatus,core/src/main/kotlin/org/kotlintor/dir/DownloadStatus.kt,D3,L2StructElevationTest + DownloadStatus vs download_status_t,full dlstatus schedule matrix thinner,
L2:core/or/signed_descriptor_t,2_type,core/or,signed_descriptor_t,SignedDescriptor,core/src/main/kotlin/org/kotlintor/or/SignedDescriptor.kt,D3,L2StructElevationTest + SignedDescriptor vs signed_descriptor_t,full signed descriptor cache thinner,
L2:core/or/routerinfo_t,2_type,core/or,routerinfo_t,Routerinfo,core/src/main/kotlin/org/kotlintor/dir/RouterInfo.kt,D3,L2StructElevationTest + RouterInfo vs routerinfo_t,full routerinfo parse thinner,
L2:core/or/extrainfo_t,2_type,core/or,extrainfo_t,Extrainfo,core/src/main/kotlin/org/kotlintor/or/ExtraInfo.kt,D3,L2StructElevationTest + ExtraInfo vs extrainfo_t,full extrainfo parse thinner,
L2:core/or/routerstatus_t,2_type,core/or,routerstatus_t,Routerstatus,core/src/main/kotlin/org/kotlintor/dir/Consensus.kt,D3,L2StructElevationTest + RouterStatus vs routerstatus_t,full routerstatus flag matrix thinner,
L2:core/or/microdesc_t,2_type,core/or,microdesc_t,Microdesc,core/src/main/kotlin/org/kotlintor/dir/Microdesc.kt,D3,L2StructElevationTest + Microdesc vs microdesc_t,full microdesc field matrix thinner,
L2:core/or/node_t,2_type,core/or,node_t,Node,core/src/main/kotlin/org/kotlintor/dir/Node.kt,D3,L2StructElevationTest + Node vs node_t,full node flag / md attach thinner,
L2:core/or/vote_microdesc_hash_t,2_type,core/or,vote_microdesc_hash_t,VoteMicrodescHash,core/src/main/kotlin/org/kotlintor/or/VoteMicrodescHash.kt,D3,L2StructElevationTest + VoteMicrodescHash vs vote_microdesc_hash_t,full vote microdesc hash list thinner,
L2:core/or/vote_routerstatus_t,2_type,core/or,vote_routerstatus_t,VoteRouterstatus,core/src/main/kotlin/org/kotlintor/or/VoteRouterstatus.kt,D3,L2StructElevationTest + VoteRouterstatus vs vote_routerstatus_t,full vote routerstatus flags thinner,
L2:core/or/document_signature_t,2_type,core/or,document_signature_t,DocumentSignature,core/src/main/kotlin/org/kotlintor/or/DocumentSignature.kt,D3,L2StructElevationTest + DocumentSignature vs document_signature_t,full signature alg matrix thinner,
L2:core/or/networkstatus_voter_info_t,2_type,core/or,networkstatus_voter_info_t,NetworkstatusVoterInfo,core/src/main/kotlin/org/kotlintor/or/NetworkstatusVoterInfo.kt,D3,L2StructElevationTest + NetworkstatusVoterInfo vs networkstatus_voter_info_t,full voter info fields thinner,
L2:core/or/networkstatus_sr_info_t,2_type,core/or,networkstatus_sr_info_t,NetworkstatusSrInfo,core/src/main/kotlin/org/kotlintor/or/NetworkstatusSrInfo.kt,D3,L2StructElevationTest + NetworkstatusSrInfo vs networkstatus_sr_info_t,full SRV commit/reveal thinner,
L2:core/or/networkstatus_t,2_type,core/or,networkstatus_t,Networkstatus,core/src/main/kotlin/org/kotlintor/dir/NetworkStatus.kt,D3,L2StructElevationTest + NetworkStatus vs networkstatus_t,full networkstatus flavor matrix thinner,
L2:core/or/ns_detached_signatures_t,2_type,core/or,ns_detached_signatures_t,NsDetachedSignatures,core/src/main/kotlin/org/kotlintor/dir/DetachedSignatures.kt,D3,L2StructElevationTest + DetachedSignatures vs ns_detached_signatures_t,full detached sig collation thinner,
L2:core/or/desc_store_t,2_type,core/or,desc_store_t,DescStore,core/src/main/kotlin/org/kotlintor/or/DescStore.kt,D3,L2StructElevationTest + DescStore vs desc_store_t,full descriptor store journal thinner,
L2:core/or/routerlist_t,2_type,core/or,routerlist_t,Routerlist,core/src/main/kotlin/org/kotlintor/dir/RouterList.kt,D3,L2StructElevationTest + RouterList vs routerlist_t,full routerlist index thinner,
L2:core/or/extend_info_t,2_type,core/or,extend_info_t,ExtendInfo,core/src/main/kotlin/org/kotlintor/circuit/ExtendInfo.kt,D3,L2StructElevationTest + ExtendInfo vs extend_info_t,full IPv6 / ed25519 id thinner,
L2:core/or/authority_cert_t,2_type,core/or,authority_cert_t,AuthorityCert,core/src/main/kotlin/org/kotlintor/dir/AuthorityCert.kt,D3,L2StructElevationTest + AuthorityCert vs authority_cert_t,full cert lifetime / cross-cert thinner,
L2:core/or/onion_handshake_state_t,2_type,core/or,onion_handshake_state_t,OnionHandshakeState,core/src/main/kotlin/org/kotlintor/or/OnionHandshakeState.kt,D3,L2StructElevationTest + OnionHandshakeState vs onion_handshake_state_t,full onion handshake FSM thinner,
L2:core/or/relay_crypto_t,2_type,core/or,relay_crypto_t,RelayCrypto,core/src/main/kotlin/org/kotlintor/circuit/RelayCrypto.kt,D3,L2StructElevationTest + CircuitCrypto vs relay_crypto_t,full cgo/tor1 dispatch thinner,
L2:core/or/crypt_path_t,2_type,core/or,crypt_path_t,CryptPath,core/src/main/kotlin/org/kotlintor/circuit/CryptPath.kt,D3,L2StructElevationTest + CryptPath vs crypt_path_t,full cpath hop list thinner,
L2:core/or/crypt_path_reference_t,2_type,core/or,crypt_path_reference_t,CryptPathReference,core/src/main/kotlin/org/kotlintor/or/CryptPathReference.kt,D3,L2StructElevationTest + CryptPathReference vs crypt_path_reference_t,full cpath refcount thinner,
L2:core/or/cpath_build_state_t,2_type,core/or,cpath_build_state_t,CpathBuildState,core/src/main/kotlin/org/kotlintor/or/CpathBuildState.kt,D3,L2StructElevationTest + CpathBuildState vs cpath_build_state_t,full path-build exit choice thinner,
L2:core/or/circuit_t,2_type,core/or,circuit_t,Circuit,core/src/main/kotlin/org/kotlintor/circuit/Circuit.kt;core/src/main/kotlin/org/kotlintor/circuit/CircuitKind.kt,D3,L2StructElevationTest + Circuit vs circuit_t,full origin/or circuit subtype thinner,
L2:core/or/origin_circuit_t,2_type,core/or,origin_circuit_t,OriginCircuit,core/src/main/kotlin/org/kotlintor/circuit/CircuitKind.kt,D3,L2StructElevationTest + CircuitKind.Origin vs origin_circuit_t,full origin_circuit path thinner,
L2:core/or/or_circuit_t,2_type,core/or,or_circuit_t,OrCircuit,core/src/main/kotlin/org/kotlintor/circuit/CircuitKind.kt,D3,L2StructElevationTest + CircuitKind.Or vs or_circuit_t,full or_circuit p/n chan thinner,
L2:core/or/port_cfg_t,2_type,core/or,port_cfg_t,PortCfg,core/src/main/kotlin/org/kotlintor/or/PortCfg.kt,D3,L2StructElevationTest + PortCfg vs port_cfg_t,full port cfg matrix thinner,
L2:core/or/routerset_t,2_type,core/or,routerset_t,Routerset,core/src/main/kotlin/org/kotlintor/dir/RouterSet.kt,D3,L2StructElevationTest + RouterSet vs routerset_t,full routerset matching thinner,
L2:core/or/or_options_t,2_type,core/or,or_options_t,OrOptions,core/src/main/kotlin/org/kotlintor/config/TorConfig.kt,D3,L2StructElevationTest + TorConfig/OrOptionsMultiAuth vs or_options_t,full or_options_t field matrix thinner; see L4,
L2:core/or/or_state_t,2_type,core/or,or_state_t,OrState,core/src/main/kotlin/org/kotlintor/config/OrState.kt,D3,L2StructElevationTest + OrState vs or_state_t,full statefile field matrix thinner,
L2:core/or/circuit_build_times_t,2_type,core/or,circuit_build_times_t,CircuitBuildimes,core/src/main/kotlin/org/kotlintor/or/CircuitBuildTimes.kt,D3,L2StructElevationTest + CircuitBuildTimes vs circuit_build_times_t,full CBT quantile / close timeout thinner,
L2:core/or/vote_timing_t,2_type,core/or,vote_timing_t,Voteiming,core/src/main/kotlin/org/kotlintor/or/VoteTiming.kt,D3,L2StructElevationTest + VoteTiming vs vote_timing_t,full vote timing intervals thinner,
L2:core/or/microdesc_cache_t,2_type,core/or,microdesc_cache_t,MicrodescCache,core/src/main/kotlin/org/kotlintor/or/MicrodescCache.kt,D3,L2StructElevationTest + MicrodescCache vs microdesc_cache_t,full microdesc journal thinner,
L2:core/or/dir_server_t,2_type,core/or,dir_server_t,DirServer,core/src/main/kotlin/org/kotlintor/dir/DirList.kt,D3,L2StructElevationTest + DirServer vs dir_server_t,full dir_server weight / type thinner,
L2:core/or/tor_version_t,2_type,core/or,tor_version_t,TorVersion,core/src/main/kotlin/org/kotlintor/or/TorVersion.kt,D3,L2StructElevationTest + TorVersion vs tor_version_t,full version compare thinner,
L2:app/config/or_options_t,2_type,app/config,or_options_t,OrOptions,core/src/main/kotlin/org/kotlintor/config/TorConfig.kt,D3,L2StructElevationTest + TorConfig/OrOptionsMultiAuth vs or_options_t,full or_options_t field matrix thinner; see L4,
L2:app/config/or_state_t,2_type,app/config,or_state_t,OrState,core/src/main/kotlin/org/kotlintor/config/OrState.kt,D3,L2StructElevationTest + OrState vs or_state_t,full statefile field matrix thinner,
L2:core/crypto/cgo_pair_t,2_type,core/crypto,cgo_pair_t,CgoPair,core/src/main/kotlin/org/kotlintor/crypto/Cgo.kt,D3,L2StructElevationTest + Cgo vs cgo_pair_t,full CGO pair state thinner,
L2:core/crypto/relay_crypto_t,2_type,core/crypto,relay_crypto_t,RelayCrypto,core/src/main/kotlin/org/kotlintor/circuit/RelayCrypto.kt,D3,L2StructElevationTest + CircuitCrypto vs relay_crypto_t,full cgo/tor1 dispatch thinner,
L2:core/crypto/tor1_crypt_t,2_type,core/crypto,tor1_crypt_t,Tor1Crypt,core/src/main/kotlin/org/kotlintor/circuit/Tor1Crypt.kt,D3,L2StructElevationTest + Tor1Crypt vs tor1_crypt_t,full tor1 digest/cipher state thinner,
L2:core/mainloop/mainloop_state_t,2_type,core/mainloop,mainloop_state_t,MainloopState,core/src/main/kotlin/org/kotlintor/mainloop/MainloopState.kt,D3,L2StructElevationTest + MainloopState vs mainloop_state_t,full mainloop tick / event matrix thinner,
L2:core/or/conflux_leg_t,2_type,core/or,conflux_leg_t,ConfluxLeg,core/src/main/kotlin/org/kotlintor/or/ConfluxLeg.kt,D3,L2StructElevationTest + ConfluxLeg vs conflux_leg_t,full conflux seq / UX thinner,
L2:core/or/conflux_params_t,2_type,core/or,conflux_params_t,ConfluxParams,core/src/main/kotlin/org/kotlintor/or/ConfluxParamsSt.kt,D3,L2StructElevationTest + ConfluxParamsSt vs conflux_params_t,full conflux consensus params thinner,
L2:core/or/conflux_t,2_type,core/or,conflux_t,Conflux,core/src/main/kotlin/org/kotlintor/circuit/Conflux.kt,D3,L2StructElevationTest + ConfluxSet vs conflux_t,full multi-leg set switch thinner,
L2:core/or/congestion_control_t,2_type,core/or,congestion_control_t,CongestionControl,core/src/main/kotlin/org/kotlintor/circuit/CongestionControl.kt,D3,L2StructElevationTest + CongestionControl vs congestion_control_t,full Vegas param matrix thinner,
L2:core/or/vegas_params_t,2_type,core/or,vegas_params_t,VegasParams,core/src/main/kotlin/org/kotlintor/or/VegasParams.kt,D3,L2StructElevationTest + VegasParams vs vegas_params_t,full Vegas consensus params thinner,
L2:core/or/dos_options_t,2_type,core/or,dos_options_t,DosOptions,core/src/main/kotlin/org/kotlintor/relay/DosOptions.kt,D3,L2StructElevationTest + DosOptions vs dos_options_t,full DoS option matrix thinner,
L2:core/or/half_edge_t,2_type,core/or,half_edge_t,HalfEdge,core/src/main/kotlin/org/kotlintor/circuit/CircuitMux.kt,D3,L2StructElevationTest + CircuitMux half_edge vs half_edge_t,full half-edge stream end thinner,
L2:core/or/relay_msg_t,2_type,core/or,relay_msg_t,RelayMsg,core/src/main/kotlin/org/kotlintor/or/RelayMsg.kt,D3,L2StructElevationTest + RelayMsg vs relay_msg_t,full relay msg decode thinner,
L2:feature/control/control_cmd_args_t,2_type,feature/control,control_cmd_args_t,ControlCmdArgs,core/src/main/kotlin/org/kotlintor/or/ControlCmdArgs.kt,D3,L2StructElevationTest + ControlCmdArgs vs control_cmd_args_t,full control arg parse thinner,
L2:feature/control/control_connection_t,2_type,feature/control,control_connection_t,ControlConnection,core/src/main/kotlin/org/kotlintor/link/ConnectionSt.kt,D3,L2StructElevationTest + ControlConnectionHandle vs control_connection_t,full control conn command queue thinner,
L2:feature/dirauth/dirauth_options_t,2_type,feature/dirauth,dirauth_options_t,DirauthOptions,core/src/main/kotlin/org/kotlintor/dir/DirAuthConfig.kt,D3,L2StructElevationTest + DirAuthOptions vs dirauth_options_t,full dirauth option matrix thinner,
L2:feature/dirauth/ns_detached_signatures_t,2_type,feature/dirauth,ns_detached_signatures_t,NsDetachedSignatures,core/src/main/kotlin/org/kotlintor/dir/DetachedSignatures.kt,D3,L2StructElevationTest + DetachedSignatures vs ns_detached_signatures_t,full detached sig collation thinner,
L2:feature/dirauth/vote_microdesc_hash_t,2_type,feature/dirauth,vote_microdesc_hash_t,VoteMicrodescHash,core/src/main/kotlin/org/kotlintor/or/VoteMicrodescHash.kt,D3,L2StructElevationTest + VoteMicrodescHash vs vote_microdesc_hash_t,full vote microdesc hash list thinner,
L2:feature/dircache/cached_dir_t,2_type,feature/dircache,cached_dir_t,CachedDir,core/src/main/kotlin/org/kotlintor/or/CachedDir.kt,D3,L2StructElevationTest + CachedDir vs cached_dir_t,full cached dir compression thinner,
L2:feature/dirclient/dir_server_t,2_type,feature/dirclient,dir_server_t,DirServer,core/src/main/kotlin/org/kotlintor/dir/DirList.kt,D3,L2StructElevationTest + DirServer vs dir_server_t,full dir_server weight / type thinner,
L2:feature/dirclient/download_status_t,2_type,feature/dirclient,download_status_t,DownloadStatus,core/src/main/kotlin/org/kotlintor/dir/DownloadStatus.kt,D3,L2StructElevationTest + DownloadStatus vs download_status_t,full dlstatus schedule matrix thinner,
L2:feature/dircommon/dir_connection_t,2_type,feature/dircommon,dir_connection_t,DirConnection,core/src/main/kotlin/org/kotlintor/link/ConnectionSt.kt,D3,L2StructElevationTest + DirConnectionHandle vs dir_connection_t,full dir conn fetch state thinner,
L2:feature/dircommon/vote_timing_t,2_type,feature/dircommon,vote_timing_t,Voteiming,core/src/main/kotlin/org/kotlintor/or/VoteTiming.kt,D3,L2StructElevationTest + VoteTiming vs vote_timing_t,full vote timing intervals thinner,
L2:feature/hs/hs_opts_t,2_type,feature/hs,hs_opts_t,HsOpts,core/src/main/kotlin/org/kotlintor/hs/HsCommonConfigDos.kt,D3,L2StructElevationTest + HsOpts vs hs_opts_t,full hs_opts_t field matrix thinner,
L2:feature/hs/hsdir_index_t,2_type,feature/hs,hsdir_index_t,HsdirIndex,core/src/main/kotlin/org/kotlintor/or/HsDirIndex.kt,D3,L2StructElevationTest + HsDirIndex vs hsdir_index_t,full hsdir index blind thinner,
L2:feature/nodelist/authority_cert_t,2_type,feature/nodelist,authority_cert_t,AuthorityCert,core/src/main/kotlin/org/kotlintor/dir/AuthorityCert.kt,D3,L2StructElevationTest + AuthorityCert vs authority_cert_t,full cert lifetime / cross-cert thinner,
L2:feature/nodelist/desc_store_t,2_type,feature/nodelist,desc_store_t,DescStore,core/src/main/kotlin/org/kotlintor/or/DescStore.kt,D3,L2StructElevationTest + DescStore vs desc_store_t,full descriptor store journal thinner,
L2:feature/nodelist/document_signature_t,2_type,feature/nodelist,document_signature_t,DocumentSignature,core/src/main/kotlin/org/kotlintor/or/DocumentSignature.kt,D3,L2StructElevationTest + DocumentSignature vs document_signature_t,full signature alg matrix thinner,
L2:feature/nodelist/extrainfo_t,2_type,feature/nodelist,extrainfo_t,Extrainfo,core/src/main/kotlin/org/kotlintor/or/ExtraInfo.kt,D3,L2StructElevationTest + ExtraInfo vs extrainfo_t,full extrainfo parse thinner,
L2:feature/nodelist/microdesc_t,2_type,feature/nodelist,microdesc_t,Microdesc,core/src/main/kotlin/org/kotlintor/dir/Microdesc.kt,D3,L2StructElevationTest + Microdesc vs microdesc_t,full microdesc field matrix thinner,
L2:feature/nodelist/networkstatus_sr_info_t,2_type,feature/nodelist,networkstatus_sr_info_t,NetworkstatusSrInfo,core/src/main/kotlin/org/kotlintor/or/NetworkstatusSrInfo.kt,D3,L2StructElevationTest + NetworkstatusSrInfo vs networkstatus_sr_info_t,full SRV commit/reveal thinner,
L2:feature/nodelist/networkstatus_t,2_type,feature/nodelist,networkstatus_t,Networkstatus,core/src/main/kotlin/org/kotlintor/dir/NetworkStatus.kt,D3,L2StructElevationTest + NetworkStatus vs networkstatus_t,full networkstatus flavor matrix thinner,
L2:feature/nodelist/networkstatus_voter_info_t,2_type,feature/nodelist,networkstatus_voter_info_t,NetworkstatusVoterInfo,core/src/main/kotlin/org/kotlintor/or/NetworkstatusVoterInfo.kt,D3,L2StructElevationTest + NetworkstatusVoterInfo vs networkstatus_voter_info_t,full voter info fields thinner,
L2:feature/nodelist/node_t,2_type,feature/nodelist,node_t,Node,core/src/main/kotlin/org/kotlintor/dir/Node.kt,D3,L2StructElevationTest + Node vs node_t,full node flag / md attach thinner,
L2:feature/nodelist/nodefamily_t,2_type,feature/nodelist,nodefamily_t,Nodefamily,core/src/main/kotlin/org/kotlintor/dir/NodeFamily.kt,D3,L2StructElevationTest + NodeFamily vs nodefamily_t,full family intern thinner,
L2:feature/nodelist/routerinfo_t,2_type,feature/nodelist,routerinfo_t,Routerinfo,core/src/main/kotlin/org/kotlintor/dir/RouterInfo.kt,D3,L2StructElevationTest + RouterInfo vs routerinfo_t,full routerinfo parse thinner,
L2:feature/nodelist/routerlist_t,2_type,feature/nodelist,routerlist_t,Routerlist,core/src/main/kotlin/org/kotlintor/dir/RouterList.kt,D3,L2StructElevationTest + RouterList vs routerlist_t,full routerlist index thinner,
L2:feature/nodelist/routerstatus_t,2_type,feature/nodelist,routerstatus_t,Routerstatus,core/src/main/kotlin/org/kotlintor/dir/Consensus.kt,D3,L2StructElevationTest + RouterStatus vs routerstatus_t,full routerstatus flag matrix thinner,
L2:feature/nodelist/signed_descriptor_t,2_type,feature/nodelist,signed_descriptor_t,SignedDescriptor,core/src/main/kotlin/org/kotlintor/or/SignedDescriptor.kt,D3,L2StructElevationTest + SignedDescriptor vs signed_descriptor_t,full signed descriptor cache thinner,
L2:feature/nodelist/vote_routerstatus_t,2_type,feature/nodelist,vote_routerstatus_t,VoteRouterstatus,core/src/main/kotlin/org/kotlintor/or/VoteRouterstatus.kt,D3,L2StructElevationTest + VoteRouterstatus vs vote_routerstatus_t,full vote routerstatus flags thinner,
L2:feature/stats/bw_array_t,2_type,feature/stats,bw_array_t,BwArray,core/src/main/kotlin/org/kotlintor/relay/BwHist.kt,D3,L2StructElevationTest + BwHist.BwArray vs bw_array_t,full observation-slot export thinner,
L2:lib/confmgt/var_type_def_t,2_type,lib/confmgt,var_type_def_t,VarypeDef,N/A,N/A,from lib/confmgt/var_type_def_st.h; lib/ not product-surface,JVM uses BC/JDK; C Tor lib/* not 1:1,
L2:lib/confmgt/var_type_fns_t,2_type,lib/confmgt,var_type_fns_t,VarypeFns,N/A,N/A,from lib/confmgt/var_type_def_st.h; lib/ not product-surface,JVM uses BC/JDK; C Tor lib/* not 1:1,
L2:lib/container/mapped_name_t,2_type,lib/container,mapped_name_t,MappedName,N/A,N/A,from lib/container/namemap_st.h; lib/ not product-surface,JVM uses BC/JDK; C Tor lib/* not 1:1,
L2:lib/container/namemap_t,2_type,lib/container,namemap_t,Namemap,N/A,N/A,from lib/container/namemap_st.h; lib/ not product-surface,JVM uses BC/JDK; C Tor lib/* not 1:1,
L2:lib/crypt_ops/crypto_options_t,2_type,lib/crypt_ops,crypto_options_t,CryptoOptions,N/A,N/A,from lib/crypt_ops/crypto_options_st.h; lib/ not product-surface,JVM uses BC/JDK; C Tor lib/* not 1:1,
L2:lib/dispatch/dispatch_cfg_t,2_type,lib/dispatch,dispatch_cfg_t,DispatchCfg,N/A,N/A,from lib/dispatch/dispatch_cfg_st.h; lib/ not product-surface,JVM uses BC/JDK; C Tor lib/* not 1:1,
L2:lib/dispatch/dispatch_rcv_t,2_type,lib/dispatch,dispatch_rcv_t,DispatchRcv,N/A,N/A,from lib/dispatch/dispatch_st.h; lib/ not product-surface,JVM uses BC/JDK; C Tor lib/* not 1:1,
L2:lib/dispatch/dispatch_t,2_type,lib/dispatch,dispatch_t,Dispatch,N/A,N/A,from lib/dispatch/dispatch_st.h; lib/ not product-surface,JVM uses BC/JDK; C Tor lib/* not 1:1,
L2:lib/dispatch/dqueue_t,2_type,lib/dispatch,dqueue_t,Dqueue,N/A,N/A,from lib/dispatch/dispatch_st.h; lib/ not product-surface,JVM uses BC/JDK; C Tor lib/* not 1:1,
L2:lib/dispatch/dtbl_entry_t,2_type,lib/dispatch,dtbl_entry_t,DtblEntry,N/A,N/A,from lib/dispatch/dispatch_st.h; lib/ not product-surface,JVM uses BC/JDK; C Tor lib/* not 1:1,
L2:lib/net/in6_addr,2_type,lib/net,in6_addr,In6Addr,N/A,N/A,from lib/net/inaddr_st.h; lib/ not product-surface,JVM uses BC/JDK; C Tor lib/* not 1:1,
L2:lib/net/inaddr_t,2_type,lib/net,inaddr_t,Inaddr,N/A,N/A,from lib/net/inaddr_st.h; lib/ not product-surface,JVM uses BC/JDK; C Tor lib/* not 1:1,
L2:lib/net/sockaddr_in6,2_type,lib/net,sockaddr_in6,SockaddrIn6,N/A,N/A,from lib/net/inaddr_st.h; lib/ not product-surface,JVM uses BC/JDK; C Tor lib/* not 1:1,
L2:lib/pubsub/pub_binding_t,2_type,lib/pubsub,pub_binding_t,PubBinding,N/A,N/A,from lib/pubsub/pub_binding_st.h; lib/ not product-surface,JVM uses BC/JDK; C Tor lib/* not 1:1,
L2:lib/pubsub/pubsub_adjmap_t,2_type,lib/pubsub,pubsub_adjmap_t,PubsubAdjmap,N/A,N/A,from lib/pubsub/pubsub_builder_st.h; lib/ not product-surface,JVM uses BC/JDK; C Tor lib/* not 1:1,
L2:lib/pubsub/pubsub_builder_t,2_type,lib/pubsub,pubsub_builder_t,PubsubBuilder,N/A,N/A,from lib/pubsub/pubsub_builder_st.h; lib/ not product-surface,JVM uses BC/JDK; C Tor lib/* not 1:1,
L2:lib/pubsub/pubsub_cfg_t,2_type,lib/pubsub,pubsub_cfg_t,PubsubCfg,N/A,N/A,from lib/pubsub/pubsub_builder_st.h; lib/ not product-surface,JVM uses BC/JDK; C Tor lib/* not 1:1,
L2:lib/pubsub/pubsub_connector_t,2_type,lib/pubsub,pubsub_connector_t,PubsubConnector,N/A,N/A,from lib/pubsub/pubsub_builder_st.h; lib/ not product-surface,JVM uses BC/JDK; C Tor lib/* not 1:1,
L2:lib/pubsub/pubsub_items_t,2_type,lib/pubsub,pubsub_items_t,PubsubItems,N/A,N/A,from lib/pubsub/pubsub_builder_st.h; lib/ not product-surface,JVM uses BC/JDK; C Tor lib/* not 1:1,
L2:lib/pubsub/pubsub_type_cfg_t,2_type,lib/pubsub,pubsub_type_cfg_t,PubsubypeCfg,N/A,N/A,from lib/pubsub/pubsub_builder_st.h; lib/ not product-surface,JVM uses BC/JDK; C Tor lib/* not 1:1,
L2:lib/tls/tor_tls_context_t,2_type,lib/tls,tor_tls_context_t,TorlsContext,N/A,N/A,from lib/tls/tortls_st.h; lib/ not product-surface,JVM uses BC/JDK; C Tor lib/* not 1:1,
L2:lib/tls/tor_tls_t,2_type,lib/tls,tor_tls_t,Torls,N/A,N/A,from lib/tls/tortls_st.h; lib/ not product-surface,JVM uses BC/JDK; C Tor lib/* not 1:1,
L2:lib/tls/tortls_t,2_type,lib/tls,tortls_t,Tortls,N/A,N/A,from lib/tls/tortls_st.h; lib/ not product-surface,JVM uses BC/JDK; C Tor lib/* not 1:1,
L3:core/or/address_set_add,3_op,core/or,address_set_add,address_set.h,core/src/main/kotlin/org/kotlintor/net/AddressSet.kt,D3,L3OpElevationTest + AddressSet.add,bloom FPP tuning thinner,
L3:core/or/address_set_add_ipv4h,3_op,core/or,address_set_add_ipv4h,address_set.h,core/src/main/kotlin/org/kotlintor/net/AddressSet.kt,D3,L3OpElevationTest + AddressSet.addIpv4h,IPv6 set thinner,
L3:core/or/address_set_new,3_op,core/or,address_set_new,address_set.h,core/src/main/kotlin/org/kotlintor/net/AddressSet.kt,D3,L3OpElevationTest + AddressSet.new,sizing heuristics thinner,
L3:core/or/address_set_probably_contains,3_op,core/or,address_set_probably_contains,address_set.h,core/src/main/kotlin/org/kotlintor/net/AddressSet.kt,D3,L3OpElevationTest + AddressSet.probablyContains,FPP audit thinner,
L3:core/or/channel_add_to_digest_map,3_op,core/or,channel_add_to_digest_map,channel.h,core/src/main/kotlin/org/kotlintor/link/Channel.kt;core/src/main/kotlin/org/kotlintor/link/ChannelScheduler.kt;core/src/main/kotlin/org/kotlintor/link/ChannelPadding.kt;core/src/main/kotlin/org/kotlintor/link/OrChannel.kt;core/src/main/kotlin/org/kotlintor/link/ChannelTls.kt,D3,L3OpElevationTest + Channel.addToDigestMap,ed25519 id map thinner,
L3:core/or/channel_change_state,3_op,core/or,channel_change_state,channel.h,core/src/main/kotlin/org/kotlintor/link/Channel.kt;core/src/main/kotlin/org/kotlintor/link/ChannelScheduler.kt;core/src/main/kotlin/org/kotlintor/link/ChannelPadding.kt;core/src/main/kotlin/org/kotlintor/link/OrChannel.kt;core/src/main/kotlin/org/kotlintor/link/ChannelTls.kt,D3,L3OpElevationTest + Channel.changeState,full state machine thinner,
L3:core/or/channel_change_state_open,3_op,core/or,channel_change_state_open,channel.h,core/src/main/kotlin/org/kotlintor/link/Channel.kt;core/src/main/kotlin/org/kotlintor/link/ChannelScheduler.kt;core/src/main/kotlin/org/kotlintor/link/ChannelPadding.kt;core/src/main/kotlin/org/kotlintor/link/OrChannel.kt;core/src/main/kotlin/org/kotlintor/link/ChannelTls.kt,D3,L3OpElevationTest + Channel.changeStateOpen,open-hook matrix thinner,
L3:core/or/channel_check_for_duplicates,3_op,core/or,channel_check_for_duplicates,channel.h,core/src/main/kotlin/org/kotlintor/link/Channel.kt;core/src/main/kotlin/org/kotlintor/link/ChannelScheduler.kt;core/src/main/kotlin/org/kotlintor/link/ChannelPadding.kt;core/src/main/kotlin/org/kotlintor/link/OrChannel.kt;core/src/main/kotlin/org/kotlintor/link/ChannelTls.kt,D3,L3OpElevationTest + Channel.checkForDuplicates,duplicate policy thinner,
L3:core/or/channel_clear_client,3_op,core/or,channel_clear_client,channel.h,core/src/main/kotlin/org/kotlintor/link/Channel.kt;core/src/main/kotlin/org/kotlintor/link/ChannelScheduler.kt;core/src/main/kotlin/org/kotlintor/link/ChannelPadding.kt;core/src/main/kotlin/org/kotlintor/link/OrChannel.kt;core/src/main/kotlin/org/kotlintor/link/ChannelTls.kt,D3,L3OpElevationTest + Channel.clearClient,client bit edge cases thinner,
L3:core/or/channel_clear_identity_digest,3_op,core/or,channel_clear_identity_digest,channel.h,core/src/main/kotlin/org/kotlintor/link/Channel.kt;core/src/main/kotlin/org/kotlintor/link/ChannelScheduler.kt;core/src/main/kotlin/org/kotlintor/link/ChannelPadding.kt;core/src/main/kotlin/org/kotlintor/link/OrChannel.kt;core/src/main/kotlin/org/kotlintor/link/ChannelTls.kt,D3,L3OpElevationTest + Channel.clearIdentityDigest,digest map races thinner,
L3:core/or/channel_clear_remote_end,3_op,core/or,channel_clear_remote_end,channel.h,core/src/main/kotlin/org/kotlintor/link/Channel.kt;core/src/main/kotlin/org/kotlintor/link/ChannelScheduler.kt;core/src/main/kotlin/org/kotlintor/link/ChannelPadding.kt;core/src/main/kotlin/org/kotlintor/link/OrChannel.kt;core/src/main/kotlin/org/kotlintor/link/ChannelTls.kt,D3,L3OpElevationTest + Channel.clearRemoteEnd,remote clear side effects thinner,
L3:core/or/channel_close_for_error,3_op,core/or,channel_close_for_error,channel.h,core/src/main/kotlin/org/kotlintor/link/Channel.kt;core/src/main/kotlin/org/kotlintor/link/ChannelScheduler.kt;core/src/main/kotlin/org/kotlintor/link/ChannelPadding.kt;core/src/main/kotlin/org/kotlintor/link/OrChannel.kt;core/src/main/kotlin/org/kotlintor/link/ChannelTls.kt,D3,L3OpElevationTest + Channel.closeForError,error close path thinner,
L3:core/or/channel_close_from_lower_layer,3_op,core/or,channel_close_from_lower_layer,channel.h,core/src/main/kotlin/org/kotlintor/link/Channel.kt;core/src/main/kotlin/org/kotlintor/link/ChannelScheduler.kt;core/src/main/kotlin/org/kotlintor/link/ChannelPadding.kt;core/src/main/kotlin/org/kotlintor/link/OrChannel.kt;core/src/main/kotlin/org/kotlintor/link/ChannelTls.kt,D3,L3OpElevationTest + Channel.closeFromLowerLayer,TLS lower-layer close thinner,
L3:core/or/channel_closed,3_op,core/or,channel_closed,channel.h,core/src/main/kotlin/org/kotlintor/link/Channel.kt;core/src/main/kotlin/org/kotlintor/link/ChannelScheduler.kt;core/src/main/kotlin/org/kotlintor/link/ChannelPadding.kt;core/src/main/kotlin/org/kotlintor/link/OrChannel.kt;core/src/main/kotlin/org/kotlintor/link/ChannelTls.kt,D3,L3OpElevationTest + Channel.closed,closed notify thinner,
L3:core/or/channel_connect,3_op,core/or,channel_connect,channel.h,core/src/main/kotlin/org/kotlintor/link/Channel.kt;core/src/main/kotlin/org/kotlintor/link/ChannelScheduler.kt;core/src/main/kotlin/org/kotlintor/link/ChannelPadding.kt;core/src/main/kotlin/org/kotlintor/link/OrChannel.kt;core/src/main/kotlin/org/kotlintor/link/ChannelTls.kt,D3,L3OpElevationTest + Channel.connect,async connect thinner,
L3:core/or/channel_describe_transport,3_op,core/or,channel_describe_transport,channel.h,core/src/main/kotlin/org/kotlintor/link/Channel.kt;core/src/main/kotlin/org/kotlintor/link/ChannelScheduler.kt;core/src/main/kotlin/org/kotlintor/link/ChannelPadding.kt;core/src/main/kotlin/org/kotlintor/link/OrChannel.kt;core/src/main/kotlin/org/kotlintor/link/ChannelTls.kt,D3,L3OpElevationTest + Channel.describeTransport,transport describe thinner,
L3:core/or/channel_do_open_actions,3_op,core/or,channel_do_open_actions,channel.h,core/src/main/kotlin/org/kotlintor/link/Channel.kt;core/src/main/kotlin/org/kotlintor/link/ChannelScheduler.kt;core/src/main/kotlin/org/kotlintor/link/ChannelPadding.kt;core/src/main/kotlin/org/kotlintor/link/OrChannel.kt;core/src/main/kotlin/org/kotlintor/link/ChannelTls.kt,D3,L3OpElevationTest + Channel.doOpenActions,open actions thinner,
L3:core/or/channel_dump_transport_statistics,3_op,core/or,channel_dump_transport_statistics,channel.h,core/src/main/kotlin/org/kotlintor/link/Channel.kt;core/src/main/kotlin/org/kotlintor/link/ChannelScheduler.kt;core/src/main/kotlin/org/kotlintor/link/ChannelPadding.kt;core/src/main/kotlin/org/kotlintor/link/OrChannel.kt;core/src/main/kotlin/org/kotlintor/link/ChannelTls.kt,D3,L3OpElevationTest + Channel.dumpTransportStatistics,stats dump thinner,
L3:core/or/channel_dumpstats,3_op,core/or,channel_dumpstats,channel.h,core/src/main/kotlin/org/kotlintor/link/Channel.kt;core/src/main/kotlin/org/kotlintor/link/ChannelScheduler.kt;core/src/main/kotlin/org/kotlintor/link/ChannelPadding.kt;core/src/main/kotlin/org/kotlintor/link/OrChannel.kt;core/src/main/kotlin/org/kotlintor/link/ChannelTls.kt,D3,L3OpElevationTest + Channel.dumpstats,dumpstats format thinner,
L3:core/or/channel_find_by_global_id,3_op,core/or,channel_find_by_global_id,channel.h,core/src/main/kotlin/org/kotlintor/link/Channel.kt;core/src/main/kotlin/org/kotlintor/link/ChannelScheduler.kt;core/src/main/kotlin/org/kotlintor/link/ChannelPadding.kt;core/src/main/kotlin/org/kotlintor/link/OrChannel.kt;core/src/main/kotlin/org/kotlintor/link/ChannelTls.kt,D3,L3OpElevationTest + Channel.findByGlobalId,gidmap thinner,
L3:core/or/channel_find_by_remote_identity,3_op,core/or,channel_find_by_remote_identity,channel.h,core/src/main/kotlin/org/kotlintor/link/Channel.kt;core/src/main/kotlin/org/kotlintor/link/ChannelScheduler.kt;core/src/main/kotlin/org/kotlintor/link/ChannelPadding.kt;core/src/main/kotlin/org/kotlintor/link/OrChannel.kt;core/src/main/kotlin/org/kotlintor/link/ChannelTls.kt,D3,L3OpElevationTest + Channel.findByRemoteIdentity,identity lookup thinner,
L3:core/or/channel_free_,3_op,core/or,channel_free_,channel.h,core/src/main/kotlin/org/kotlintor/link/Channel.kt;core/src/main/kotlin/org/kotlintor/link/ChannelScheduler.kt;core/src/main/kotlin/org/kotlintor/link/ChannelPadding.kt;core/src/main/kotlin/org/kotlintor/link/OrChannel.kt;core/src/main/kotlin/org/kotlintor/link/ChannelTls.kt,D3,L3OpElevationTest + Channel.free,free lifecycle thinner,
L3:core/or/channel_free_all,3_op,core/or,channel_free_all,channel.h,core/src/main/kotlin/org/kotlintor/link/Channel.kt;core/src/main/kotlin/org/kotlintor/link/ChannelScheduler.kt;core/src/main/kotlin/org/kotlintor/link/ChannelPadding.kt;core/src/main/kotlin/org/kotlintor/link/OrChannel.kt;core/src/main/kotlin/org/kotlintor/link/ChannelTls.kt,D3,L3OpElevationTest + Channel.freeAll,global free thinner,
L3:core/or/channel_get_cell_handler,3_op,core/or,channel_get_cell_handler,channel.h,core/src/main/kotlin/org/kotlintor/link/Channel.kt;core/src/main/kotlin/org/kotlintor/link/ChannelScheduler.kt;core/src/main/kotlin/org/kotlintor/link/ChannelPadding.kt;core/src/main/kotlin/org/kotlintor/link/OrChannel.kt;core/src/main/kotlin/org/kotlintor/link/ChannelTls.kt,D3,L3OpElevationTest + Channel.getCellHandler,handler install thinner,
L3:core/or/channel_has_queued_writes,3_op,core/or,channel_has_queued_writes,channel.h,core/src/main/kotlin/org/kotlintor/link/Channel.kt;core/src/main/kotlin/org/kotlintor/link/ChannelScheduler.kt;core/src/main/kotlin/org/kotlintor/link/ChannelPadding.kt;core/src/main/kotlin/org/kotlintor/link/OrChannel.kt;core/src/main/kotlin/org/kotlintor/link/ChannelTls.kt,D3,L3OpElevationTest + Channel.hasQueuedWrites,queue watermark thinner,
L3:core/or/channel_init,3_op,core/or,channel_init,channel.h,core/src/main/kotlin/org/kotlintor/link/Channel.kt;core/src/main/kotlin/org/kotlintor/link/ChannelScheduler.kt;core/src/main/kotlin/org/kotlintor/link/ChannelPadding.kt;core/src/main/kotlin/org/kotlintor/link/OrChannel.kt;core/src/main/kotlin/org/kotlintor/link/ChannelTls.kt,D3,L3OpElevationTest + Channel.init,init defaults thinner,
L3:core/or/channel_init_listener,3_op,core/or,channel_init_listener,channel.h,core/src/main/kotlin/org/kotlintor/link/Channel.kt;core/src/main/kotlin/org/kotlintor/link/ChannelScheduler.kt;core/src/main/kotlin/org/kotlintor/link/ChannelPadding.kt;core/src/main/kotlin/org/kotlintor/link/OrChannel.kt;core/src/main/kotlin/org/kotlintor/link/ChannelTls.kt,D3,L3OpElevationTest + Channel.initListener,init listener thinner,
L3:core/or/channel_is_bad_for_new_circs,3_op,core/or,channel_is_bad_for_new_circs,channel.h,core/src/main/kotlin/org/kotlintor/link/Channel.kt;core/src/main/kotlin/org/kotlintor/link/ChannelScheduler.kt;core/src/main/kotlin/org/kotlintor/link/ChannelPadding.kt;core/src/main/kotlin/org/kotlintor/link/OrChannel.kt;core/src/main/kotlin/org/kotlintor/link/ChannelTls.kt,D3,L3OpElevationTest + Channel.isBadForNewCircs,bad-for-circs policy thinner,
L3:core/or/channel_is_better,3_op,core/or,channel_is_better,channel.h,core/src/main/kotlin/org/kotlintor/link/Channel.kt;core/src/main/kotlin/org/kotlintor/link/ChannelScheduler.kt;core/src/main/kotlin/org/kotlintor/link/ChannelPadding.kt;core/src/main/kotlin/org/kotlintor/link/OrChannel.kt;core/src/main/kotlin/org/kotlintor/link/ChannelTls.kt,D3,L3OpElevationTest + Channel.isBetter,channel preference thinner,
L3:core/or/channelpadding_decide_to_pad_channel,3_op,core/or,channelpadding_decide_to_pad_channel,channelpadding.h,core/src/main/kotlin/org/kotlintor/link/ChannelPadding.kt;core/src/main/kotlin/org/kotlintor/link/PaddingNegotiate.kt;core/src/main/kotlin/org/kotlintor/link/Channel.kt;core/src/main/kotlin/org/kotlintor/trunnel/ChannelpaddingNegotiation.kt,D3,L3OpElevationTest + ChannelPadding.decideToPadChannel,full netflow decide thinner,
L3:core/or/channelpadding_disable_padding_on_channel,3_op,core/or,channelpadding_disable_padding_on_channel,channelpadding.h,core/src/main/kotlin/org/kotlintor/link/ChannelPadding.kt;core/src/main/kotlin/org/kotlintor/link/PaddingNegotiate.kt;core/src/main/kotlin/org/kotlintor/link/Channel.kt;core/src/main/kotlin/org/kotlintor/trunnel/ChannelpaddingNegotiation.kt,D3,L3OpElevationTest + ChannelPadding.disablePaddingOnChannel,negotiate STOP thinner,
L3:core/or/channelpadding_get_channel_idle_timeout,3_op,core/or,channelpadding_get_channel_idle_timeout,channelpadding.h,core/src/main/kotlin/org/kotlintor/link/ChannelPadding.kt;core/src/main/kotlin/org/kotlintor/link/PaddingNegotiate.kt;core/src/main/kotlin/org/kotlintor/link/Channel.kt;core/src/main/kotlin/org/kotlintor/trunnel/ChannelpaddingNegotiation.kt,D3,L3OpElevationTest + ChannelPadding.getChannelIdleTimeout,idle timeout consensus thinner,
L3:core/or/channelpadding_get_circuits_available_timeout,3_op,core/or,channelpadding_get_circuits_available_timeout,channelpadding.h,core/src/main/kotlin/org/kotlintor/link/ChannelPadding.kt;core/src/main/kotlin/org/kotlintor/link/PaddingNegotiate.kt;core/src/main/kotlin/org/kotlintor/link/Channel.kt;core/src/main/kotlin/org/kotlintor/trunnel/ChannelpaddingNegotiation.kt,D3,L3OpElevationTest + ChannelPadding.getCircuitsAvailableTimeout,circuits timeout thinner,
L3:core/or/channelpadding_log_heartbeat,3_op,core/or,channelpadding_log_heartbeat,channelpadding.h,core/src/main/kotlin/org/kotlintor/link/ChannelPadding.kt;core/src/main/kotlin/org/kotlintor/link/PaddingNegotiate.kt;core/src/main/kotlin/org/kotlintor/link/Channel.kt;core/src/main/kotlin/org/kotlintor/trunnel/ChannelpaddingNegotiation.kt,D3,L3OpElevationTest + ChannelPadding.logHeartbeat,heartbeat format thinner,
L3:core/or/channelpadding_new_consensus_params,3_op,core/or,channelpadding_new_consensus_params,channelpadding.h,core/src/main/kotlin/org/kotlintor/link/ChannelPadding.kt;core/src/main/kotlin/org/kotlintor/link/PaddingNegotiate.kt;core/src/main/kotlin/org/kotlintor/link/Channel.kt;core/src/main/kotlin/org/kotlintor/trunnel/ChannelpaddingNegotiation.kt,D3,L3OpElevationTest + ChannelPadding.newConsensusParams,pad consensus thinner,
L3:core/or/channelpadding_reduce_padding_on_channel,3_op,core/or,channelpadding_reduce_padding_on_channel,channelpadding.h,core/src/main/kotlin/org/kotlintor/link/ChannelPadding.kt;core/src/main/kotlin/org/kotlintor/link/PaddingNegotiate.kt;core/src/main/kotlin/org/kotlintor/link/Channel.kt;core/src/main/kotlin/org/kotlintor/trunnel/ChannelpaddingNegotiation.kt,D3,L3OpElevationTest + ChannelPadding.reducePaddingOnChannel,reduce pad thinner,
L3:core/or/channelpadding_send_enable_command,3_op,core/or,channelpadding_send_enable_command,channelpadding.h,core/src/main/kotlin/org/kotlintor/link/ChannelPadding.kt;core/src/main/kotlin/org/kotlintor/link/PaddingNegotiate.kt;core/src/main/kotlin/org/kotlintor/link/Channel.kt;core/src/main/kotlin/org/kotlintor/trunnel/ChannelpaddingNegotiation.kt,D3,L3OpElevationTest + ChannelPadding.sendEnableCommand,enable cmd thinner,
L3:core/or/channelpadding_update_padding_for_channel,3_op,core/or,channelpadding_update_padding_for_channel,channelpadding.h,core/src/main/kotlin/org/kotlintor/link/ChannelPadding.kt;core/src/main/kotlin/org/kotlintor/link/PaddingNegotiate.kt;core/src/main/kotlin/org/kotlintor/link/Channel.kt;core/src/main/kotlin/org/kotlintor/trunnel/ChannelpaddingNegotiation.kt,D3,L3OpElevationTest + ChannelPadding.updatePaddingForChannel,update pad thinner,
L3:core/or/channel_tls_common_init,3_op,core/or,channel_tls_common_init,channeltls.h,core/src/main/kotlin/org/kotlintor/link/ChannelTls.kt;core/src/main/kotlin/org/kotlintor/link/OrConnection.kt;core/src/main/kotlin/org/kotlintor/link/Channel.kt;core/src/main/kotlin/org/kotlintor/or/ChannelTls.kt,D3,L3OpElevationTest + ChannelTls.channelTlsCommonInit,tls common init thinner,
L3:core/or/channel_tls_connect,3_op,core/or,channel_tls_connect,channeltls.h,core/src/main/kotlin/org/kotlintor/link/ChannelTls.kt;core/src/main/kotlin/org/kotlintor/link/OrConnection.kt;core/src/main/kotlin/org/kotlintor/link/Channel.kt;core/src/main/kotlin/org/kotlintor/or/ChannelTls.kt,D3,L3OpElevationTest + ChannelTls.channelTlsConnect,tls connect thinner,
L3:core/or/channel_tls_free_all,3_op,core/or,channel_tls_free_all,channeltls.h,core/src/main/kotlin/org/kotlintor/link/ChannelTls.kt;core/src/main/kotlin/org/kotlintor/link/OrConnection.kt;core/src/main/kotlin/org/kotlintor/link/Channel.kt;core/src/main/kotlin/org/kotlintor/or/ChannelTls.kt,D3,L3OpElevationTest + ChannelTls.channelTlsFreeAll,tls free all thinner,
L3:core/or/channel_tls_from_base,3_op,core/or,channel_tls_from_base,channeltls.h,core/src/main/kotlin/org/kotlintor/link/ChannelTls.kt;core/src/main/kotlin/org/kotlintor/link/OrConnection.kt;core/src/main/kotlin/org/kotlintor/link/Channel.kt;core/src/main/kotlin/org/kotlintor/or/ChannelTls.kt,D3,L3OpElevationTest + ChannelTls.channelTlsFromBase,tls from base thinner,
L3:core/or/channel_tls_from_base_const,3_op,core/or,channel_tls_from_base_const,channeltls.h,core/src/main/kotlin/org/kotlintor/link/ChannelTls.kt;core/src/main/kotlin/org/kotlintor/link/OrConnection.kt;core/src/main/kotlin/org/kotlintor/link/Channel.kt;core/src/main/kotlin/org/kotlintor/or/ChannelTls.kt,D3,L3OpElevationTest + ChannelTls.channelTlsFromBaseConst,tls from base const thinner,
L3:core/or/channel_tls_get_listener,3_op,core/or,channel_tls_get_listener,channeltls.h,core/src/main/kotlin/org/kotlintor/link/ChannelTls.kt;core/src/main/kotlin/org/kotlintor/link/OrConnection.kt;core/src/main/kotlin/org/kotlintor/link/Channel.kt;core/src/main/kotlin/org/kotlintor/or/ChannelTls.kt,D3,L3OpElevationTest + ChannelTls.channelTlsGetListener,tls get listener thinner,
L3:core/or/channel_tls_handle_cell,3_op,core/or,channel_tls_handle_cell,channeltls.h,core/src/main/kotlin/org/kotlintor/link/ChannelTls.kt;core/src/main/kotlin/org/kotlintor/link/OrConnection.kt;core/src/main/kotlin/org/kotlintor/link/Channel.kt;core/src/main/kotlin/org/kotlintor/or/ChannelTls.kt,D3,L3OpElevationTest + ChannelTls.channelTlsHandleCell,tls handle cell thinner,
L3:core/or/channel_tls_handle_incoming,3_op,core/or,channel_tls_handle_incoming,channeltls.h,core/src/main/kotlin/org/kotlintor/link/ChannelTls.kt;core/src/main/kotlin/org/kotlintor/link/OrConnection.kt;core/src/main/kotlin/org/kotlintor/link/Channel.kt;core/src/main/kotlin/org/kotlintor/or/ChannelTls.kt,D3,L3OpElevationTest + ChannelTls.channelTlsHandleIncoming,tls incoming thinner,
L3:core/or/channel_tls_handle_state_change_on_orconn,3_op,core/or,channel_tls_handle_state_change_on_orconn,channeltls.h,core/src/main/kotlin/org/kotlintor/link/ChannelTls.kt;core/src/main/kotlin/org/kotlintor/link/OrConnection.kt;core/src/main/kotlin/org/kotlintor/link/Channel.kt;core/src/main/kotlin/org/kotlintor/or/ChannelTls.kt,D3,L3OpElevationTest + ChannelTls.channelTlsHandleStateChangeOnOrconn,tls state change thinner,
L3:core/or/channel_tls_handle_var_cell,3_op,core/or,channel_tls_handle_var_cell,channeltls.h,core/src/main/kotlin/org/kotlintor/link/ChannelTls.kt;core/src/main/kotlin/org/kotlintor/link/OrConnection.kt;core/src/main/kotlin/org/kotlintor/link/Channel.kt;core/src/main/kotlin/org/kotlintor/or/ChannelTls.kt,D3,L3OpElevationTest + ChannelTls.channelTlsHandleVarCell,tls var cell thinner,
L3:core/or/channel_tls_process_auth_challenge_cell,3_op,core/or,channel_tls_process_auth_challenge_cell,channeltls.h,core/src/main/kotlin/org/kotlintor/link/ChannelTls.kt;core/src/main/kotlin/org/kotlintor/link/OrConnection.kt;core/src/main/kotlin/org/kotlintor/link/Channel.kt;core/src/main/kotlin/org/kotlintor/or/ChannelTls.kt,D3,L3OpElevationTest + ChannelTls.channelTlsProcessAuthChallengeCell,tls auth challenge thinner,
L3:core/or/channel_tls_process_authenticate_cell,3_op,core/or,channel_tls_process_authenticate_cell,channeltls.h,core/src/main/kotlin/org/kotlintor/link/ChannelTls.kt;core/src/main/kotlin/org/kotlintor/link/OrConnection.kt;core/src/main/kotlin/org/kotlintor/link/Channel.kt;core/src/main/kotlin/org/kotlintor/or/ChannelTls.kt,D3,L3OpElevationTest + ChannelTls.channelTlsProcessAuthenticateCell,tls authenticate thinner,
L3:core/or/channel_tls_process_certs_cell,3_op,core/or,channel_tls_process_certs_cell,channeltls.h,core/src/main/kotlin/org/kotlintor/link/ChannelTls.kt;core/src/main/kotlin/org/kotlintor/link/OrConnection.kt;core/src/main/kotlin/org/kotlintor/link/Channel.kt;core/src/main/kotlin/org/kotlintor/or/ChannelTls.kt,D3,L3OpElevationTest + ChannelTls.channelTlsProcessCertsCell,tls certs thinner,
L3:core/or/channel_tls_start_listener,3_op,core/or,channel_tls_start_listener,channeltls.h,core/src/main/kotlin/org/kotlintor/link/ChannelTls.kt;core/src/main/kotlin/org/kotlintor/link/OrConnection.kt;core/src/main/kotlin/org/kotlintor/link/Channel.kt;core/src/main/kotlin/org/kotlintor/or/ChannelTls.kt,D3,L3OpElevationTest + ChannelTls.channelTlsStartListener,tls start listener thinner,
L3:core/or/channel_tls_to_base,3_op,core/or,channel_tls_to_base,channeltls.h,core/src/main/kotlin/org/kotlintor/link/ChannelTls.kt;core/src/main/kotlin/org/kotlintor/link/OrConnection.kt;core/src/main/kotlin/org/kotlintor/link/Channel.kt;core/src/main/kotlin/org/kotlintor/or/ChannelTls.kt,D3,L3OpElevationTest + ChannelTls.channelTlsToBase,tls to base thinner,
L3:core/or/channel_tls_to_base_const,3_op,core/or,channel_tls_to_base_const,channeltls.h,core/src/main/kotlin/org/kotlintor/link/ChannelTls.kt;core/src/main/kotlin/org/kotlintor/link/OrConnection.kt;core/src/main/kotlin/org/kotlintor/link/Channel.kt;core/src/main/kotlin/org/kotlintor/or/ChannelTls.kt,D3,L3OpElevationTest + ChannelTls.channelTlsToBaseConst,tls to base const thinner,
L3:core/or/channel_tls_update_marks,3_op,core/or,channel_tls_update_marks,channeltls.h,core/src/main/kotlin/org/kotlintor/link/ChannelTls.kt;core/src/main/kotlin/org/kotlintor/link/OrConnection.kt;core/src/main/kotlin/org/kotlintor/link/Channel.kt;core/src/main/kotlin/org/kotlintor/or/ChannelTls.kt,D3,L3OpElevationTest + ChannelTls.channelTlsUpdateMarks,tls update marks thinner,
L3:core/or/build_state_get_exit_nickname,3_op,core/or,build_state_get_exit_nickname,circuitbuild.h,core/src/main/kotlin/org/kotlintor/circuit/CircuitBuild.kt;core/src/main/kotlin/org/kotlintor/circuit/Circuit.kt;core/src/main/kotlin/org/kotlintor/circuit/CircuitBuildRelay.kt;core/src/main/kotlin/org/kotlintor/or/CircuitBuildTimes.kt,D3,L3OpElevationTest + CircuitBuild.buildStateGetExitNickname,exit nick thinner,
L3:core/or/build_state_get_exit_rsa_id,3_op,core/or,build_state_get_exit_rsa_id,circuitbuild.h,core/src/main/kotlin/org/kotlintor/circuit/CircuitBuild.kt;core/src/main/kotlin/org/kotlintor/circuit/Circuit.kt;core/src/main/kotlin/org/kotlintor/circuit/CircuitBuildRelay.kt;core/src/main/kotlin/org/kotlintor/or/CircuitBuildTimes.kt,D3,L3OpElevationTest + CircuitBuild.buildStateGetExitRsaId,exit rsa id thinner,
L3:core/or/choose_good_entry_server,3_op,core/or,choose_good_entry_server,circuitbuild.h,core/src/main/kotlin/org/kotlintor/circuit/CircuitBuild.kt;core/src/main/kotlin/org/kotlintor/circuit/Circuit.kt;core/src/main/kotlin/org/kotlintor/circuit/CircuitBuildRelay.kt;core/src/main/kotlin/org/kotlintor/or/CircuitBuildTimes.kt,D3,L3OpElevationTest + CircuitBuild.chooseGoodEntryServer,entry pick thinner,
L3:core/or/circuit_append_new_exit,3_op,core/or,circuit_append_new_exit,circuitbuild.h,core/src/main/kotlin/org/kotlintor/circuit/CircuitBuild.kt;core/src/main/kotlin/org/kotlintor/circuit/Circuit.kt;core/src/main/kotlin/org/kotlintor/circuit/CircuitBuildRelay.kt;core/src/main/kotlin/org/kotlintor/or/CircuitBuildTimes.kt,D3,L3OpElevationTest + CircuitBuild.circuitAppendNewExit,append exit thinner,
L3:core/or/circuit_establish_circuit,3_op,core/or,circuit_establish_circuit,circuitbuild.h,core/src/main/kotlin/org/kotlintor/circuit/CircuitBuild.kt;core/src/main/kotlin/org/kotlintor/circuit/Circuit.kt;core/src/main/kotlin/org/kotlintor/circuit/CircuitBuildRelay.kt;core/src/main/kotlin/org/kotlintor/or/CircuitBuildTimes.kt,D3,L3OpElevationTest + CircuitBuild.circuitEstablishCircuit,establish thinner,
L3:core/or/circuit_extend_to_new_exit,3_op,core/or,circuit_extend_to_new_exit,circuitbuild.h,core/src/main/kotlin/org/kotlintor/circuit/CircuitBuild.kt;core/src/main/kotlin/org/kotlintor/circuit/Circuit.kt;core/src/main/kotlin/org/kotlintor/circuit/CircuitBuildRelay.kt;core/src/main/kotlin/org/kotlintor/or/CircuitBuildTimes.kt,D3,L3OpElevationTest + CircuitBuild.circuitExtendToNewExit,extend exit thinner,
L3:core/or/circuit_finish_handshake,3_op,core/or,circuit_finish_handshake,circuitbuild.h,core/src/main/kotlin/org/kotlintor/circuit/CircuitBuild.kt;core/src/main/kotlin/org/kotlintor/circuit/Circuit.kt;core/src/main/kotlin/org/kotlintor/circuit/CircuitBuildRelay.kt;core/src/main/kotlin/org/kotlintor/or/CircuitBuildTimes.kt,D3,L3OpElevationTest + CircuitBuild.circuitFinishHandshake,finish hs thinner,
L3:core/or/circuit_handle_first_hop,3_op,core/or,circuit_handle_first_hop,circuitbuild.h,core/src/main/kotlin/org/kotlintor/circuit/CircuitBuild.kt;core/src/main/kotlin/org/kotlintor/circuit/Circuit.kt;core/src/main/kotlin/org/kotlintor/circuit/CircuitBuildRelay.kt;core/src/main/kotlin/org/kotlintor/or/CircuitBuildTimes.kt,D3,L3OpElevationTest + CircuitBuild.circuitHandleFirstHop,first hop thinner,
L3:core/or/circuit_has_usable_onion_key,3_op,core/or,circuit_has_usable_onion_key,circuitbuild.h,core/src/main/kotlin/org/kotlintor/circuit/CircuitBuild.kt;core/src/main/kotlin/org/kotlintor/circuit/Circuit.kt;core/src/main/kotlin/org/kotlintor/circuit/CircuitBuildRelay.kt;core/src/main/kotlin/org/kotlintor/or/CircuitBuildTimes.kt,D3,L3OpElevationTest + CircuitBuild.circuitHasUsableOnionKey,onion key thinner,
L3:core/or/circuit_list_path,3_op,core/or,circuit_list_path,circuitbuild.h,core/src/main/kotlin/org/kotlintor/circuit/CircuitBuild.kt;core/src/main/kotlin/org/kotlintor/circuit/Circuit.kt;core/src/main/kotlin/org/kotlintor/circuit/CircuitBuildRelay.kt;core/src/main/kotlin/org/kotlintor/or/CircuitBuildTimes.kt,D3,L3OpElevationTest + CircuitBuild.circuitListPath,list path thinner,
L3:core/or/circuit_list_path_for_controller,3_op,core/or,circuit_list_path_for_controller,circuitbuild.h,core/src/main/kotlin/org/kotlintor/circuit/CircuitBuild.kt;core/src/main/kotlin/org/kotlintor/circuit/Circuit.kt;core/src/main/kotlin/org/kotlintor/circuit/CircuitBuildRelay.kt;core/src/main/kotlin/org/kotlintor/or/CircuitBuildTimes.kt,D3,L3OpElevationTest + CircuitBuild.circuitListPathForController,controller path thinner,
L3:core/or/circuit_log_path,3_op,core/or,circuit_log_path,circuitbuild.h,core/src/main/kotlin/org/kotlintor/circuit/CircuitBuild.kt;core/src/main/kotlin/org/kotlintor/circuit/Circuit.kt;core/src/main/kotlin/org/kotlintor/circuit/CircuitBuildRelay.kt;core/src/main/kotlin/org/kotlintor/or/CircuitBuildTimes.kt,D3,L3OpElevationTest + CircuitBuild.circuitLogPath,log path thinner,
L3:core/or/circuit_n_chan_done,3_op,core/or,circuit_n_chan_done,circuitbuild.h,core/src/main/kotlin/org/kotlintor/circuit/CircuitBuild.kt;core/src/main/kotlin/org/kotlintor/circuit/Circuit.kt;core/src/main/kotlin/org/kotlintor/circuit/CircuitBuildRelay.kt;core/src/main/kotlin/org/kotlintor/or/CircuitBuildTimes.kt,D3,L3OpElevationTest + CircuitBuild.circuitNChanDone,n chan done thinner,
L3:core/or/circuit_note_clock_jumped,3_op,core/or,circuit_note_clock_jumped,circuitbuild.h,core/src/main/kotlin/org/kotlintor/circuit/CircuitBuild.kt;core/src/main/kotlin/org/kotlintor/circuit/Circuit.kt;core/src/main/kotlin/org/kotlintor/circuit/CircuitBuildRelay.kt;core/src/main/kotlin/org/kotlintor/or/CircuitBuildTimes.kt,D3,L3OpElevationTest + CircuitBuild.circuitNoteClockJumped,clock jump thinner,
L3:core/or/circuit_send_next_onion_skin,3_op,core/or,circuit_send_next_onion_skin,circuitbuild.h,core/src/main/kotlin/org/kotlintor/circuit/CircuitBuild.kt;core/src/main/kotlin/org/kotlintor/circuit/Circuit.kt;core/src/main/kotlin/org/kotlintor/circuit/CircuitBuildRelay.kt;core/src/main/kotlin/org/kotlintor/or/CircuitBuildTimes.kt,D3,L3OpElevationTest + CircuitBuild.circuitSendNextOnionSkin,next skin thinner,
L3:core/or/circuit_timeout_want_to_count_circ,3_op,core/or,circuit_timeout_want_to_count_circ,circuitbuild.h,core/src/main/kotlin/org/kotlintor/circuit/CircuitBuild.kt;core/src/main/kotlin/org/kotlintor/circuit/Circuit.kt;core/src/main/kotlin/org/kotlintor/circuit/CircuitBuildRelay.kt;core/src/main/kotlin/org/kotlintor/or/CircuitBuildTimes.kt,D3,L3OpElevationTest + CircuitBuild.circuitTimeoutWantToCountCirc,timeout count thinner,
L3:core/or/circuit_truncated,3_op,core/or,circuit_truncated,circuitbuild.h,core/src/main/kotlin/org/kotlintor/circuit/CircuitBuild.kt;core/src/main/kotlin/org/kotlintor/circuit/Circuit.kt;core/src/main/kotlin/org/kotlintor/circuit/CircuitBuildRelay.kt;core/src/main/kotlin/org/kotlintor/or/CircuitBuildTimes.kt,D3,L3OpElevationTest + CircuitBuild.circuitTruncated,truncated thinner,
L3:core/or/circuit_upgrade_circuits_from_guard_wait,3_op,core/or,circuit_upgrade_circuits_from_guard_wait,circuitbuild.h,core/src/main/kotlin/org/kotlintor/circuit/CircuitBuild.kt;core/src/main/kotlin/org/kotlintor/circuit/Circuit.kt;core/src/main/kotlin/org/kotlintor/circuit/CircuitBuildRelay.kt;core/src/main/kotlin/org/kotlintor/or/CircuitBuildTimes.kt,D3,L3OpElevationTest + CircuitBuild.circuitUpgradeCircuitsFromGuardWait,guard wait thinner,
L3:core/or/client_circ_negotiation_message,3_op,core/or,client_circ_negotiation_message,circuitbuild.h,core/src/main/kotlin/org/kotlintor/circuit/CircuitBuild.kt;core/src/main/kotlin/org/kotlintor/circuit/Circuit.kt;core/src/main/kotlin/org/kotlintor/circuit/CircuitBuildRelay.kt;core/src/main/kotlin/org/kotlintor/or/CircuitBuildTimes.kt,D3,L3OpElevationTest + CircuitBuild.clientCircNegotiationMessage,nego msg thinner,
L3:core/or/cpath_build_state_to_crn_flags,3_op,core/or,cpath_build_state_to_crn_flags,circuitbuild.h,core/src/main/kotlin/org/kotlintor/circuit/CircuitBuild.kt;core/src/main/kotlin/org/kotlintor/circuit/Circuit.kt;core/src/main/kotlin/org/kotlintor/circuit/CircuitBuildRelay.kt;core/src/main/kotlin/org/kotlintor/or/CircuitBuildTimes.kt,D3,L3OpElevationTest + CircuitBuild.cpathBuildStateToCrnFlags,crn flags thinner,
L3:core/or/cpath_build_state_to_crn_ipv6_extend_flag,3_op,core/or,cpath_build_state_to_crn_ipv6_extend_flag,circuitbuild.h,core/src/main/kotlin/org/kotlintor/circuit/CircuitBuild.kt;core/src/main/kotlin/org/kotlintor/circuit/Circuit.kt;core/src/main/kotlin/org/kotlintor/circuit/CircuitBuildRelay.kt;core/src/main/kotlin/org/kotlintor/or/CircuitBuildTimes.kt,D3,L3OpElevationTest + CircuitBuild.cpathBuildStateToCrnIpv6ExtendFlag,crn ipv6 thinner,
L3:core/or/get_unique_circ_id_by_chan,3_op,core/or,get_unique_circ_id_by_chan,circuitbuild.h,core/src/main/kotlin/org/kotlintor/circuit/CircuitBuild.kt;core/src/main/kotlin/org/kotlintor/circuit/Circuit.kt;core/src/main/kotlin/org/kotlintor/circuit/CircuitBuildRelay.kt;core/src/main/kotlin/org/kotlintor/or/CircuitBuildTimes.kt,D3,L3OpElevationTest + CircuitBuild.getUniqueCircIdByChan,unique circ id thinner,
L3:core/or/new_route_len,3_op,core/or,new_route_len,circuitbuild.h,core/src/main/kotlin/org/kotlintor/circuit/CircuitBuild.kt;core/src/main/kotlin/org/kotlintor/circuit/Circuit.kt;core/src/main/kotlin/org/kotlintor/circuit/CircuitBuildRelay.kt;core/src/main/kotlin/org/kotlintor/or/CircuitBuildTimes.kt,D3,L3OpElevationTest + CircuitBuild.newRouteLen,route len thinner,
L3:core/or/onion_extend_cpath,3_op,core/or,onion_extend_cpath,circuitbuild.h,core/src/main/kotlin/org/kotlintor/circuit/CircuitBuild.kt;core/src/main/kotlin/org/kotlintor/circuit/Circuit.kt;core/src/main/kotlin/org/kotlintor/circuit/CircuitBuildRelay.kt;core/src/main/kotlin/org/kotlintor/or/CircuitBuildTimes.kt,D3,L3OpElevationTest + CircuitBuild.onionExtendCpath,extend cpath thinner,
L3:core/or/onion_pick_cpath_exit,3_op,core/or,onion_pick_cpath_exit,circuitbuild.h,core/src/main/kotlin/org/kotlintor/circuit/CircuitBuild.kt;core/src/main/kotlin/org/kotlintor/circuit/Circuit.kt;core/src/main/kotlin/org/kotlintor/circuit/CircuitBuildRelay.kt;core/src/main/kotlin/org/kotlintor/or/CircuitBuildTimes.kt,D3,L3OpElevationTest + CircuitBuild.onionPickCpathExit,pick exit thinner,
L3:core/or/channel_mark_circid_unusable,3_op,core/or,channel_mark_circid_unusable,circuitlist.h,core/src/main/kotlin/org/kotlintor/circuit/CircuitList.kt;core/src/main/kotlin/org/kotlintor/circuit/Circuit.kt,D3,L3OpElevationTest + CircuitList.channelMarkCircidUnusable,circid unusable thinner,
L3:core/or/channel_mark_circid_usable,3_op,core/or,channel_mark_circid_usable,circuitlist.h,core/src/main/kotlin/org/kotlintor/circuit/CircuitList.kt;core/src/main/kotlin/org/kotlintor/circuit/Circuit.kt,D3,L3OpElevationTest + CircuitList.channelMarkCircidUsable,circid usable thinner,
L3:core/or/channel_note_destroy_pending,3_op,core/or,channel_note_destroy_pending,circuitlist.h,core/src/main/kotlin/org/kotlintor/circuit/CircuitList.kt;core/src/main/kotlin/org/kotlintor/circuit/Circuit.kt,D3,L3OpElevationTest + CircuitList.channelNoteDestroyPending,destroy pending thinner,
L3:core/or/circuit_any_opened_circuits,3_op,core/or,circuit_any_opened_circuits,circuitlist.h,core/src/main/kotlin/org/kotlintor/circuit/CircuitList.kt;core/src/main/kotlin/org/kotlintor/circuit/Circuit.kt,D3,L3OpElevationTest + CircuitList.anyOpenedCircuits,any opened thinner,
L3:core/or/circuit_any_opened_circuits_cached,3_op,core/or,circuit_any_opened_circuits_cached,circuitlist.h,core/src/main/kotlin/org/kotlintor/circuit/CircuitList.kt;core/src/main/kotlin/org/kotlintor/circuit/Circuit.kt,D3,L3OpElevationTest + CircuitList.anyOpenedCircuitsCached,opened cached thinner,
L3:core/or/circuit_cache_opened_circuit_state,3_op,core/or,circuit_cache_opened_circuit_state,circuitlist.h,core/src/main/kotlin/org/kotlintor/circuit/CircuitList.kt;core/src/main/kotlin/org/kotlintor/circuit/Circuit.kt,D3,L3OpElevationTest + CircuitList.cacheOpenedCircuitState,cache opened thinner,
L3:core/or/circuit_clear_cpath,3_op,core/or,circuit_clear_cpath,circuitlist.h,core/src/main/kotlin/org/kotlintor/circuit/CircuitList.kt;core/src/main/kotlin/org/kotlintor/circuit/Circuit.kt,D3,L3OpElevationTest + CircuitList.circuitClearCpath,clear cpath thinner,
L3:core/or/circuit_clear_testing_cell_stats,3_op,core/or,circuit_clear_testing_cell_stats,circuitlist.h,core/src/main/kotlin/org/kotlintor/circuit/CircuitList.kt;core/src/main/kotlin/org/kotlintor/circuit/Circuit.kt,D3,L3OpElevationTest + CircuitList.circuitClearTestingCellStats,clear test stats thinner,
L3:core/or/circuit_close_all_marked,3_op,core/or,circuit_close_all_marked,circuitlist.h,core/src/main/kotlin/org/kotlintor/circuit/CircuitList.kt;core/src/main/kotlin/org/kotlintor/circuit/Circuit.kt,D3,L3OpElevationTest + CircuitList.closeAllMarked,close marked thinner,
L3:core/or/circuit_count_pending_close,3_op,core/or,circuit_count_pending_close,circuitlist.h,core/src/main/kotlin/org/kotlintor/circuit/CircuitList.kt;core/src/main/kotlin/org/kotlintor/circuit/Circuit.kt,D3,L3OpElevationTest + CircuitList.countPendingClose,pending close thinner,
L3:core/or/circuit_count_pending_on_channel,3_op,core/or,circuit_count_pending_on_channel,circuitlist.h,core/src/main/kotlin/org/kotlintor/circuit/CircuitList.kt;core/src/main/kotlin/org/kotlintor/circuit/Circuit.kt,D3,L3OpElevationTest + CircuitList.circuitCountPendingOnChannel,pending on chan thinner,
L3:core/or/circuit_dump_by_conn,3_op,core/or,circuit_dump_by_conn,circuitlist.h,core/src/main/kotlin/org/kotlintor/circuit/CircuitList.kt;core/src/main/kotlin/org/kotlintor/circuit/Circuit.kt,D3,L3OpElevationTest + CircuitList.circuitDumpByConn,dump by conn thinner,
L3:core/or/circuit_event_status,3_op,core/or,circuit_event_status,circuitlist.h,core/src/main/kotlin/org/kotlintor/circuit/CircuitList.kt;core/src/main/kotlin/org/kotlintor/circuit/Circuit.kt,D3,L3OpElevationTest + CircuitList.circuitEventStatus,event status thinner,
L3:core/or/circuit_find_circuits_to_upgrade_from_guard_wait,3_op,core/or,circuit_find_circuits_to_upgrade_from_guard_wait,circuitlist.h,core/src/main/kotlin/org/kotlintor/circuit/CircuitList.kt;core/src/main/kotlin/org/kotlintor/circuit/Circuit.kt,D3,L3OpElevationTest + CircuitList.circuitFindCircuitsToUpgradeFromGuardWait,guard wait upgrade thinner,
L3:core/or/circuit_find_to_cannibalize,3_op,core/or,circuit_find_to_cannibalize,circuitlist.h,core/src/main/kotlin/org/kotlintor/circuit/CircuitList.kt;core/src/main/kotlin/org/kotlintor/circuit/Circuit.kt,D3,L3OpElevationTest + CircuitList.circuitFindToCannibalize,cannibalize thinner,
L3:core/or/circuit_free_,3_op,core/or,circuit_free_,circuitlist.h,core/src/main/kotlin/org/kotlintor/circuit/CircuitList.kt;core/src/main/kotlin/org/kotlintor/circuit/Circuit.kt,D3,L3OpElevationTest + CircuitList.circuitFree,circuit free thinner,
L3:core/or/circuit_free_all,3_op,core/or,circuit_free_all,circuitlist.h,core/src/main/kotlin/org/kotlintor/circuit/CircuitList.kt;core/src/main/kotlin/org/kotlintor/circuit/Circuit.kt,D3,L3OpElevationTest + CircuitList.circuitFreeAll,free all thinner,
L3:core/or/circuit_get_all_pending_on_channel,3_op,core/or,circuit_get_all_pending_on_channel,circuitlist.h,core/src/main/kotlin/org/kotlintor/circuit/CircuitList.kt;core/src/main/kotlin/org/kotlintor/circuit/Circuit.kt,D3,L3OpElevationTest + CircuitList.circuitGetAllPendingOnChannel,get pending thinner,
L3:core/or/circuit_get_by_circid_channel,3_op,core/or,circuit_get_by_circid_channel,circuitlist.h,core/src/main/kotlin/org/kotlintor/circuit/CircuitList.kt;core/src/main/kotlin/org/kotlintor/circuit/Circuit.kt,D3,L3OpElevationTest + CircuitList.circuitGetByCircidChannel,get by circid thinner,
L3:core/or/circuit_get_by_circid_channel_even_if_marked,3_op,core/or,circuit_get_by_circid_channel_even_if_marked,circuitlist.h,core/src/main/kotlin/org/kotlintor/circuit/CircuitList.kt;core/src/main/kotlin/org/kotlintor/circuit/Circuit.kt,D3,L3OpElevationTest + CircuitList.circuitGetByCircidChannelEvenIfMarked,get even marked thinner,
L3:core/or/circuit_get_by_edge_conn,3_op,core/or,circuit_get_by_edge_conn,circuitlist.h,core/src/main/kotlin/org/kotlintor/circuit/CircuitList.kt;core/src/main/kotlin/org/kotlintor/circuit/Circuit.kt,D3,L3OpElevationTest + CircuitList.circuitGetByEdgeConn,get by edge thinner,
L3:core/or/circuit_get_by_global_id,3_op,core/or,circuit_get_by_global_id,circuitlist.h,core/src/main/kotlin/org/kotlintor/circuit/CircuitList.kt;core/src/main/kotlin/org/kotlintor/circuit/Circuit.kt,D3,L3OpElevationTest + CircuitList.circuitGetByGlobalId,get by gid thinner,
L3:core/or/circuit_get_cpath_hop,3_op,core/or,circuit_get_cpath_hop,circuitlist.h,core/src/main/kotlin/org/kotlintor/circuit/CircuitList.kt;core/src/main/kotlin/org/kotlintor/circuit/Circuit.kt,D3,L3OpElevationTest + CircuitList.circuitGetCpathHop,cpath hop thinner,
L3:core/or/circuit_get_cpath_len,3_op,core/or,circuit_get_cpath_len,circuitlist.h,core/src/main/kotlin/org/kotlintor/circuit/CircuitList.kt;core/src/main/kotlin/org/kotlintor/circuit/Circuit.kt,D3,L3OpElevationTest + CircuitList.circuitGetCpathLen,cpath len thinner,
L3:core/or/circuit_get_cpath_opened_len,3_op,core/or,circuit_get_cpath_opened_len,circuitlist.h,core/src/main/kotlin/org/kotlintor/circuit/CircuitList.kt;core/src/main/kotlin/org/kotlintor/circuit/Circuit.kt,D3,L3OpElevationTest + CircuitList.circuitGetCpathOpenedLen,cpath opened len thinner,
L3:core/or/circuitmux_alloc,3_op,core/or,circuitmux_alloc,circuitmux.h,core/src/main/kotlin/org/kotlintor/circuit/CircuitMux.kt;core/src/main/kotlin/org/kotlintor/circuit/Circuit.kt;core/src/main/kotlin/org/kotlintor/circuit/CircuitMuxEwma.kt,D3,L3OpElevationTest + CircuitMux.circuitmuxAlloc,cmux alloc thinner,
L3:core/or/circuitmux_append_destroy_cell,3_op,core/or,circuitmux_append_destroy_cell,circuitmux.h,core/src/main/kotlin/org/kotlintor/circuit/CircuitMux.kt;core/src/main/kotlin/org/kotlintor/circuit/Circuit.kt;core/src/main/kotlin/org/kotlintor/circuit/CircuitMuxEwma.kt,D3,L3OpElevationTest + CircuitMux.circuitmuxAppendDestroyCell,destroy append thinner,
L3:core/or/circuitmux_assert_okay,3_op,core/or,circuitmux_assert_okay,circuitmux.h,core/src/main/kotlin/org/kotlintor/circuit/CircuitMux.kt;core/src/main/kotlin/org/kotlintor/circuit/Circuit.kt;core/src/main/kotlin/org/kotlintor/circuit/CircuitMuxEwma.kt,D3,L3OpElevationTest + CircuitMux.assertOkay,cmux assert thinner,
L3:core/or/circuitmux_attached_circuit_direction,3_op,core/or,circuitmux_attached_circuit_direction,circuitmux.h,core/src/main/kotlin/org/kotlintor/circuit/CircuitMux.kt;core/src/main/kotlin/org/kotlintor/circuit/Circuit.kt;core/src/main/kotlin/org/kotlintor/circuit/CircuitMuxEwma.kt,D3,L3OpElevationTest + CircuitMux.attachedCircuitDirection,direction thinner,
L3:core/or/circuitmux_clear_num_cells,3_op,core/or,circuitmux_clear_num_cells,circuitmux.h,core/src/main/kotlin/org/kotlintor/circuit/CircuitMux.kt;core/src/main/kotlin/org/kotlintor/circuit/Circuit.kt;core/src/main/kotlin/org/kotlintor/circuit/CircuitMuxEwma.kt,D3,L3OpElevationTest + CircuitMux.clearNumCells,clear ncells thinner,
L3:core/or/circuitmux_clear_policy,3_op,core/or,circuitmux_clear_policy,circuitmux.h,core/src/main/kotlin/org/kotlintor/circuit/CircuitMux.kt;core/src/main/kotlin/org/kotlintor/circuit/Circuit.kt;core/src/main/kotlin/org/kotlintor/circuit/CircuitMuxEwma.kt,D3,L3OpElevationTest + CircuitMux.clearPolicy,clear policy thinner,
L3:core/or/circuitmux_count_queued_destroy_cells,3_op,core/or,circuitmux_count_queued_destroy_cells,circuitmux.h,core/src/main/kotlin/org/kotlintor/circuit/CircuitMux.kt;core/src/main/kotlin/org/kotlintor/circuit/Circuit.kt;core/src/main/kotlin/org/kotlintor/circuit/CircuitMuxEwma.kt,D3,L3OpElevationTest + CircuitMux.countQueuedDestroyCells,destroy count thinner,
L3:core/or/circuitmux_detach_all_circuits,3_op,core/or,circuitmux_detach_all_circuits,circuitmux.h,core/src/main/kotlin/org/kotlintor/circuit/CircuitMux.kt;core/src/main/kotlin/org/kotlintor/circuit/Circuit.kt;core/src/main/kotlin/org/kotlintor/circuit/CircuitMuxEwma.kt,D3,L3OpElevationTest + CircuitMux.detachAll,detach all thinner,
L3:core/or/circuitmux_free_,3_op,core/or,circuitmux_free_,circuitmux.h,core/src/main/kotlin/org/kotlintor/circuit/CircuitMux.kt;core/src/main/kotlin/org/kotlintor/circuit/Circuit.kt;core/src/main/kotlin/org/kotlintor/circuit/CircuitMuxEwma.kt,D3,L3OpElevationTest + CircuitMux.free,cmux free thinner,
L3:core/or/circuitmux_get_first_active_circuit,3_op,core/or,circuitmux_get_first_active_circuit,circuitmux.h,core/src/main/kotlin/org/kotlintor/circuit/CircuitMux.kt;core/src/main/kotlin/org/kotlintor/circuit/Circuit.kt;core/src/main/kotlin/org/kotlintor/circuit/CircuitMuxEwma.kt,D3,L3OpElevationTest + CircuitMux.getFirstActiveCircuit,first active thinner,
L3:core/or/circuitmux_is_circuit_active,3_op,core/or,circuitmux_is_circuit_active,circuitmux.h,core/src/main/kotlin/org/kotlintor/circuit/CircuitMux.kt;core/src/main/kotlin/org/kotlintor/circuit/Circuit.kt;core/src/main/kotlin/org/kotlintor/circuit/CircuitMuxEwma.kt,D3,L3OpElevationTest + CircuitMux.circuitmuxIsCircuitActive,is active thinner,
L3:core/or/circuitmux_is_circuit_attached,3_op,core/or,circuitmux_is_circuit_attached,circuitmux.h,core/src/main/kotlin/org/kotlintor/circuit/CircuitMux.kt;core/src/main/kotlin/org/kotlintor/circuit/Circuit.kt;core/src/main/kotlin/org/kotlintor/circuit/CircuitMuxEwma.kt,D3,L3OpElevationTest + CircuitMux.circuitmuxIsCircuitAttached,is attached thinner,
L3:core/or/circuitmux_mark_destroyed_circids_usable,3_op,core/or,circuitmux_mark_destroyed_circids_usable,circuitmux.h,core/src/main/kotlin/org/kotlintor/circuit/CircuitMux.kt;core/src/main/kotlin/org/kotlintor/circuit/Circuit.kt;core/src/main/kotlin/org/kotlintor/circuit/CircuitMuxEwma.kt,D3,L3OpElevationTest + CircuitMux.markDestroyedCircidsUsable,destroyed ids thinner,
L3:core/or/circuitmux_notify_xmit_cells,3_op,core/or,circuitmux_notify_xmit_cells,circuitmux.h,core/src/main/kotlin/org/kotlintor/circuit/CircuitMux.kt;core/src/main/kotlin/org/kotlintor/circuit/Circuit.kt;core/src/main/kotlin/org/kotlintor/circuit/CircuitMuxEwma.kt,D3,L3OpElevationTest + CircuitMux.notifyXmitCells,notify xmit thinner,
L3:core/or/circuitmux_notify_xmit_destroy,3_op,core/or,circuitmux_notify_xmit_destroy,circuitmux.h,core/src/main/kotlin/org/kotlintor/circuit/CircuitMux.kt;core/src/main/kotlin/org/kotlintor/circuit/Circuit.kt;core/src/main/kotlin/org/kotlintor/circuit/CircuitMuxEwma.kt,D3,L3OpElevationTest + CircuitMux.notifyXmitDestroy,notify destroy thinner,
L3:core/or/circuitmux_num_active_circuits,3_op,core/or,circuitmux_num_active_circuits,circuitmux.h,core/src/main/kotlin/org/kotlintor/circuit/CircuitMux.kt;core/src/main/kotlin/org/kotlintor/circuit/Circuit.kt;core/src/main/kotlin/org/kotlintor/circuit/CircuitMuxEwma.kt,D3,L3OpElevationTest + CircuitMux.numActiveCircuits,num active thinner,
L3:core/or/circuitmux_num_cells_for_circuit,3_op,core/or,circuitmux_num_cells_for_circuit,circuitmux.h,core/src/main/kotlin/org/kotlintor/circuit/CircuitMux.kt;core/src/main/kotlin/org/kotlintor/circuit/Circuit.kt;core/src/main/kotlin/org/kotlintor/circuit/CircuitMuxEwma.kt,D3,L3OpElevationTest + CircuitMux.numCellsForCircuit,cells for circ thinner,
L3:core/or/circuitmux_num_circuits,3_op,core/or,circuitmux_num_circuits,circuitmux.h,core/src/main/kotlin/org/kotlintor/circuit/CircuitMux.kt;core/src/main/kotlin/org/kotlintor/circuit/Circuit.kt;core/src/main/kotlin/org/kotlintor/circuit/CircuitMuxEwma.kt,D3,L3OpElevationTest + CircuitMux.circuitmuxNumCircuits,num circuits thinner,
L3:core/or/circuitmux_set_num_cells,3_op,core/or,circuitmux_set_num_cells,circuitmux.h,core/src/main/kotlin/org/kotlintor/circuit/CircuitMux.kt;core/src/main/kotlin/org/kotlintor/circuit/Circuit.kt;core/src/main/kotlin/org/kotlintor/circuit/CircuitMuxEwma.kt,D3,L3OpElevationTest + CircuitMux.setNumCells,set ncells thinner,
L3:core/or/circuitmux_set_policy,3_op,core/or,circuitmux_set_policy,circuitmux.h,core/src/main/kotlin/org/kotlintor/circuit/CircuitMux.kt;core/src/main/kotlin/org/kotlintor/circuit/Circuit.kt;core/src/main/kotlin/org/kotlintor/circuit/CircuitMuxEwma.kt,D3,L3OpElevationTest + CircuitMux.circuitmuxSetPolicy,set policy thinner,
L3:core/or/cell_ewma_get_current_tick_and_fraction,3_op,core/or,cell_ewma_get_current_tick_and_fraction,circuitmux_ewma.h,core/src/main/kotlin/org/kotlintor/circuit/CircuitMuxEwma.kt;core/src/main/kotlin/org/kotlintor/circuit/CircuitMux.kt;core/src/main/kotlin/org/kotlintor/circuit/Circuit.kt,D3,L3OpElevationTest + CircuitMuxEwma.cellEwmaGetCurrentTickAndFraction,ewma tick thinner,
L3:core/or/cell_ewma_initialize_ticks,3_op,core/or,cell_ewma_initialize_ticks,circuitmux_ewma.h,core/src/main/kotlin/org/kotlintor/circuit/CircuitMuxEwma.kt;core/src/main/kotlin/org/kotlintor/circuit/CircuitMux.kt;core/src/main/kotlin/org/kotlintor/circuit/Circuit.kt,D3,L3OpElevationTest + CircuitMuxEwma.cellEwmaInitializeTicks,ewma init ticks thinner,
L3:core/or/circuitmux_ewma_free_all,3_op,core/or,circuitmux_ewma_free_all,circuitmux_ewma.h,core/src/main/kotlin/org/kotlintor/circuit/CircuitMuxEwma.kt;core/src/main/kotlin/org/kotlintor/circuit/CircuitMux.kt;core/src/main/kotlin/org/kotlintor/circuit/Circuit.kt,D3,L3OpElevationTest + CircuitMuxEwma.circuitmuxEwmaFreeAll,ewma free thinner,
L3:core/or/cmux_ewma_set_options,3_op,core/or,cmux_ewma_set_options,circuitmux_ewma.h,core/src/main/kotlin/org/kotlintor/circuit/CircuitMuxEwma.kt;core/src/main/kotlin/org/kotlintor/circuit/CircuitMux.kt;core/src/main/kotlin/org/kotlintor/circuit/Circuit.kt,D3,L3OpElevationTest + CircuitMuxEwma.cmuxEwmaSetOptions,ewma options thinner,
L3:core/or/circpad_add_matching_machines,3_op,core/or,circpad_add_matching_machines,circuitpadding.h,core/src/main/kotlin/org/kotlintor/circuit/CircuitPadding.kt;core/src/main/kotlin/org/kotlintor/circuit/CircpadFsm.kt;core/src/main/kotlin/org/kotlintor/circuit/Circuit.kt;core/src/main/kotlin/org/kotlintor/circuit/CircuitPaddingMachines.kt,D3,L3OpElevationTest + CircuitPadding.circpadAddMatchingMachines,circpad match thinner,
L3:core/or/circpad_cell_event_nonpadding_received,3_op,core/or,circpad_cell_event_nonpadding_received,circuitpadding.h,core/src/main/kotlin/org/kotlintor/circuit/CircuitPadding.kt;core/src/main/kotlin/org/kotlintor/circuit/CircpadFsm.kt;core/src/main/kotlin/org/kotlintor/circuit/Circuit.kt;core/src/main/kotlin/org/kotlintor/circuit/CircuitPaddingMachines.kt,D3,L3OpElevationTest + CircuitPadding.circpadCellEventNonpaddingReceived,circpad nonpad recv thinner,
L3:core/or/circpad_cell_event_nonpadding_sent,3_op,core/or,circpad_cell_event_nonpadding_sent,circuitpadding.h,core/src/main/kotlin/org/kotlintor/circuit/CircuitPadding.kt;core/src/main/kotlin/org/kotlintor/circuit/CircpadFsm.kt;core/src/main/kotlin/org/kotlintor/circuit/Circuit.kt;core/src/main/kotlin/org/kotlintor/circuit/CircuitPaddingMachines.kt,D3,L3OpElevationTest + CircuitPadding.circpadCellEventNonpaddingSent,circpad nonpad sent thinner,
L3:core/or/circpad_cell_event_padding_received,3_op,core/or,circpad_cell_event_padding_received,circuitpadding.h,core/src/main/kotlin/org/kotlintor/circuit/CircuitPadding.kt;core/src/main/kotlin/org/kotlintor/circuit/CircpadFsm.kt;core/src/main/kotlin/org/kotlintor/circuit/Circuit.kt;core/src/main/kotlin/org/kotlintor/circuit/CircuitPaddingMachines.kt,D3,L3OpElevationTest + CircuitPadding.circpadCellEventPaddingReceived,circpad pad recv thinner,
L3:core/or/circpad_cell_event_padding_sent,3_op,core/or,circpad_cell_event_padding_sent,circuitpadding.h,core/src/main/kotlin/org/kotlintor/circuit/CircuitPadding.kt;core/src/main/kotlin/org/kotlintor/circuit/CircpadFsm.kt;core/src/main/kotlin/org/kotlintor/circuit/Circuit.kt;core/src/main/kotlin/org/kotlintor/circuit/CircuitPaddingMachines.kt,D3,L3OpElevationTest + CircuitPadding.circpadCellEventPaddingSent,circpad pad sent thinner,
L3:core/or/circpad_check_received_cell,3_op,core/or,circpad_check_received_cell,circuitpadding.h,core/src/main/kotlin/org/kotlintor/circuit/CircuitPadding.kt;core/src/main/kotlin/org/kotlintor/circuit/CircpadFsm.kt;core/src/main/kotlin/org/kotlintor/circuit/Circuit.kt;core/src/main/kotlin/org/kotlintor/circuit/CircuitPaddingMachines.kt,D3,L3OpElevationTest + CircuitPadding.circpadCheckReceivedCell,circpad check cell thinner,
L3:core/or/circpad_circ_purpose_to_mask,3_op,core/or,circpad_circ_purpose_to_mask,circuitpadding.h,core/src/main/kotlin/org/kotlintor/circuit/CircuitPadding.kt;core/src/main/kotlin/org/kotlintor/circuit/CircpadFsm.kt;core/src/main/kotlin/org/kotlintor/circuit/Circuit.kt;core/src/main/kotlin/org/kotlintor/circuit/CircuitPaddingMachines.kt,D3,L3OpElevationTest + CircuitPadding.circpadCircPurposeToMask,circpad purpose mask thinner,
L3:core/or/circpad_circuit_free_all_machineinfos,3_op,core/or,circpad_circuit_free_all_machineinfos,circuitpadding.h,core/src/main/kotlin/org/kotlintor/circuit/CircuitPadding.kt;core/src/main/kotlin/org/kotlintor/circuit/CircpadFsm.kt;core/src/main/kotlin/org/kotlintor/circuit/Circuit.kt;core/src/main/kotlin/org/kotlintor/circuit/CircuitPaddingMachines.kt,D3,L3OpElevationTest + CircuitPadding.circpadCircuitFreeAllMachineinfos,circpad free infos thinner,
L3:core/or/circpad_circuit_machineinfo_new,3_op,core/or,circpad_circuit_machineinfo_new,circuitpadding.h,core/src/main/kotlin/org/kotlintor/circuit/CircuitPadding.kt;core/src/main/kotlin/org/kotlintor/circuit/CircpadFsm.kt;core/src/main/kotlin/org/kotlintor/circuit/Circuit.kt;core/src/main/kotlin/org/kotlintor/circuit/CircuitPaddingMachines.kt,D3,L3OpElevationTest + CircuitPadding.circpadCircuitMachineinfoNew,circpad info new thinner,
L3:core/or/circpad_deliver_recognized_relay_cell_events,3_op,core/or,circpad_deliver_recognized_relay_cell_events,circuitpadding.h,core/src/main/kotlin/org/kotlintor/circuit/CircuitPadding.kt;core/src/main/kotlin/org/kotlintor/circuit/CircpadFsm.kt;core/src/main/kotlin/org/kotlintor/circuit/Circuit.kt;core/src/main/kotlin/org/kotlintor/circuit/CircuitPaddingMachines.kt,D3,L3OpElevationTest + CircuitPadding.circpadDeliverRecognizedRelayCellEvents,circpad recognized thinner,
L3:core/or/circpad_deliver_sent_relay_cell_events,3_op,core/or,circpad_deliver_sent_relay_cell_events,circuitpadding.h,core/src/main/kotlin/org/kotlintor/circuit/CircuitPadding.kt;core/src/main/kotlin/org/kotlintor/circuit/CircpadFsm.kt;core/src/main/kotlin/org/kotlintor/circuit/Circuit.kt;core/src/main/kotlin/org/kotlintor/circuit/CircuitPaddingMachines.kt,D3,L3OpElevationTest + CircuitPadding.circpadDeliverSentRelayCellEvents,circpad sent thinner,
L3:core/or/circpad_deliver_unrecognized_cell_events,3_op,core/or,circpad_deliver_unrecognized_cell_events,circuitpadding.h,core/src/main/kotlin/org/kotlintor/circuit/CircuitPadding.kt;core/src/main/kotlin/org/kotlintor/circuit/CircpadFsm.kt;core/src/main/kotlin/org/kotlintor/circuit/Circuit.kt;core/src/main/kotlin/org/kotlintor/circuit/CircuitPaddingMachines.kt,D3,L3OpElevationTest + CircuitPadding.circpadDeliverUnrecognizedCellEvents,circpad unrecognized thinner,
L3:core/or/circpad_free_all,3_op,core/or,circpad_free_all,circuitpadding.h,core/src/main/kotlin/org/kotlintor/circuit/CircuitPadding.kt;core/src/main/kotlin/org/kotlintor/circuit/CircpadFsm.kt;core/src/main/kotlin/org/kotlintor/circuit/Circuit.kt;core/src/main/kotlin/org/kotlintor/circuit/CircuitPaddingMachines.kt,D3,L3OpElevationTest + CircuitPadding.circpadFreeAll,circpad free all thinner,
L3:core/or/circpad_handle_padding_negotiate,3_op,core/or,circpad_handle_padding_negotiate,circuitpadding.h,core/src/main/kotlin/org/kotlintor/circuit/CircuitPadding.kt;core/src/main/kotlin/org/kotlintor/circuit/CircpadFsm.kt;core/src/main/kotlin/org/kotlintor/circuit/Circuit.kt;core/src/main/kotlin/org/kotlintor/circuit/CircuitPaddingMachines.kt,D3,L3OpElevationTest + CircuitPadding.circpadHandlePaddingNegotiate,negotiate handle thinner,
L3:core/or/circpad_handle_padding_negotiated,3_op,core/or,circpad_handle_padding_negotiated,circuitpadding.h,core/src/main/kotlin/org/kotlintor/circuit/CircuitPadding.kt;core/src/main/kotlin/org/kotlintor/circuit/CircpadFsm.kt;core/src/main/kotlin/org/kotlintor/circuit/Circuit.kt;core/src/main/kotlin/org/kotlintor/circuit/CircuitPaddingMachines.kt,D3,L3OpElevationTest + CircuitPadding.circpadHandlePaddingNegotiated,negotiated handle thinner,
L3:core/or/circpad_histogram_bin_to_usec,3_op,core/or,circpad_histogram_bin_to_usec,circuitpadding.h,core/src/main/kotlin/org/kotlintor/circuit/CircuitPadding.kt;core/src/main/kotlin/org/kotlintor/circuit/CircpadFsm.kt;core/src/main/kotlin/org/kotlintor/circuit/Circuit.kt;core/src/main/kotlin/org/kotlintor/circuit/CircuitPaddingMachines.kt,D3,L3OpElevationTest + CircuitPadding.circpadHistogramBinToUsec,hist bin usec thinner,
L3:core/or/circpad_histogram_usec_to_bin,3_op,core/or,circpad_histogram_usec_to_bin,circuitpadding.h,core/src/main/kotlin/org/kotlintor/circuit/CircuitPadding.kt;core/src/main/kotlin/org/kotlintor/circuit/CircpadFsm.kt;core/src/main/kotlin/org/kotlintor/circuit/Circuit.kt;core/src/main/kotlin/org/kotlintor/circuit/CircuitPaddingMachines.kt,D3,L3OpElevationTest + CircuitPadding.circpadHistogramUsecToBin,hist usec bin thinner,
L3:core/or/circpad_internal_event_bins_empty,3_op,core/or,circpad_internal_event_bins_empty,circuitpadding.h,core/src/main/kotlin/org/kotlintor/circuit/CircuitPadding.kt;core/src/main/kotlin/org/kotlintor/circuit/CircpadFsm.kt;core/src/main/kotlin/org/kotlintor/circuit/Circuit.kt;core/src/main/kotlin/org/kotlintor/circuit/CircuitPaddingMachines.kt,D3,L3OpElevationTest + CircuitPadding.circpadInternalEventBinsEmpty,bins empty thinner,
L3:core/or/circpad_internal_event_infinity,3_op,core/or,circpad_internal_event_infinity,circuitpadding.h,core/src/main/kotlin/org/kotlintor/circuit/CircuitPadding.kt;core/src/main/kotlin/org/kotlintor/circuit/CircpadFsm.kt;core/src/main/kotlin/org/kotlintor/circuit/Circuit.kt;core/src/main/kotlin/org/kotlintor/circuit/CircuitPaddingMachines.kt,D3,L3OpElevationTest + CircuitPadding.circpadInternalEventInfinity,infinity event thinner,
L3:core/or/circpad_internal_event_state_length_up,3_op,core/or,circpad_internal_event_state_length_up,circuitpadding.h,core/src/main/kotlin/org/kotlintor/circuit/CircuitPadding.kt;core/src/main/kotlin/org/kotlintor/circuit/CircpadFsm.kt;core/src/main/kotlin/org/kotlintor/circuit/Circuit.kt;core/src/main/kotlin/org/kotlintor/circuit/CircuitPaddingMachines.kt,D3,L3OpElevationTest + CircuitPadding.circpadInternalEventStateLengthUp,length up thinner,
L3:core/or/circpad_machine_current_state,3_op,core/or,circpad_machine_current_state,circuitpadding.h,core/src/main/kotlin/org/kotlintor/circuit/CircuitPadding.kt;core/src/main/kotlin/org/kotlintor/circuit/CircpadFsm.kt;core/src/main/kotlin/org/kotlintor/circuit/Circuit.kt;core/src/main/kotlin/org/kotlintor/circuit/CircuitPaddingMachines.kt,D3,L3OpElevationTest + CircuitPadding.circpadMachineCurrentState,machine state thinner,
L3:core/or/circpad_machine_event_circ_added_hop,3_op,core/or,circpad_machine_event_circ_added_hop,circuitpadding.h,core/src/main/kotlin/org/kotlintor/circuit/CircuitPadding.kt;core/src/main/kotlin/org/kotlintor/circuit/CircpadFsm.kt;core/src/main/kotlin/org/kotlintor/circuit/Circuit.kt;core/src/main/kotlin/org/kotlintor/circuit/CircuitPaddingMachines.kt,D3,L3OpElevationTest + CircuitPadding.circpadMachineEventCircAddedHop,circ added hop thinner,
L3:core/or/circpad_machine_event_circ_built,3_op,core/or,circpad_machine_event_circ_built,circuitpadding.h,core/src/main/kotlin/org/kotlintor/circuit/CircuitPadding.kt;core/src/main/kotlin/org/kotlintor/circuit/CircpadFsm.kt;core/src/main/kotlin/org/kotlintor/circuit/Circuit.kt;core/src/main/kotlin/org/kotlintor/circuit/CircuitPaddingMachines.kt,D3,L3OpElevationTest + CircuitPadding.circpadMachineEventCircBuilt,circ built thinner,
L3:core/or/circpad_machine_event_circ_has_no_relay_early,3_op,core/or,circpad_machine_event_circ_has_no_relay_early,circuitpadding.h,core/src/main/kotlin/org/kotlintor/circuit/CircuitPadding.kt;core/src/main/kotlin/org/kotlintor/circuit/CircpadFsm.kt;core/src/main/kotlin/org/kotlintor/circuit/Circuit.kt;core/src/main/kotlin/org/kotlintor/circuit/CircuitPaddingMachines.kt,D3,L3OpElevationTest + CircuitPadding.circpadMachineEventCircHasNoRelayEarly,no relay early thinner,
L3:core/or/circpad_machine_event_circ_has_no_streams,3_op,core/or,circpad_machine_event_circ_has_no_streams,circuitpadding.h,core/src/main/kotlin/org/kotlintor/circuit/CircuitPadding.kt;core/src/main/kotlin/org/kotlintor/circuit/CircpadFsm.kt;core/src/main/kotlin/org/kotlintor/circuit/Circuit.kt;core/src/main/kotlin/org/kotlintor/circuit/CircuitPaddingMachines.kt,D3,L3OpElevationTest + CircuitPadding.circpadMachineEventCircHasNoStreams,no streams thinner,
L3:core/or/circpad_machine_client_hide_intro_circuits,3_op,core/or,circpad_machine_client_hide_intro_circuits,circuitpadding_machines.h,core/src/main/kotlin/org/kotlintor/circuit/CircuitPaddingMachines.kt;core/src/main/kotlin/org/kotlintor/circuit/Circuit.kt;core/src/main/kotlin/org/kotlintor/circuit/CircuitPadding.kt,D3,L3OpElevationTest + CircuitPadding.circpadMachineClientHideIntroCircuits,client hide intro thinner,
L3:core/or/circpad_machine_client_hide_rend_circuits,3_op,core/or,circpad_machine_client_hide_rend_circuits,circuitpadding_machines.h,core/src/main/kotlin/org/kotlintor/circuit/CircuitPaddingMachines.kt;core/src/main/kotlin/org/kotlintor/circuit/Circuit.kt;core/src/main/kotlin/org/kotlintor/circuit/CircuitPadding.kt,D3,L3OpElevationTest + CircuitPadding.circpadMachineClientHideRendCircuits,client hide rend thinner,
L3:core/or/circpad_machine_relay_hide_intro_circuits,3_op,core/or,circpad_machine_relay_hide_intro_circuits,circuitpadding_machines.h,core/src/main/kotlin/org/kotlintor/circuit/CircuitPaddingMachines.kt;core/src/main/kotlin/org/kotlintor/circuit/Circuit.kt;core/src/main/kotlin/org/kotlintor/circuit/CircuitPadding.kt,D3,L3OpElevationTest + CircuitPadding.circpadMachineRelayHideIntroCircuits,relay hide intro thinner,
L3:core/or/circpad_machine_relay_hide_rend_circuits,3_op,core/or,circpad_machine_relay_hide_rend_circuits,circuitpadding_machines.h,core/src/main/kotlin/org/kotlintor/circuit/CircuitPaddingMachines.kt;core/src/main/kotlin/org/kotlintor/circuit/Circuit.kt;core/src/main/kotlin/org/kotlintor/circuit/CircuitPadding.kt,D3,L3OpElevationTest + CircuitPadding.circpadMachineRelayHideRendCircuits,relay hide rend thinner,
L3:core/or/circuit_build_times_add_time,3_op,core/or,circuit_build_times_add_time,circuitstats.h,core/src/main/kotlin/org/kotlintor/circuit/CircuitStats.kt;core/src/main/kotlin/org/kotlintor/path/PathBias.kt;core/src/main/kotlin/org/kotlintor/circuit/Circuit.kt,D3,L3OpElevationTest + CircuitStats.circuitBuildTimesAddTime,cbt add time thinner,
L3:core/or/circuit_build_times_calculate_timeout,3_op,core/or,circuit_build_times_calculate_timeout,circuitstats.h,core/src/main/kotlin/org/kotlintor/circuit/CircuitStats.kt;core/src/main/kotlin/org/kotlintor/path/PathBias.kt;core/src/main/kotlin/org/kotlintor/circuit/Circuit.kt,D3,L3OpElevationTest + CircuitStats.circuitBuildTimesCalculateTimeout,cbt calc timeout thinner,
L3:core/or/circuit_build_times_cdf,3_op,core/or,circuit_build_times_cdf,circuitstats.h,core/src/main/kotlin/org/kotlintor/circuit/CircuitStats.kt;core/src/main/kotlin/org/kotlintor/path/PathBias.kt;core/src/main/kotlin/org/kotlintor/circuit/Circuit.kt,D3,L3OpElevationTest + CircuitStats.circuitBuildTimesCdf,cbt cdf thinner,
L3:core/or/circuit_build_times_close_rate,3_op,core/or,circuit_build_times_close_rate,circuitstats.h,core/src/main/kotlin/org/kotlintor/circuit/CircuitStats.kt;core/src/main/kotlin/org/kotlintor/path/PathBias.kt;core/src/main/kotlin/org/kotlintor/circuit/Circuit.kt,D3,L3OpElevationTest + CircuitStats.circuitBuildTimesCloseRate,cbt close rate thinner,
L3:core/or/circuit_build_times_count_close,3_op,core/or,circuit_build_times_count_close,circuitstats.h,core/src/main/kotlin/org/kotlintor/circuit/CircuitStats.kt;core/src/main/kotlin/org/kotlintor/path/PathBias.kt;core/src/main/kotlin/org/kotlintor/circuit/Circuit.kt,D3,L3OpElevationTest + CircuitStats.circuitBuildTimesCountClose,cbt count close thinner,
L3:core/or/circuit_build_times_count_timeout,3_op,core/or,circuit_build_times_count_timeout,circuitstats.h,core/src/main/kotlin/org/kotlintor/circuit/CircuitStats.kt;core/src/main/kotlin/org/kotlintor/path/PathBias.kt;core/src/main/kotlin/org/kotlintor/circuit/Circuit.kt,D3,L3OpElevationTest + CircuitStats.circuitBuildTimesCountTimeout,cbt count timeout thinner,
L3:core/or/circuit_build_times_disabled,3_op,core/or,circuit_build_times_disabled,circuitstats.h,core/src/main/kotlin/org/kotlintor/circuit/CircuitStats.kt;core/src/main/kotlin/org/kotlintor/path/PathBias.kt;core/src/main/kotlin/org/kotlintor/circuit/Circuit.kt,D3,L3OpElevationTest + CircuitStats.circuitBuildTimesDisabled,cbt disabled thinner,
L3:core/or/circuit_build_times_disabled_,3_op,core/or,circuit_build_times_disabled_,circuitstats.h,core/src/main/kotlin/org/kotlintor/circuit/CircuitStats.kt;core/src/main/kotlin/org/kotlintor/path/PathBias.kt;core/src/main/kotlin/org/kotlintor/circuit/Circuit.kt,D3,L3OpElevationTest + CircuitStats.circuitBuildTimesDisabled,cbt disabled_ thinner,
L3:core/or/circuit_build_times_enough_to_compute,3_op,core/or,circuit_build_times_enough_to_compute,circuitstats.h,core/src/main/kotlin/org/kotlintor/circuit/CircuitStats.kt;core/src/main/kotlin/org/kotlintor/path/PathBias.kt;core/src/main/kotlin/org/kotlintor/circuit/Circuit.kt,D3,L3OpElevationTest + CircuitStats.circuitBuildTimesEnoughToCompute,cbt enough thinner,
L3:core/or/circuit_build_times_free_timeouts,3_op,core/or,circuit_build_times_free_timeouts,circuitstats.h,core/src/main/kotlin/org/kotlintor/circuit/CircuitStats.kt;core/src/main/kotlin/org/kotlintor/path/PathBias.kt;core/src/main/kotlin/org/kotlintor/circuit/Circuit.kt,D3,L3OpElevationTest + CircuitStats.circuitBuildTimesFreeTimeouts,cbt free thinner,
L3:core/or/circuit_build_times_generate_sample,3_op,core/or,circuit_build_times_generate_sample,circuitstats.h,core/src/main/kotlin/org/kotlintor/circuit/CircuitStats.kt;core/src/main/kotlin/org/kotlintor/path/PathBias.kt;core/src/main/kotlin/org/kotlintor/circuit/Circuit.kt,D3,L3OpElevationTest + CircuitStats.circuitBuildTimesGenerateSample,cbt sample thinner,
L3:core/or/circuit_build_times_get_xm,3_op,core/or,circuit_build_times_get_xm,circuitstats.h,core/src/main/kotlin/org/kotlintor/circuit/CircuitStats.kt;core/src/main/kotlin/org/kotlintor/path/PathBias.kt;core/src/main/kotlin/org/kotlintor/circuit/Circuit.kt,D3,L3OpElevationTest + CircuitStats.circuitBuildTimesGetXm,cbt xm thinner,
L3:core/or/circuit_build_times_handle_completed_hop,3_op,core/or,circuit_build_times_handle_completed_hop,circuitstats.h,core/src/main/kotlin/org/kotlintor/circuit/CircuitStats.kt;core/src/main/kotlin/org/kotlintor/path/PathBias.kt;core/src/main/kotlin/org/kotlintor/circuit/Circuit.kt,D3,L3OpElevationTest + CircuitStats.circuitBuildTimesHandleCompletedHop,cbt hop thinner,
L3:core/or/circuit_build_times_init,3_op,core/or,circuit_build_times_init,circuitstats.h,core/src/main/kotlin/org/kotlintor/circuit/CircuitStats.kt;core/src/main/kotlin/org/kotlintor/path/PathBias.kt;core/src/main/kotlin/org/kotlintor/circuit/Circuit.kt,D3,L3OpElevationTest + CircuitStats.circuitBuildTimesInit,cbt init thinner,
L3:core/or/circuit_build_times_initial_alpha,3_op,core/or,circuit_build_times_initial_alpha,circuitstats.h,core/src/main/kotlin/org/kotlintor/circuit/CircuitStats.kt;core/src/main/kotlin/org/kotlintor/path/PathBias.kt;core/src/main/kotlin/org/kotlintor/circuit/Circuit.kt,D3,L3OpElevationTest + CircuitStats.circuitBuildTimesInitialAlpha,cbt alpha thinner,
L3:core/or/circuit_build_times_initial_timeout,3_op,core/or,circuit_build_times_initial_timeout,circuitstats.h,core/src/main/kotlin/org/kotlintor/circuit/CircuitStats.kt;core/src/main/kotlin/org/kotlintor/path/PathBias.kt;core/src/main/kotlin/org/kotlintor/circuit/Circuit.kt,D3,L3OpElevationTest + CircuitStats.circuitBuildTimesInitialTimeout,cbt init timeout thinner,
L3:core/or/circuit_build_times_mark_circ_as_measurement_only,3_op,core/or,circuit_build_times_mark_circ_as_measurement_only,circuitstats.h,core/src/main/kotlin/org/kotlintor/circuit/CircuitStats.kt;core/src/main/kotlin/org/kotlintor/path/PathBias.kt;core/src/main/kotlin/org/kotlintor/circuit/Circuit.kt,D3,L3OpElevationTest + CircuitStats.circuitBuildTimesMarkCircAsMeasurementOnly,cbt measurement thinner,
L3:core/or/circuit_build_times_needs_circuits,3_op,core/or,circuit_build_times_needs_circuits,circuitstats.h,core/src/main/kotlin/org/kotlintor/circuit/CircuitStats.kt;core/src/main/kotlin/org/kotlintor/path/PathBias.kt;core/src/main/kotlin/org/kotlintor/circuit/Circuit.kt,D3,L3OpElevationTest + CircuitStats.circuitBuildTimesNeedsCircuits,cbt needs thinner,
L3:core/or/circuit_build_times_needs_circuits_now,3_op,core/or,circuit_build_times_needs_circuits_now,circuitstats.h,core/src/main/kotlin/org/kotlintor/circuit/CircuitStats.kt;core/src/main/kotlin/org/kotlintor/path/PathBias.kt;core/src/main/kotlin/org/kotlintor/circuit/Circuit.kt,D3,L3OpElevationTest + CircuitStats.circuitBuildTimesNeedsCircuitsNow,cbt needs now thinner,
L3:core/or/circuit_build_times_network_check_changed,3_op,core/or,circuit_build_times_network_check_changed,circuitstats.h,core/src/main/kotlin/org/kotlintor/circuit/CircuitStats.kt;core/src/main/kotlin/org/kotlintor/path/PathBias.kt;core/src/main/kotlin/org/kotlintor/circuit/Circuit.kt,D3,L3OpElevationTest + CircuitStats.circuitBuildTimesNetworkCheckChanged,cbt net changed thinner,
L3:core/or/circuit_build_times_network_check_live,3_op,core/or,circuit_build_times_network_check_live,circuitstats.h,core/src/main/kotlin/org/kotlintor/circuit/CircuitStats.kt;core/src/main/kotlin/org/kotlintor/path/PathBias.kt;core/src/main/kotlin/org/kotlintor/circuit/Circuit.kt,D3,L3OpElevationTest + CircuitStats.circuitBuildTimesNetworkCheckLive,cbt net live check thinner,
L3:core/or/circuit_build_times_network_circ_success,3_op,core/or,circuit_build_times_network_circ_success,circuitstats.h,core/src/main/kotlin/org/kotlintor/circuit/CircuitStats.kt;core/src/main/kotlin/org/kotlintor/path/PathBias.kt;core/src/main/kotlin/org/kotlintor/circuit/Circuit.kt,D3,L3OpElevationTest + CircuitStats.circuitBuildTimesNetworkCircSuccess,cbt net success thinner,
L3:core/or/circuit_build_times_network_is_live,3_op,core/or,circuit_build_times_network_is_live,circuitstats.h,core/src/main/kotlin/org/kotlintor/circuit/CircuitStats.kt;core/src/main/kotlin/org/kotlintor/path/PathBias.kt;core/src/main/kotlin/org/kotlintor/circuit/Circuit.kt,D3,L3OpElevationTest + CircuitStats.circuitBuildTimesNetworkIsLive,cbt net is live thinner,
L3:core/or/circuit_build_times_new_consensus_params,3_op,core/or,circuit_build_times_new_consensus_params,circuitstats.h,core/src/main/kotlin/org/kotlintor/circuit/CircuitStats.kt;core/src/main/kotlin/org/kotlintor/path/PathBias.kt;core/src/main/kotlin/org/kotlintor/circuit/Circuit.kt,D3,L3OpElevationTest + CircuitStats.circuitBuildTimesNewConsensusParams,cbt consensus thinner,
L3:core/or/circuit_build_times_parse_state,3_op,core/or,circuit_build_times_parse_state,circuitstats.h,core/src/main/kotlin/org/kotlintor/circuit/CircuitStats.kt;core/src/main/kotlin/org/kotlintor/path/PathBias.kt;core/src/main/kotlin/org/kotlintor/circuit/Circuit.kt,D3,L3OpElevationTest + CircuitStats.circuitBuildTimesParseState,cbt parse state thinner,
L3:core/or/circuit_build_failed,3_op,core/or,circuit_build_failed,circuituse.h,core/src/main/kotlin/org/kotlintor/circuit/CircuitUse.kt;core/src/main/kotlin/org/kotlintor/circuit/Circuit.kt,D3,L3OpElevationTest + CircuitUse.circuitBuildFailed,build failed thinner,
L3:core/or/circuit_build_needed_circs,3_op,core/or,circuit_build_needed_circs,circuituse.h,core/src/main/kotlin/org/kotlintor/circuit/CircuitUse.kt;core/src/main/kotlin/org/kotlintor/circuit/Circuit.kt,D3,L3OpElevationTest + CircuitUse.circuitBuildNeededCircs,needed circs thinner,
L3:core/or/circuit_change_purpose,3_op,core/or,circuit_change_purpose,circuituse.h,core/src/main/kotlin/org/kotlintor/circuit/CircuitUse.kt;core/src/main/kotlin/org/kotlintor/circuit/Circuit.kt,D3,L3OpElevationTest + CircuitUse.circuitChangePurpose,change purpose thinner,
L3:core/or/circuit_conforms_to_options,3_op,core/or,circuit_conforms_to_options,circuituse.h,core/src/main/kotlin/org/kotlintor/circuit/CircuitUse.kt;core/src/main/kotlin/org/kotlintor/circuit/Circuit.kt,D3,L3OpElevationTest + CircuitUse.circuitConformsToOptions,conforms options thinner,
L3:core/or/circuit_detach_stream,3_op,core/or,circuit_detach_stream,circuituse.h,core/src/main/kotlin/org/kotlintor/circuit/CircuitUse.kt;core/src/main/kotlin/org/kotlintor/circuit/Circuit.kt,D3,L3OpElevationTest + CircuitUse.circuitDetachStream,detach stream thinner,
L3:core/or/circuit_enough_testing_circs,3_op,core/or,circuit_enough_testing_circs,circuituse.h,core/src/main/kotlin/org/kotlintor/circuit/CircuitUse.kt;core/src/main/kotlin/org/kotlintor/circuit/Circuit.kt,D3,L3OpElevationTest + CircuitUse.circuitEnoughTestingCircs,enough testing thinner,
L3:core/or/circuit_expire_building,3_op,core/or,circuit_expire_building,circuituse.h,core/src/main/kotlin/org/kotlintor/circuit/CircuitUse.kt;core/src/main/kotlin/org/kotlintor/circuit/Circuit.kt,D3,L3OpElevationTest + CircuitUse.circuitExpireBuilding,expire building thinner,
L3:core/or/circuit_expire_old_circs_as_needed,3_op,core/or,circuit_expire_old_circs_as_needed,circuituse.h,core/src/main/kotlin/org/kotlintor/circuit/CircuitUse.kt;core/src/main/kotlin/org/kotlintor/circuit/Circuit.kt,D3,L3OpElevationTest + CircuitUse.circuitExpireOldCircsAsNeeded,expire old thinner,
L3:core/or/circuit_expire_old_circuits_serverside,3_op,core/or,circuit_expire_old_circuits_serverside,circuituse.h,core/src/main/kotlin/org/kotlintor/circuit/CircuitUse.kt;core/src/main/kotlin/org/kotlintor/circuit/Circuit.kt,D3,L3OpElevationTest + CircuitUse.circuitExpireOldCircuitsServerside,expire server thinner,
L3:core/or/circuit_expire_waiting_for_better_guard,3_op,core/or,circuit_expire_waiting_for_better_guard,circuituse.h,core/src/main/kotlin/org/kotlintor/circuit/CircuitUse.kt;core/src/main/kotlin/org/kotlintor/circuit/Circuit.kt,D3,L3OpElevationTest + CircuitUse.circuitExpireWaitingForBetterGuard,expire guard wait thinner,
L3:core/or/circuit_get_best,3_op,core/or,circuit_get_best,circuituse.h,core/src/main/kotlin/org/kotlintor/circuit/CircuitUse.kt;core/src/main/kotlin/org/kotlintor/circuit/Circuit.kt,D3,L3OpElevationTest + CircuitUse.circuitGetBest,get best thinner,
L3:core/or/circuit_has_opened,3_op,core/or,circuit_has_opened,circuituse.h,core/src/main/kotlin/org/kotlintor/circuit/CircuitUse.kt;core/src/main/kotlin/org/kotlintor/circuit/Circuit.kt,D3,L3OpElevationTest + CircuitUse.circuitHasOpened,has opened thinner,
L3:core/or/circuit_is_acceptable,3_op,core/or,circuit_is_acceptable,circuituse.h,core/src/main/kotlin/org/kotlintor/circuit/CircuitUse.kt;core/src/main/kotlin/org/kotlintor/circuit/Circuit.kt,D3,L3OpElevationTest + CircuitUse.circuitIsAcceptable,is acceptable thinner,
L3:core/or/circuit_is_available_for_use,3_op,core/or,circuit_is_available_for_use,circuituse.h,core/src/main/kotlin/org/kotlintor/circuit/CircuitUse.kt;core/src/main/kotlin/org/kotlintor/circuit/Circuit.kt,D3,L3OpElevationTest + CircuitUse.circuitIsAvailableForUse,available use thinner,
L3:core/or/circuit_is_hs_v3,3_op,core/or,circuit_is_hs_v3,circuituse.h,core/src/main/kotlin/org/kotlintor/circuit/CircuitUse.kt;core/src/main/kotlin/org/kotlintor/circuit/Circuit.kt,D3,L3OpElevationTest + CircuitUse.circuitIsHsV3,hs v3 thinner,
L3:core/or/circuit_launch,3_op,core/or,circuit_launch,circuituse.h,core/src/main/kotlin/org/kotlintor/circuit/CircuitUse.kt;core/src/main/kotlin/org/kotlintor/circuit/Circuit.kt,D3,L3OpElevationTest + CircuitUse.circuitLaunch,circuit launch thinner,
L3:core/or/circuit_launch_by_extend_info,3_op,core/or,circuit_launch_by_extend_info,circuituse.h,core/src/main/kotlin/org/kotlintor/circuit/CircuitUse.kt;core/src/main/kotlin/org/kotlintor/circuit/Circuit.kt,D3,L3OpElevationTest + CircuitUse.circuitLaunchByExtendInfo,launch extend thinner,
L3:core/or/circuit_log_ancient_one_hop_circuits,3_op,core/or,circuit_log_ancient_one_hop_circuits,circuituse.h,core/src/main/kotlin/org/kotlintor/circuit/CircuitUse.kt;core/src/main/kotlin/org/kotlintor/circuit/Circuit.kt,D3,L3OpElevationTest + CircuitUse.circuitLogAncientOneHopCircuits,ancient onehop thinner,
L3:core/or/circuit_purpose_is_hidden_service,3_op,core/or,circuit_purpose_is_hidden_service,circuituse.h,core/src/main/kotlin/org/kotlintor/circuit/CircuitUse.kt;core/src/main/kotlin/org/kotlintor/circuit/Circuit.kt,D3,L3OpElevationTest + CircuitUse.circuitPurposeIsHiddenService,purpose hs thinner,
L3:core/or/circuit_purpose_is_hs_client,3_op,core/or,circuit_purpose_is_hs_client,circuituse.h,core/src/main/kotlin/org/kotlintor/circuit/CircuitUse.kt;core/src/main/kotlin/org/kotlintor/circuit/Circuit.kt,D3,L3OpElevationTest + CircuitUse.circuitPurposeIsHsClient,purpose hs client thinner,
L3:core/or/circuit_purpose_is_hs_service,3_op,core/or,circuit_purpose_is_hs_service,circuituse.h,core/src/main/kotlin/org/kotlintor/circuit/CircuitUse.kt;core/src/main/kotlin/org/kotlintor/circuit/Circuit.kt,D3,L3OpElevationTest + CircuitUse.circuitPurposeIsHsService,purpose hs service thinner,
L3:core/or/circuit_purpose_is_hs_vanguards,3_op,core/or,circuit_purpose_is_hs_vanguards,circuituse.h,core/src/main/kotlin/org/kotlintor/circuit/CircuitUse.kt;core/src/main/kotlin/org/kotlintor/circuit/Circuit.kt,D3,L3OpElevationTest + CircuitUse.circuitPurposeIsHsVanguards,purpose vanguards thinner,
L3:core/or/circuit_read_valid_data,3_op,core/or,circuit_read_valid_data,circuituse.h,core/src/main/kotlin/org/kotlintor/circuit/CircuitUse.kt;core/src/main/kotlin/org/kotlintor/circuit/Circuit.kt,D3,L3OpElevationTest + CircuitUse.circuitReadValidData,read valid data thinner,
L3:core/or/circuit_remove_handled_ports,3_op,core/or,circuit_remove_handled_ports,circuituse.h,core/src/main/kotlin/org/kotlintor/circuit/CircuitUse.kt;core/src/main/kotlin/org/kotlintor/circuit/Circuit.kt,D3,L3OpElevationTest + CircuitUse.circuitRemoveHandledPorts,remove ports thinner,
L3:core/or/circuit_reset_failure_count,3_op,core/or,circuit_reset_failure_count,circuituse.h,core/src/main/kotlin/org/kotlintor/circuit/CircuitUse.kt;core/src/main/kotlin/org/kotlintor/circuit/Circuit.kt,D3,L3OpElevationTest + CircuitUse.circuitResetFailureCount,reset failures thinner,
L3:core/or/cell_command_to_string,3_op,core/or,cell_command_to_string,command.h,core/src/main/kotlin/org/kotlintor/circuit/Command.kt;core/src/main/kotlin/org/kotlintor/cell/CellCommand.kt,D3,L3OpElevationTest + Command.cellCommandToString,cell cmd string thinner,
L3:core/or/command_process_cell,3_op,core/or,command_process_cell,command.h,core/src/main/kotlin/org/kotlintor/circuit/Command.kt;core/src/main/kotlin/org/kotlintor/cell/CellCommand.kt,D3,L3OpElevationTest + Command.commandProcessCell,cmd process thinner,
L3:core/or/command_setup_channel,3_op,core/or,command_setup_channel,command.h,core/src/main/kotlin/org/kotlintor/circuit/Command.kt;core/src/main/kotlin/org/kotlintor/cell/CellCommand.kt,D3,L3OpElevationTest + Command.commandSetupChannel,cmd setup chan thinner,
L3:core/or/command_setup_listener,3_op,core/or,command_setup_listener,command.h,core/src/main/kotlin/org/kotlintor/circuit/Command.kt;core/src/main/kotlin/org/kotlintor/cell/CellCommand.kt,D3,L3OpElevationTest + Command.commandSetupListener,cmd setup listen thinner,
L3:core/or/circuit_ccontrol,3_op,core/or,circuit_ccontrol,conflux.h,core/src/main/kotlin/org/kotlintor/circuit/Conflux.kt;core/src/main/kotlin/org/kotlintor/circuit/ConfluxScheduler.kt;core/src/main/kotlin/org/kotlintor/circuit/ConfluxParams.kt;core/src/main/kotlin/org/kotlintor/circuit/ConfluxCell.kt;core/src/main/kotlin/org/kotlintor/circuit/ConfluxUtil.kt,D3,L3OpElevationTest + Conflux.circuitCcontrol,ccontrol thinner,
L3:core/or/conflux_clear_ooo_q,3_op,core/or,conflux_clear_ooo_q,conflux.h,core/src/main/kotlin/org/kotlintor/circuit/Conflux.kt;core/src/main/kotlin/org/kotlintor/circuit/ConfluxScheduler.kt;core/src/main/kotlin/org/kotlintor/circuit/ConfluxParams.kt;core/src/main/kotlin/org/kotlintor/circuit/ConfluxCell.kt;core/src/main/kotlin/org/kotlintor/circuit/ConfluxUtil.kt,D3,L3OpElevationTest + Conflux.confluxClearOooQ,ooo clear thinner,
L3:core/or/conflux_decide_circ_for_send,3_op,core/or,conflux_decide_circ_for_send,conflux.h,core/src/main/kotlin/org/kotlintor/circuit/Conflux.kt;core/src/main/kotlin/org/kotlintor/circuit/ConfluxScheduler.kt;core/src/main/kotlin/org/kotlintor/circuit/ConfluxParams.kt;core/src/main/kotlin/org/kotlintor/circuit/ConfluxCell.kt;core/src/main/kotlin/org/kotlintor/circuit/ConfluxUtil.kt,D3,L3OpElevationTest + Conflux.confluxDecideCircForSend,decide send circ thinner,
L3:core/or/conflux_decide_next_circ,3_op,core/or,conflux_decide_next_circ,conflux.h,core/src/main/kotlin/org/kotlintor/circuit/Conflux.kt;core/src/main/kotlin/org/kotlintor/circuit/ConfluxScheduler.kt;core/src/main/kotlin/org/kotlintor/circuit/ConfluxParams.kt;core/src/main/kotlin/org/kotlintor/circuit/ConfluxCell.kt;core/src/main/kotlin/org/kotlintor/circuit/ConfluxUtil.kt,D3,L3OpElevationTest + Conflux.confluxDecideNextCirc,decide next circ thinner,
L3:core/or/conflux_dequeue_relay_msg,3_op,core/or,conflux_dequeue_relay_msg,conflux.h,core/src/main/kotlin/org/kotlintor/circuit/Conflux.kt;core/src/main/kotlin/org/kotlintor/circuit/ConfluxScheduler.kt;core/src/main/kotlin/org/kotlintor/circuit/ConfluxParams.kt;core/src/main/kotlin/org/kotlintor/circuit/ConfluxCell.kt;core/src/main/kotlin/org/kotlintor/circuit/ConfluxUtil.kt,D3,L3OpElevationTest + Conflux.confluxDequeueRelayMsg,dequeue msg thinner,
L3:core/or/conflux_get_circ_bytes_allocation,3_op,core/or,conflux_get_circ_bytes_allocation,conflux.h,core/src/main/kotlin/org/kotlintor/circuit/Conflux.kt;core/src/main/kotlin/org/kotlintor/circuit/ConfluxScheduler.kt;core/src/main/kotlin/org/kotlintor/circuit/ConfluxParams.kt;core/src/main/kotlin/org/kotlintor/circuit/ConfluxCell.kt;core/src/main/kotlin/org/kotlintor/circuit/ConfluxUtil.kt,D3,L3OpElevationTest + Conflux.confluxGetCircBytesAllocation,circ bytes thinner,
L3:core/or/conflux_get_leg,3_op,core/or,conflux_get_leg,conflux.h,core/src/main/kotlin/org/kotlintor/circuit/Conflux.kt;core/src/main/kotlin/org/kotlintor/circuit/ConfluxScheduler.kt;core/src/main/kotlin/org/kotlintor/circuit/ConfluxParams.kt;core/src/main/kotlin/org/kotlintor/circuit/ConfluxCell.kt;core/src/main/kotlin/org/kotlintor/circuit/ConfluxUtil.kt,D3,L3OpElevationTest + Conflux.confluxGetLeg,get leg thinner,
L3:core/or/conflux_get_max_seq_recv,3_op,core/or,conflux_get_max_seq_recv,conflux.h,core/src/main/kotlin/org/kotlintor/circuit/Conflux.kt;core/src/main/kotlin/org/kotlintor/circuit/ConfluxScheduler.kt;core/src/main/kotlin/org/kotlintor/circuit/ConfluxParams.kt;core/src/main/kotlin/org/kotlintor/circuit/ConfluxCell.kt;core/src/main/kotlin/org/kotlintor/circuit/ConfluxUtil.kt,D3,L3OpElevationTest + Conflux.confluxGetMaxSeqRecv,max seq recv thinner,
L3:core/or/conflux_get_max_seq_sent,3_op,core/or,conflux_get_max_seq_sent,conflux.h,core/src/main/kotlin/org/kotlintor/circuit/Conflux.kt;core/src/main/kotlin/org/kotlintor/circuit/ConfluxScheduler.kt;core/src/main/kotlin/org/kotlintor/circuit/ConfluxParams.kt;core/src/main/kotlin/org/kotlintor/circuit/ConfluxCell.kt;core/src/main/kotlin/org/kotlintor/circuit/ConfluxUtil.kt,D3,L3OpElevationTest + Conflux.confluxGetMaxSeqSent,max seq sent thinner,
L3:core/or/conflux_get_total_bytes_allocation,3_op,core/or,conflux_get_total_bytes_allocation,conflux.h,core/src/main/kotlin/org/kotlintor/circuit/Conflux.kt;core/src/main/kotlin/org/kotlintor/circuit/ConfluxScheduler.kt;core/src/main/kotlin/org/kotlintor/circuit/ConfluxParams.kt;core/src/main/kotlin/org/kotlintor/circuit/ConfluxCell.kt;core/src/main/kotlin/org/kotlintor/circuit/ConfluxUtil.kt,D3,L3OpElevationTest + Conflux.confluxGetTotalBytesAllocation,total bytes thinner,
L3:core/or/conflux_handle_oom,3_op,core/or,conflux_handle_oom,conflux.h,core/src/main/kotlin/org/kotlintor/circuit/Conflux.kt;core/src/main/kotlin/org/kotlintor/circuit/ConfluxScheduler.kt;core/src/main/kotlin/org/kotlintor/circuit/ConfluxParams.kt;core/src/main/kotlin/org/kotlintor/circuit/ConfluxCell.kt;core/src/main/kotlin/org/kotlintor/circuit/ConfluxUtil.kt,D3,L3OpElevationTest + Conflux.confluxHandleOom,oom thinner,
L3:core/or/conflux_msg_alloc_cost,3_op,core/or,conflux_msg_alloc_cost,conflux.h,core/src/main/kotlin/org/kotlintor/circuit/Conflux.kt;core/src/main/kotlin/org/kotlintor/circuit/ConfluxScheduler.kt;core/src/main/kotlin/org/kotlintor/circuit/ConfluxParams.kt;core/src/main/kotlin/org/kotlintor/circuit/ConfluxCell.kt;core/src/main/kotlin/org/kotlintor/circuit/ConfluxUtil.kt,D3,L3OpElevationTest + Conflux.confluxMsgAllocCost,msg cost thinner,
L3:core/or/conflux_note_cell_sent,3_op,core/or,conflux_note_cell_sent,conflux.h,core/src/main/kotlin/org/kotlintor/circuit/Conflux.kt;core/src/main/kotlin/org/kotlintor/circuit/ConfluxScheduler.kt;core/src/main/kotlin/org/kotlintor/circuit/ConfluxParams.kt;core/src/main/kotlin/org/kotlintor/circuit/ConfluxCell.kt;core/src/main/kotlin/org/kotlintor/circuit/ConfluxUtil.kt,D3,L3OpElevationTest + Conflux.confluxNoteCellSent,note cell thinner,
L3:core/or/conflux_process_relay_msg,3_op,core/or,conflux_process_relay_msg,conflux.h,core/src/main/kotlin/org/kotlintor/circuit/Conflux.kt;core/src/main/kotlin/org/kotlintor/circuit/ConfluxScheduler.kt;core/src/main/kotlin/org/kotlintor/circuit/ConfluxParams.kt;core/src/main/kotlin/org/kotlintor/circuit/ConfluxCell.kt;core/src/main/kotlin/org/kotlintor/circuit/ConfluxUtil.kt,D3,L3OpElevationTest + Conflux.confluxProcessRelayMsg,process relay thinner,
L3:core/or/conflux_process_switch_command,3_op,core/or,conflux_process_switch_command,conflux.h,core/src/main/kotlin/org/kotlintor/circuit/Conflux.kt;core/src/main/kotlin/org/kotlintor/circuit/ConfluxScheduler.kt;core/src/main/kotlin/org/kotlintor/circuit/ConfluxParams.kt;core/src/main/kotlin/org/kotlintor/circuit/ConfluxCell.kt;core/src/main/kotlin/org/kotlintor/circuit/ConfluxUtil.kt,D3,L3OpElevationTest + Conflux.confluxProcessSwitchCommand,process switch thinner,
L3:core/or/conflux_relay_msg_free_,3_op,core/or,conflux_relay_msg_free_,conflux.h,core/src/main/kotlin/org/kotlintor/circuit/Conflux.kt;core/src/main/kotlin/org/kotlintor/circuit/ConfluxScheduler.kt;core/src/main/kotlin/org/kotlintor/circuit/ConfluxParams.kt;core/src/main/kotlin/org/kotlintor/circuit/ConfluxCell.kt;core/src/main/kotlin/org/kotlintor/circuit/ConfluxUtil.kt,D3,L3OpElevationTest + Conflux.confluxRelayMsgFree_,relay msg free thinner,
L3:core/or/conflux_should_multiplex,3_op,core/or,conflux_should_multiplex,conflux.h,core/src/main/kotlin/org/kotlintor/circuit/Conflux.kt;core/src/main/kotlin/org/kotlintor/circuit/ConfluxScheduler.kt;core/src/main/kotlin/org/kotlintor/circuit/ConfluxParams.kt;core/src/main/kotlin/org/kotlintor/circuit/ConfluxCell.kt;core/src/main/kotlin/org/kotlintor/circuit/ConfluxUtil.kt,D3,L3OpElevationTest + Conflux.confluxShouldMultiplex,should mux thinner,
L3:core/or/conflux_update_rtt,3_op,core/or,conflux_update_rtt,conflux.h,core/src/main/kotlin/org/kotlintor/circuit/Conflux.kt;core/src/main/kotlin/org/kotlintor/circuit/ConfluxScheduler.kt;core/src/main/kotlin/org/kotlintor/circuit/ConfluxParams.kt;core/src/main/kotlin/org/kotlintor/circuit/ConfluxCell.kt;core/src/main/kotlin/org/kotlintor/circuit/ConfluxUtil.kt,D3,L3OpElevationTest + Conflux.confluxUpdateRtt,update rtt thinner,
L3:core/or/build_link_cell,3_op,core/or,build_link_cell,conflux_cell.h,core/src/main/kotlin/org/kotlintor/circuit/ConfluxCell.kt;core/src/main/kotlin/org/kotlintor/circuit/Conflux.kt;core/src/main/kotlin/org/kotlintor/cell/Cell.kt,D3,L3OpElevationTest + ConfluxCell.buildLinkCell,conflux link cell thinner,
L3:core/or/conflux_cell_new_link,3_op,core/or,conflux_cell_new_link,conflux_cell.h,core/src/main/kotlin/org/kotlintor/circuit/ConfluxCell.kt;core/src/main/kotlin/org/kotlintor/circuit/Conflux.kt;core/src/main/kotlin/org/kotlintor/cell/Cell.kt,D3,L3OpElevationTest + ConfluxCell.confluxCellNewLink,cell new link thinner,
L3:core/or/conflux_cell_parse_link,3_op,core/or,conflux_cell_parse_link,conflux_cell.h,core/src/main/kotlin/org/kotlintor/circuit/ConfluxCell.kt;core/src/main/kotlin/org/kotlintor/circuit/Conflux.kt;core/src/main/kotlin/org/kotlintor/cell/Cell.kt,D3,L3OpElevationTest + ConfluxCell.confluxCellParseLink,cell parse link thinner,
L3:core/or/conflux_cell_parse_linked,3_op,core/or,conflux_cell_parse_linked,conflux_cell.h,core/src/main/kotlin/org/kotlintor/circuit/ConfluxCell.kt;core/src/main/kotlin/org/kotlintor/circuit/Conflux.kt;core/src/main/kotlin/org/kotlintor/cell/Cell.kt,D3,L3OpElevationTest + ConfluxCell.confluxCellParseLinked,cell parse linked thinner,
L3:core/or/conflux_cell_parse_switch,3_op,core/or,conflux_cell_parse_switch,conflux_cell.h,core/src/main/kotlin/org/kotlintor/circuit/ConfluxCell.kt;core/src/main/kotlin/org/kotlintor/circuit/Conflux.kt;core/src/main/kotlin/org/kotlintor/cell/Cell.kt,D3,L3OpElevationTest + ConfluxCell.confluxCellParseSwitch,cell parse switch thinner,
L3:core/or/conflux_cell_send_link,3_op,core/or,conflux_cell_send_link,conflux_cell.h,core/src/main/kotlin/org/kotlintor/circuit/ConfluxCell.kt;core/src/main/kotlin/org/kotlintor/circuit/Conflux.kt;core/src/main/kotlin/org/kotlintor/cell/Cell.kt,D3,L3OpElevationTest + ConfluxCell.confluxCellSendLink,cell send link thinner,
L3:core/or/conflux_cell_send_linked,3_op,core/or,conflux_cell_send_linked,conflux_cell.h,core/src/main/kotlin/org/kotlintor/circuit/ConfluxCell.kt;core/src/main/kotlin/org/kotlintor/circuit/Conflux.kt;core/src/main/kotlin/org/kotlintor/cell/Cell.kt,D3,L3OpElevationTest + ConfluxCell.confluxCellSendLinked,cell send linked thinner,
L3:core/or/conflux_cell_send_linked_ack,3_op,core/or,conflux_cell_send_linked_ack,conflux_cell.h,core/src/main/kotlin/org/kotlintor/circuit/ConfluxCell.kt;core/src/main/kotlin/org/kotlintor/circuit/Conflux.kt;core/src/main/kotlin/org/kotlintor/cell/Cell.kt,D3,L3OpElevationTest + ConfluxCell.confluxCellSendLinkedAck,cell send linked ack thinner,
L3:core/or/conflux_send_switch_command,3_op,core/or,conflux_send_switch_command,conflux_cell.h,core/src/main/kotlin/org/kotlintor/circuit/ConfluxCell.kt;core/src/main/kotlin/org/kotlintor/circuit/Conflux.kt;core/src/main/kotlin/org/kotlintor/cell/Cell.kt,D3,L3OpElevationTest + ConfluxCell.confluxSendSwitchCommand,send switch thinner,
L3:core/or/conflux_is_enabled,3_op,core/or,conflux_is_enabled,conflux_params.h,core/src/main/kotlin/org/kotlintor/circuit/ConfluxParams.kt;core/src/main/kotlin/org/kotlintor/circuit/Conflux.kt;core/src/main/kotlin/org/kotlintor/or/ConfluxParamsSt.kt,D3,L3OpElevationTest + ConfluxParams.confluxIsEnabled,cfx enabled thinner,
L3:core/or/conflux_params_get_drain_pct,3_op,core/or,conflux_params_get_drain_pct,conflux_params.h,core/src/main/kotlin/org/kotlintor/circuit/ConfluxParams.kt;core/src/main/kotlin/org/kotlintor/circuit/Conflux.kt;core/src/main/kotlin/org/kotlintor/or/ConfluxParamsSt.kt,D3,L3OpElevationTest + ConfluxParams.confluxParamsGetDrainPct,drain pct thinner,
L3:core/or/conflux_params_get_max_legs_set,3_op,core/or,conflux_params_get_max_legs_set,conflux_params.h,core/src/main/kotlin/org/kotlintor/circuit/ConfluxParams.kt;core/src/main/kotlin/org/kotlintor/circuit/Conflux.kt;core/src/main/kotlin/org/kotlintor/or/ConfluxParamsSt.kt,D3,L3OpElevationTest + ConfluxParams.confluxParamsGetMaxLegsSet,max legs thinner,
L3:core/or/conflux_params_get_max_linked_set,3_op,core/or,conflux_params_get_max_linked_set,conflux_params.h,core/src/main/kotlin/org/kotlintor/circuit/ConfluxParams.kt;core/src/main/kotlin/org/kotlintor/circuit/Conflux.kt;core/src/main/kotlin/org/kotlintor/or/ConfluxParamsSt.kt,D3,L3OpElevationTest + ConfluxParams.confluxParamsGetMaxLinkedSet,max linked thinner,
L3:core/or/conflux_params_get_max_oooq,3_op,core/or,conflux_params_get_max_oooq,conflux_params.h,core/src/main/kotlin/org/kotlintor/circuit/ConfluxParams.kt;core/src/main/kotlin/org/kotlintor/circuit/Conflux.kt;core/src/main/kotlin/org/kotlintor/or/ConfluxParamsSt.kt,D3,L3OpElevationTest + ConfluxParams.confluxParamsGetMaxOooq,max oooq thinner,
L3:core/or/conflux_params_get_max_prebuilt,3_op,core/or,conflux_params_get_max_prebuilt,conflux_params.h,core/src/main/kotlin/org/kotlintor/circuit/ConfluxParams.kt;core/src/main/kotlin/org/kotlintor/circuit/Conflux.kt;core/src/main/kotlin/org/kotlintor/or/ConfluxParamsSt.kt,D3,L3OpElevationTest + ConfluxParams.confluxParamsGetMaxPrebuilt,max prebuilt thinner,
L3:core/or/conflux_params_get_max_unlinked_leg_retry,3_op,core/or,conflux_params_get_max_unlinked_leg_retry,conflux_params.h,core/src/main/kotlin/org/kotlintor/circuit/ConfluxParams.kt;core/src/main/kotlin/org/kotlintor/circuit/Conflux.kt;core/src/main/kotlin/org/kotlintor/or/ConfluxParamsSt.kt,D3,L3OpElevationTest + ConfluxParams.confluxParamsGetMaxUnlinkedLegRetry,max unlinked retry thinner,
L3:core/or/conflux_params_get_num_legs_set,3_op,core/or,conflux_params_get_num_legs_set,conflux_params.h,core/src/main/kotlin/org/kotlintor/circuit/ConfluxParams.kt;core/src/main/kotlin/org/kotlintor/circuit/Conflux.kt;core/src/main/kotlin/org/kotlintor/or/ConfluxParamsSt.kt,D3,L3OpElevationTest + ConfluxParams.confluxParamsGetNumLegsSet,num legs thinner,
L3:core/or/conflux_params_get_send_pct,3_op,core/or,conflux_params_get_send_pct,conflux_params.h,core/src/main/kotlin/org/kotlintor/circuit/ConfluxParams.kt;core/src/main/kotlin/org/kotlintor/circuit/Conflux.kt;core/src/main/kotlin/org/kotlintor/or/ConfluxParamsSt.kt,D3,L3OpElevationTest + ConfluxParams.confluxParamsGetSendPct,send pct thinner,
L3:core/or/conflux_params_new_consensus,3_op,core/or,conflux_params_new_consensus,conflux_params.h,core/src/main/kotlin/org/kotlintor/circuit/ConfluxParams.kt;core/src/main/kotlin/org/kotlintor/circuit/Conflux.kt;core/src/main/kotlin/org/kotlintor/or/ConfluxParamsSt.kt,D3,L3OpElevationTest + ConfluxParams.confluxParamsNewConsensus,cfx consensus thinner,
L3:core/or/conflux_add_guards_to_exclude_list,3_op,core/or,conflux_add_guards_to_exclude_list,conflux_pool.h,core/src/main/kotlin/org/kotlintor/circuit/ConfluxPool.kt;core/src/main/kotlin/org/kotlintor/circuit/Conflux.kt,D3,L3OpElevationTest + ConfluxPool.confluxAddGuardsToExcludeList,exclude guards thinner,
L3:core/or/conflux_add_middles_to_exclude_list,3_op,core/or,conflux_add_middles_to_exclude_list,conflux_pool.h,core/src/main/kotlin/org/kotlintor/circuit/ConfluxPool.kt;core/src/main/kotlin/org/kotlintor/circuit/Conflux.kt,D3,L3OpElevationTest + ConfluxPool.confluxAddMiddlesToExcludeList,exclude middles thinner,
L3:core/or/conflux_circuit_about_to_free,3_op,core/or,conflux_circuit_about_to_free,conflux_pool.h,core/src/main/kotlin/org/kotlintor/circuit/ConfluxPool.kt;core/src/main/kotlin/org/kotlintor/circuit/Conflux.kt,D3,L3OpElevationTest + ConfluxPool.confluxCircuitAboutToFree,about to free thinner,
L3:core/or/conflux_circuit_has_closed,3_op,core/or,conflux_circuit_has_closed,conflux_pool.h,core/src/main/kotlin/org/kotlintor/circuit/ConfluxPool.kt;core/src/main/kotlin/org/kotlintor/circuit/Conflux.kt,D3,L3OpElevationTest + ConfluxPool.confluxCircuitHasClosed,circ closed thinner,
L3:core/or/conflux_circuit_has_opened,3_op,core/or,conflux_circuit_has_opened,conflux_pool.h,core/src/main/kotlin/org/kotlintor/circuit/ConfluxPool.kt;core/src/main/kotlin/org/kotlintor/circuit/Conflux.kt,D3,L3OpElevationTest + ConfluxPool.confluxCircuitHasOpened,circ opened thinner,
L3:core/or/conflux_clear_shutdown,3_op,core/or,conflux_clear_shutdown,conflux_pool.h,core/src/main/kotlin/org/kotlintor/circuit/ConfluxPool.kt;core/src/main/kotlin/org/kotlintor/circuit/Conflux.kt,D3,L3OpElevationTest + ConfluxPool.confluxClearShutdown,clear shutdown thinner,
L3:core/or/conflux_get_circ_for_conn,3_op,core/or,conflux_get_circ_for_conn,conflux_pool.h,core/src/main/kotlin/org/kotlintor/circuit/ConfluxPool.kt;core/src/main/kotlin/org/kotlintor/circuit/Conflux.kt,D3,L3OpElevationTest + ConfluxPool.confluxGetCircForConn,circ for conn thinner,
L3:core/or/conflux_launch_leg,3_op,core/or,conflux_launch_leg,conflux_pool.h,core/src/main/kotlin/org/kotlintor/circuit/ConfluxPool.kt;core/src/main/kotlin/org/kotlintor/circuit/Conflux.kt,D3,L3OpElevationTest + ConfluxPool.confluxLaunchLeg,launch leg thinner,
L3:core/or/conflux_log_set,3_op,core/or,conflux_log_set,conflux_pool.h,core/src/main/kotlin/org/kotlintor/circuit/ConfluxPool.kt;core/src/main/kotlin/org/kotlintor/circuit/Conflux.kt,D3,L3OpElevationTest + ConfluxPool.confluxLogSet,log set thinner,
L3:core/or/conflux_mark_all_for_close,3_op,core/or,conflux_mark_all_for_close,conflux_pool.h,core/src/main/kotlin/org/kotlintor/circuit/ConfluxPool.kt;core/src/main/kotlin/org/kotlintor/circuit/Conflux.kt,D3,L3OpElevationTest + ConfluxPool.confluxMarkAllForClose,mark all close thinner,
L3:core/or/conflux_notify_shutdown,3_op,core/or,conflux_notify_shutdown,conflux_pool.h,core/src/main/kotlin/org/kotlintor/circuit/ConfluxPool.kt;core/src/main/kotlin/org/kotlintor/circuit/Conflux.kt,D3,L3OpElevationTest + ConfluxPool.confluxNotifyShutdown,notify shutdown thinner,
L3:core/or/conflux_pool_free_all,3_op,core/or,conflux_pool_free_all,conflux_pool.h,core/src/main/kotlin/org/kotlintor/circuit/ConfluxPool.kt;core/src/main/kotlin/org/kotlintor/circuit/Conflux.kt,D3,L3OpElevationTest + ConfluxPool.confluxPoolFreeAll,pool free thinner,
L3:core/or/conflux_pool_init,3_op,core/or,conflux_pool_init,conflux_pool.h,core/src/main/kotlin/org/kotlintor/circuit/ConfluxPool.kt;core/src/main/kotlin/org/kotlintor/circuit/Conflux.kt,D3,L3OpElevationTest + ConfluxPool.confluxPoolInit,pool init thinner,
L3:core/or/conflux_predict_new,3_op,core/or,conflux_predict_new,conflux_pool.h,core/src/main/kotlin/org/kotlintor/circuit/ConfluxPool.kt;core/src/main/kotlin/org/kotlintor/circuit/Conflux.kt,D3,L3OpElevationTest + ConfluxPool.confluxPredictNew,predict new thinner,
L3:core/or/conflux_process_link,3_op,core/or,conflux_process_link,conflux_pool.h,core/src/main/kotlin/org/kotlintor/circuit/ConfluxPool.kt;core/src/main/kotlin/org/kotlintor/circuit/Conflux.kt,D3,L3OpElevationTest + ConfluxPool.confluxProcessLink,process link thinner,
L3:core/or/conflux_process_linked,3_op,core/or,conflux_process_linked,conflux_pool.h,core/src/main/kotlin/org/kotlintor/circuit/ConfluxPool.kt;core/src/main/kotlin/org/kotlintor/circuit/Conflux.kt,D3,L3OpElevationTest + ConfluxPool.confluxProcessLinked,process linked thinner,
L3:core/or/conflux_process_linked_ack,3_op,core/or,conflux_process_linked_ack,conflux_pool.h,core/src/main/kotlin/org/kotlintor/circuit/ConfluxPool.kt;core/src/main/kotlin/org/kotlintor/circuit/Conflux.kt,D3,L3OpElevationTest + ConfluxPool.confluxProcessLinkedAck,process linked ack thinner,
L3:core/or/get_linked_pool,3_op,core/or,get_linked_pool,conflux_pool.h,core/src/main/kotlin/org/kotlintor/circuit/ConfluxPool.kt;core/src/main/kotlin/org/kotlintor/circuit/Conflux.kt,D3,L3OpElevationTest + ConfluxPool.getLinkedPool,linked pool thinner,
L3:core/or/get_unlinked_pool,3_op,core/or,get_unlinked_pool,conflux_pool.h,core/src/main/kotlin/org/kotlintor/circuit/ConfluxPool.kt;core/src/main/kotlin/org/kotlintor/circuit/Conflux.kt,D3,L3OpElevationTest + ConfluxPool.getUnlinkedPool,unlinked pool thinner,
L3:core/or/launch_new_set,3_op,core/or,launch_new_set,conflux_pool.h,core/src/main/kotlin/org/kotlintor/circuit/ConfluxPool.kt;core/src/main/kotlin/org/kotlintor/circuit/Conflux.kt,D3,L3OpElevationTest + ConfluxPool.launchNewSet,launch set thinner,
L3:core/or/circuit_get_package_window,3_op,core/or,circuit_get_package_window,conflux_util.h,core/src/main/kotlin/org/kotlintor/circuit/ConfluxUtil.kt;core/src/main/kotlin/org/kotlintor/circuit/Conflux.kt,D3,L3OpElevationTest + ConfluxUtil.circuitGetPackageWindow,pkg window thinner,
L3:core/or/conflux_can_send,3_op,core/or,conflux_can_send,conflux_util.h,core/src/main/kotlin/org/kotlintor/circuit/ConfluxUtil.kt;core/src/main/kotlin/org/kotlintor/circuit/Conflux.kt,D3,L3OpElevationTest + ConfluxUtil.confluxCanSend,can send thinner,
L3:core/or/conflux_get_circ_rtt,3_op,core/or,conflux_get_circ_rtt,conflux_util.h,core/src/main/kotlin/org/kotlintor/circuit/ConfluxUtil.kt;core/src/main/kotlin/org/kotlintor/circuit/Conflux.kt,D3,L3OpElevationTest + ConfluxUtil.confluxGetCircRtt,circ rtt thinner,
L3:core/or/conflux_get_destination_hop,3_op,core/or,conflux_get_destination_hop,conflux_util.h,core/src/main/kotlin/org/kotlintor/circuit/ConfluxUtil.kt;core/src/main/kotlin/org/kotlintor/circuit/Conflux.kt,D3,L3OpElevationTest + ConfluxUtil.confluxGetDestinationHop,dest hop thinner,
L3:core/or/conflux_get_nonce,3_op,core/or,conflux_get_nonce,conflux_util.h,core/src/main/kotlin/org/kotlintor/circuit/ConfluxUtil.kt;core/src/main/kotlin/org/kotlintor/circuit/Conflux.kt,D3,L3OpElevationTest + ConfluxUtil.confluxGetNonce,get nonce thinner,
L3:core/or/conflux_sync_circ_fields,3_op,core/or,conflux_sync_circ_fields,conflux_util.h,core/src/main/kotlin/org/kotlintor/circuit/ConfluxUtil.kt;core/src/main/kotlin/org/kotlintor/circuit/Conflux.kt,D3,L3OpElevationTest + ConfluxUtil.confluxSyncCircFields,sync fields thinner,
L3:core/or/conflux_update_half_streams,3_op,core/or,conflux_update_half_streams,conflux_util.h,core/src/main/kotlin/org/kotlintor/circuit/ConfluxUtil.kt;core/src/main/kotlin/org/kotlintor/circuit/Conflux.kt,D3,L3OpElevationTest + ConfluxUtil.confluxUpdateHalfStreams,half streams thinner,
L3:core/or/conflux_update_n_streams,3_op,core/or,conflux_update_n_streams,conflux_util.h,core/src/main/kotlin/org/kotlintor/circuit/ConfluxUtil.kt;core/src/main/kotlin/org/kotlintor/circuit/Conflux.kt,D3,L3OpElevationTest + ConfluxUtil.confluxUpdateNStreams,n streams thinner,
L3:core/or/conflux_update_p_streams,3_op,core/or,conflux_update_p_streams,conflux_util.h,core/src/main/kotlin/org/kotlintor/circuit/ConfluxUtil.kt;core/src/main/kotlin/org/kotlintor/circuit/Conflux.kt,D3,L3OpElevationTest + ConfluxUtil.confluxUpdatePStreams,p streams thinner,
L3:core/or/conflux_update_resolving_streams,3_op,core/or,conflux_update_resolving_streams,conflux_util.h,core/src/main/kotlin/org/kotlintor/circuit/ConfluxUtil.kt;core/src/main/kotlin/org/kotlintor/circuit/Conflux.kt,D3,L3OpElevationTest + ConfluxUtil.confluxUpdateResolvingStreams,resolving streams thinner,
L3:core/or/conflux_validate_legs,3_op,core/or,conflux_validate_legs,conflux_util.h,core/src/main/kotlin/org/kotlintor/circuit/ConfluxUtil.kt;core/src/main/kotlin/org/kotlintor/circuit/Conflux.kt,D3,L3OpElevationTest + ConfluxUtil.confluxValidateLegs,validate legs thinner,
L3:core/or/conflux_validate_source_hop,3_op,core/or,conflux_validate_source_hop,conflux_util.h,core/src/main/kotlin/org/kotlintor/circuit/ConfluxUtil.kt;core/src/main/kotlin/org/kotlintor/circuit/Conflux.kt,D3,L3OpElevationTest + ConfluxUtil.confluxValidateSourceHop,validate source thinner,
L3:core/or/conflux_validate_stream_lists,3_op,core/or,conflux_validate_stream_lists,conflux_util.h,core/src/main/kotlin/org/kotlintor/circuit/ConfluxUtil.kt;core/src/main/kotlin/org/kotlintor/circuit/Conflux.kt,D3,L3OpElevationTest + ConfluxUtil.confluxValidateStreamLists,validate streams thinner,
L3:core/or/edge_get_max_rtt,3_op,core/or,edge_get_max_rtt,conflux_util.h,core/src/main/kotlin/org/kotlintor/circuit/ConfluxUtil.kt;core/src/main/kotlin/org/kotlintor/circuit/Conflux.kt,D3,L3OpElevationTest + ConfluxUtil.edgeGetMaxRtt,edge max rtt thinner,
L3:core/or/edge_uses_cpath,3_op,core/or,edge_uses_cpath,conflux_util.h,core/src/main/kotlin/org/kotlintor/circuit/ConfluxUtil.kt;core/src/main/kotlin/org/kotlintor/circuit/Conflux.kt,D3,L3OpElevationTest + ConfluxUtil.edgeUsesCpath,edge cpath thinner,
L3:core/or/relay_crypt_from_last_hop,3_op,core/or,relay_crypt_from_last_hop,conflux_util.h,core/src/main/kotlin/org/kotlintor/circuit/ConfluxUtil.kt;core/src/main/kotlin/org/kotlintor/circuit/Conflux.kt,D3,L3OpElevationTest + ConfluxUtil.relayCryptFromLastHop,relay last hop thinner,
L3:core/or/circuit_sent_cell_for_sendme,3_op,core/or,circuit_sent_cell_for_sendme,congestion_control_common.h,core/src/main/kotlin/org/kotlintor/circuit/CongestionControlCommon.kt;core/src/main/kotlin/org/kotlintor/circuit/CongestionControl.kt;core/src/main/kotlin/org/kotlintor/trunnel/CongestionControl.kt;control/src/main/kotlin/org/kotlintor/control/Control.kt,D3,L3OpElevationTest + CongestionControlCommon.circuitSentCellForSendme,sent for sendme thinner,
L3:core/or/congestion_control_build_ext_request,3_op,core/or,congestion_control_build_ext_request,congestion_control_common.h,core/src/main/kotlin/org/kotlintor/circuit/CongestionControlCommon.kt;core/src/main/kotlin/org/kotlintor/circuit/CongestionControl.kt;core/src/main/kotlin/org/kotlintor/trunnel/CongestionControl.kt;control/src/main/kotlin/org/kotlintor/control/Control.kt,D3,L3OpElevationTest + CongestionControlCommon.congestionControlBuildExtRequest,cc ext req thinner,
L3:core/or/congestion_control_build_ext_response,3_op,core/or,congestion_control_build_ext_response,congestion_control_common.h,core/src/main/kotlin/org/kotlintor/circuit/CongestionControlCommon.kt;core/src/main/kotlin/org/kotlintor/circuit/CongestionControl.kt;core/src/main/kotlin/org/kotlintor/trunnel/CongestionControl.kt;control/src/main/kotlin/org/kotlintor/control/Control.kt,D3,L3OpElevationTest + CongestionControlCommon.congestionControlBuildExtResponse,cc ext resp thinner,
L3:core/or/congestion_control_dispatch_cc_alg,3_op,core/or,congestion_control_dispatch_cc_alg,congestion_control_common.h,core/src/main/kotlin/org/kotlintor/circuit/CongestionControlCommon.kt;core/src/main/kotlin/org/kotlintor/circuit/CongestionControl.kt;core/src/main/kotlin/org/kotlintor/trunnel/CongestionControl.kt;control/src/main/kotlin/org/kotlintor/control/Control.kt,D3,L3OpElevationTest + CongestionControlCommon.congestionControlDispatchCcAlg,cc dispatch thinner,
L3:core/or/congestion_control_enabled,3_op,core/or,congestion_control_enabled,congestion_control_common.h,core/src/main/kotlin/org/kotlintor/circuit/CongestionControlCommon.kt;core/src/main/kotlin/org/kotlintor/circuit/CongestionControl.kt;core/src/main/kotlin/org/kotlintor/trunnel/CongestionControl.kt;control/src/main/kotlin/org/kotlintor/control/Control.kt,D3,L3OpElevationTest + CongestionControlCommon.congestionControlEnabled,cc enabled thinner,
L3:core/or/congestion_control_free_,3_op,core/or,congestion_control_free_,congestion_control_common.h,core/src/main/kotlin/org/kotlintor/circuit/CongestionControlCommon.kt;core/src/main/kotlin/org/kotlintor/circuit/CongestionControl.kt;core/src/main/kotlin/org/kotlintor/trunnel/CongestionControl.kt;control/src/main/kotlin/org/kotlintor/control/Control.kt,D3,L3OpElevationTest + CongestionControlCommon.congestionControlFree,cc free thinner,
L3:core/or/congestion_control_get_control_port_fields,3_op,core/or,congestion_control_get_control_port_fields,congestion_control_common.h,core/src/main/kotlin/org/kotlintor/circuit/CongestionControlCommon.kt;core/src/main/kotlin/org/kotlintor/circuit/CongestionControl.kt;core/src/main/kotlin/org/kotlintor/trunnel/CongestionControl.kt;control/src/main/kotlin/org/kotlintor/control/Control.kt,D3,L3OpElevationTest + CongestionControlCommon.congestionControlGetControlPortFields,cc ctrl fields thinner,
L3:core/or/congestion_control_get_num_clock_stalls,3_op,core/or,congestion_control_get_num_clock_stalls,congestion_control_common.h,core/src/main/kotlin/org/kotlintor/circuit/CongestionControlCommon.kt;core/src/main/kotlin/org/kotlintor/circuit/CongestionControl.kt;core/src/main/kotlin/org/kotlintor/trunnel/CongestionControl.kt;control/src/main/kotlin/org/kotlintor/control/Control.kt,D3,L3OpElevationTest + CongestionControlCommon.congestionControlGetNumClockStalls,cc clock stalls thinner,
L3:core/or/congestion_control_get_num_rtt_reset,3_op,core/or,congestion_control_get_num_rtt_reset,congestion_control_common.h,core/src/main/kotlin/org/kotlintor/circuit/CongestionControlCommon.kt;core/src/main/kotlin/org/kotlintor/circuit/CongestionControl.kt;core/src/main/kotlin/org/kotlintor/trunnel/CongestionControl.kt;control/src/main/kotlin/org/kotlintor/control/Control.kt,D3,L3OpElevationTest + CongestionControlCommon.congestionControlGetNumRttReset,cc rtt reset thinner,
L3:core/or/congestion_control_get_package_window,3_op,core/or,congestion_control_get_package_window,congestion_control_common.h,core/src/main/kotlin/org/kotlintor/circuit/CongestionControlCommon.kt;core/src/main/kotlin/org/kotlintor/circuit/CongestionControl.kt;core/src/main/kotlin/org/kotlintor/trunnel/CongestionControl.kt;control/src/main/kotlin/org/kotlintor/control/Control.kt,D3,L3OpElevationTest + CongestionControlCommon.congestionControlGetPackageWindow,cc package window thinner,
L3:core/or/congestion_control_new,3_op,core/or,congestion_control_new,congestion_control_common.h,core/src/main/kotlin/org/kotlintor/circuit/CongestionControlCommon.kt;core/src/main/kotlin/org/kotlintor/circuit/CongestionControl.kt;core/src/main/kotlin/org/kotlintor/trunnel/CongestionControl.kt;control/src/main/kotlin/org/kotlintor/control/Control.kt,D3,L3OpElevationTest + CongestionControlCommon.congestionControlNew,cc new thinner,
L3:core/or/congestion_control_new_consensus_params,3_op,core/or,congestion_control_new_consensus_params,congestion_control_common.h,core/src/main/kotlin/org/kotlintor/circuit/CongestionControlCommon.kt;core/src/main/kotlin/org/kotlintor/circuit/CongestionControl.kt;core/src/main/kotlin/org/kotlintor/trunnel/CongestionControl.kt;control/src/main/kotlin/org/kotlintor/control/Control.kt,D3,L3OpElevationTest + CongestionControlCommon.congestionControlNewConsensusParams,cc consensus thinner,
L3:core/or/congestion_control_note_cell_sent,3_op,core/or,congestion_control_note_cell_sent,congestion_control_common.h,core/src/main/kotlin/org/kotlintor/circuit/CongestionControlCommon.kt;core/src/main/kotlin/org/kotlintor/circuit/CongestionControl.kt;core/src/main/kotlin/org/kotlintor/trunnel/CongestionControl.kt;control/src/main/kotlin/org/kotlintor/control/Control.kt,D3,L3OpElevationTest + CongestionControlCommon.congestionControlNoteCellSent,cc note sent thinner,
L3:core/or/congestion_control_parse_ext_request,3_op,core/or,congestion_control_parse_ext_request,congestion_control_common.h,core/src/main/kotlin/org/kotlintor/circuit/CongestionControlCommon.kt;core/src/main/kotlin/org/kotlintor/circuit/CongestionControl.kt;core/src/main/kotlin/org/kotlintor/trunnel/CongestionControl.kt;control/src/main/kotlin/org/kotlintor/control/Control.kt,D3,L3OpElevationTest + CongestionControlCommon.congestionControlParseExtRequest,cc parse req thinner,
L3:core/or/congestion_control_parse_ext_response,3_op,core/or,congestion_control_parse_ext_response,congestion_control_common.h,core/src/main/kotlin/org/kotlintor/circuit/CongestionControlCommon.kt;core/src/main/kotlin/org/kotlintor/circuit/CongestionControl.kt;core/src/main/kotlin/org/kotlintor/trunnel/CongestionControl.kt;control/src/main/kotlin/org/kotlintor/control/Control.kt,D3,L3OpElevationTest + CongestionControlCommon.congestionControlParseExtResponse,cc parse resp thinner,
L3:core/or/congestion_control_set_cc_disabled,3_op,core/or,congestion_control_set_cc_disabled,congestion_control_common.h,core/src/main/kotlin/org/kotlintor/circuit/CongestionControlCommon.kt;core/src/main/kotlin/org/kotlintor/circuit/CongestionControl.kt;core/src/main/kotlin/org/kotlintor/trunnel/CongestionControl.kt;control/src/main/kotlin/org/kotlintor/control/Control.kt,D3,L3OpElevationTest + CongestionControlCommon.congestionControlSetCcDisabled,cc disable thinner,
L3:core/or/congestion_control_set_cc_enabled,3_op,core/or,congestion_control_set_cc_enabled,congestion_control_common.h,core/src/main/kotlin/org/kotlintor/circuit/CongestionControlCommon.kt;core/src/main/kotlin/org/kotlintor/circuit/CongestionControl.kt;core/src/main/kotlin/org/kotlintor/trunnel/CongestionControl.kt;control/src/main/kotlin/org/kotlintor/control/Control.kt,D3,L3OpElevationTest + CongestionControlCommon.congestionControlSetCcEnabled,cc enable thinner,
L3:core/or/congestion_control_update_circuit_estimates,3_op,core/or,congestion_control_update_circuit_estimates,congestion_control_common.h,core/src/main/kotlin/org/kotlintor/circuit/CongestionControlCommon.kt;core/src/main/kotlin/org/kotlintor/circuit/CongestionControl.kt;core/src/main/kotlin/org/kotlintor/trunnel/CongestionControl.kt;control/src/main/kotlin/org/kotlintor/control/Control.kt,D3,L3OpElevationTest + CongestionControlCommon.congestionControlUpdateCircuitEstimates,cc estimates thinner,
L3:core/or/congestion_control_update_circuit_rtt,3_op,core/or,congestion_control_update_circuit_rtt,congestion_control_common.h,core/src/main/kotlin/org/kotlintor/circuit/CongestionControlCommon.kt;core/src/main/kotlin/org/kotlintor/circuit/CongestionControl.kt;core/src/main/kotlin/org/kotlintor/trunnel/CongestionControl.kt;control/src/main/kotlin/org/kotlintor/control/Control.kt,D3,L3OpElevationTest + CongestionControlCommon.congestionControlUpdateCircuitRtt,cc rtt update thinner,
L3:core/or/congestion_control_validate_sendme_increment,3_op,core/or,congestion_control_validate_sendme_increment,congestion_control_common.h,core/src/main/kotlin/org/kotlintor/circuit/CongestionControlCommon.kt;core/src/main/kotlin/org/kotlintor/circuit/CongestionControl.kt;core/src/main/kotlin/org/kotlintor/trunnel/CongestionControl.kt;control/src/main/kotlin/org/kotlintor/control/Control.kt,D3,L3OpElevationTest + CongestionControlCommon.congestionControlValidateSendmeIncrement,cc sendme inc thinner,
L3:core/or/enqueue_timestamp,3_op,core/or,enqueue_timestamp,congestion_control_common.h,core/src/main/kotlin/org/kotlintor/circuit/CongestionControlCommon.kt;core/src/main/kotlin/org/kotlintor/circuit/CongestionControl.kt;core/src/main/kotlin/org/kotlintor/trunnel/CongestionControl.kt;control/src/main/kotlin/org/kotlintor/control/Control.kt,D3,L3OpElevationTest + CongestionControlCommon.enqueueTimestamp,enqueue ts thinner,
L3:core/or/is_monotime_clock_reliable,3_op,core/or,is_monotime_clock_reliable,congestion_control_common.h,core/src/main/kotlin/org/kotlintor/circuit/CongestionControlCommon.kt;core/src/main/kotlin/org/kotlintor/circuit/CongestionControl.kt;core/src/main/kotlin/org/kotlintor/trunnel/CongestionControl.kt;control/src/main/kotlin/org/kotlintor/control/Control.kt,D3,L3OpElevationTest + CongestionControlCommon.isMonotimeClockReliable,monotime thinner,
L3:core/or/percent_max_mix,3_op,core/or,percent_max_mix,congestion_control_common.h,core/src/main/kotlin/org/kotlintor/circuit/CongestionControlCommon.kt;core/src/main/kotlin/org/kotlintor/circuit/CongestionControl.kt;core/src/main/kotlin/org/kotlintor/trunnel/CongestionControl.kt;control/src/main/kotlin/org/kotlintor/control/Control.kt,D3,L3OpElevationTest + CongestionControlCommon.percentMaxMix,percent mix thinner,
L3:core/or/sendme_get_inc_count,3_op,core/or,sendme_get_inc_count,congestion_control_common.h,core/src/main/kotlin/org/kotlintor/circuit/CongestionControlCommon.kt;core/src/main/kotlin/org/kotlintor/circuit/CongestionControl.kt;core/src/main/kotlin/org/kotlintor/trunnel/CongestionControl.kt;control/src/main/kotlin/org/kotlintor/control/Control.kt,D3,L3OpElevationTest + CongestionControlCommon.sendmeGetIncCount,sendme inc count thinner,
L3:core/or/time_delta_stalled_or_jumped,3_op,core/or,time_delta_stalled_or_jumped,congestion_control_common.h,core/src/main/kotlin/org/kotlintor/circuit/CongestionControlCommon.kt;core/src/main/kotlin/org/kotlintor/circuit/CongestionControl.kt;core/src/main/kotlin/org/kotlintor/trunnel/CongestionControl.kt;control/src/main/kotlin/org/kotlintor/control/Control.kt,D3,L3OpElevationTest + CongestionControlCommon.timeDeltaStalledOrJumped,time delta stall thinner,
L3:core/or/circuit_process_stream_xoff,3_op,core/or,circuit_process_stream_xoff,congestion_control_flow.h,core/src/main/kotlin/org/kotlintor/circuit/CongestionControlFlow.kt;core/src/main/kotlin/org/kotlintor/circuit/CongestionControl.kt;core/src/main/kotlin/org/kotlintor/trunnel/CongestionControl.kt;control/src/main/kotlin/org/kotlintor/control/Control.kt,D3,L3OpElevationTest + CongestionControlFlow.circuitProcessStreamXoff,stream xoff thinner,
L3:core/or/circuit_process_stream_xon,3_op,core/or,circuit_process_stream_xon,congestion_control_flow.h,core/src/main/kotlin/org/kotlintor/circuit/CongestionControlFlow.kt;core/src/main/kotlin/org/kotlintor/circuit/CongestionControl.kt;core/src/main/kotlin/org/kotlintor/trunnel/CongestionControl.kt;control/src/main/kotlin/org/kotlintor/control/Control.kt,D3,L3OpElevationTest + CongestionControlFlow.circuitProcessStreamXon,stream xon thinner,
L3:core/or/conn_uses_flow_control,3_op,core/or,conn_uses_flow_control,congestion_control_flow.h,core/src/main/kotlin/org/kotlintor/circuit/CongestionControlFlow.kt;core/src/main/kotlin/org/kotlintor/circuit/CongestionControl.kt;core/src/main/kotlin/org/kotlintor/trunnel/CongestionControl.kt;control/src/main/kotlin/org/kotlintor/control/Control.kt,D3,L3OpElevationTest + CongestionControlFlow.connUsesFlowControl,conn flow thinner,
L3:core/or/edge_uses_flow_control,3_op,core/or,edge_uses_flow_control,congestion_control_flow.h,core/src/main/kotlin/org/kotlintor/circuit/CongestionControlFlow.kt;core/src/main/kotlin/org/kotlintor/circuit/CongestionControl.kt;core/src/main/kotlin/org/kotlintor/trunnel/CongestionControl.kt;control/src/main/kotlin/org/kotlintor/control/Control.kt,D3,L3OpElevationTest + CongestionControlFlow.edgeUsesFlowControl,edge flow thinner,
L3:core/or/flow_control_decide_xoff,3_op,core/or,flow_control_decide_xoff,congestion_control_flow.h,core/src/main/kotlin/org/kotlintor/circuit/CongestionControlFlow.kt;core/src/main/kotlin/org/kotlintor/circuit/CongestionControl.kt;core/src/main/kotlin/org/kotlintor/trunnel/CongestionControl.kt;control/src/main/kotlin/org/kotlintor/control/Control.kt,D3,L3OpElevationTest + CongestionControlFlow.flowControlDecideXoff,decide xoff thinner,
L3:core/or/flow_control_decide_xon,3_op,core/or,flow_control_decide_xon,congestion_control_flow.h,core/src/main/kotlin/org/kotlintor/circuit/CongestionControlFlow.kt;core/src/main/kotlin/org/kotlintor/circuit/CongestionControl.kt;core/src/main/kotlin/org/kotlintor/trunnel/CongestionControl.kt;control/src/main/kotlin/org/kotlintor/control/Control.kt,D3,L3OpElevationTest + CongestionControlFlow.flowControlDecideXon,decide xon thinner,
L3:core/or/flow_control_new_consensus_params,3_op,core/or,flow_control_new_consensus_params,congestion_control_flow.h,core/src/main/kotlin/org/kotlintor/circuit/CongestionControlFlow.kt;core/src/main/kotlin/org/kotlintor/circuit/CongestionControl.kt;core/src/main/kotlin/org/kotlintor/trunnel/CongestionControl.kt;control/src/main/kotlin/org/kotlintor/control/Control.kt,D3,L3OpElevationTest + CongestionControlFlow.flowControlNewConsensusParams,flow consensus thinner,
L3:core/or/flow_control_note_sent_data,3_op,core/or,flow_control_note_sent_data,congestion_control_flow.h,core/src/main/kotlin/org/kotlintor/circuit/CongestionControlFlow.kt;core/src/main/kotlin/org/kotlintor/circuit/CongestionControl.kt;core/src/main/kotlin/org/kotlintor/trunnel/CongestionControl.kt;control/src/main/kotlin/org/kotlintor/control/Control.kt,D3,L3OpElevationTest + CongestionControlFlow.flowControlNoteSentData,note sent thinner,
L3:core/or/congestion_control_vegas_process_sendme,3_op,core/or,congestion_control_vegas_process_sendme,congestion_control_vegas.h,core/src/main/kotlin/org/kotlintor/circuit/CongestionControlVegas.kt;core/src/main/kotlin/org/kotlintor/circuit/CongestionControl.kt;core/src/main/kotlin/org/kotlintor/trunnel/CongestionControl.kt;control/src/main/kotlin/org/kotlintor/control/Control.kt,D3,L3OpElevationTest + CongestionControlVegas.congestionControlVegasProcessSendme,vegas sendme thinner,
L3:core/or/congestion_control_vegas_set_params,3_op,core/or,congestion_control_vegas_set_params,congestion_control_vegas.h,core/src/main/kotlin/org/kotlintor/circuit/CongestionControlVegas.kt;core/src/main/kotlin/org/kotlintor/circuit/CongestionControl.kt;core/src/main/kotlin/org/kotlintor/trunnel/CongestionControl.kt;control/src/main/kotlin/org/kotlintor/control/Control.kt,D3,L3OpElevationTest + CongestionControlVegas.congestionControlVegasSetParams,vegas params thinner,
L3:core/or/address_is_invalid_destination,3_op,core/or,address_is_invalid_destination,connection_edge.h,core/src/main/kotlin/org/kotlintor/circuit/ConnectionEdge.kt;core/src/main/kotlin/org/kotlintor/link/Connection.kt,D3,L3OpElevationTest + ConnectionEdge.addressIsInvalidDestination,invalid dest thinner,
L3:core/or/begin_cell_parse,3_op,core/or,begin_cell_parse,connection_edge.h,core/src/main/kotlin/org/kotlintor/circuit/ConnectionEdge.kt;core/src/main/kotlin/org/kotlintor/link/Connection.kt,D3,L3OpElevationTest + ConnectionEdge.beginCellParse,begin parse thinner,
L3:core/or/circuit_clear_isolation,3_op,core/or,circuit_clear_isolation,connection_edge.h,core/src/main/kotlin/org/kotlintor/circuit/ConnectionEdge.kt;core/src/main/kotlin/org/kotlintor/link/Connection.kt,D3,L3OpElevationTest + ConnectionEdge.circuitClearIsolation,clear isolation thinner,
L3:core/or/circuit_discard_optional_exit_enclaves,3_op,core/or,circuit_discard_optional_exit_enclaves,connection_edge.h,core/src/main/kotlin/org/kotlintor/circuit/ConnectionEdge.kt;core/src/main/kotlin/org/kotlintor/link/Connection.kt,D3,L3OpElevationTest + ConnectionEdge.circuitDiscardOptionalExitEnclaves,enclaves thinner,
L3:core/or/clip_dns_fuzzy_ttl,3_op,core/or,clip_dns_fuzzy_ttl,connection_edge.h,core/src/main/kotlin/org/kotlintor/circuit/ConnectionEdge.kt;core/src/main/kotlin/org/kotlintor/link/Connection.kt,D3,L3OpElevationTest + ConnectionEdge.clipDnsFuzzyTtl,fuzzy ttl thinner,
L3:core/or/clip_dns_ttl,3_op,core/or,clip_dns_ttl,connection_edge.h,core/src/main/kotlin/org/kotlintor/circuit/ConnectionEdge.kt;core/src/main/kotlin/org/kotlintor/link/Connection.kt,D3,L3OpElevationTest + ConnectionEdge.clipDnsTtl,clip ttl thinner,
L3:core/or/connected_cell_format_payload,3_op,core/or,connected_cell_format_payload,connection_edge.h,core/src/main/kotlin/org/kotlintor/circuit/ConnectionEdge.kt;core/src/main/kotlin/org/kotlintor/link/Connection.kt,D3,L3OpElevationTest + ConnectionEdge.connectedCellFormatPayload,connected format thinner,
L3:core/or/connection_ap_about_to_close,3_op,core/or,connection_ap_about_to_close,connection_edge.h,core/src/main/kotlin/org/kotlintor/circuit/ConnectionEdge.kt;core/src/main/kotlin/org/kotlintor/link/Connection.kt,D3,L3OpElevationTest + ConnectionEdge.connectionApAboutToClose,ap about close thinner,
L3:core/or/connection_ap_attach_pending,3_op,core/or,connection_ap_attach_pending,connection_edge.h,core/src/main/kotlin/org/kotlintor/circuit/ConnectionEdge.kt;core/src/main/kotlin/org/kotlintor/link/Connection.kt,D3,L3OpElevationTest + ConnectionEdge.connectionApAttachPending,ap attach thinner,
L3:core/or/connection_ap_can_use_exit,3_op,core/or,connection_ap_can_use_exit,connection_edge.h,core/src/main/kotlin/org/kotlintor/circuit/ConnectionEdge.kt;core/src/main/kotlin/org/kotlintor/link/Connection.kt,D3,L3OpElevationTest + ConnectionEdge.connectionApCanUseExit,ap can exit thinner,
L3:core/or/connection_ap_detach_retriable,3_op,core/or,connection_ap_detach_retriable,connection_edge.h,core/src/main/kotlin/org/kotlintor/circuit/ConnectionEdge.kt;core/src/main/kotlin/org/kotlintor/link/Connection.kt,D3,L3OpElevationTest + ConnectionEdge.connectionApDetachRetriable,ap detach thinner,
L3:core/or/connection_ap_expire_beginning,3_op,core/or,connection_ap_expire_beginning,connection_edge.h,core/src/main/kotlin/org/kotlintor/circuit/ConnectionEdge.kt;core/src/main/kotlin/org/kotlintor/link/Connection.kt,D3,L3OpElevationTest + ConnectionEdge.connectionApExpireBeginning,ap expire thinner,
L3:core/or/connection_ap_fail_onehop,3_op,core/or,connection_ap_fail_onehop,connection_edge.h,core/src/main/kotlin/org/kotlintor/circuit/ConnectionEdge.kt;core/src/main/kotlin/org/kotlintor/link/Connection.kt,D3,L3OpElevationTest + ConnectionEdge.connectionApFailOnehop,ap fail onehop thinner,
L3:core/or/connection_ap_handshake_rewrite,3_op,core/or,connection_ap_handshake_rewrite,connection_edge.h,core/src/main/kotlin/org/kotlintor/circuit/ConnectionEdge.kt;core/src/main/kotlin/org/kotlintor/link/Connection.kt,D3,L3OpElevationTest + ConnectionEdge.connectionApHandshakeRewrite,ap rewrite thinner,
L3:core/or/connection_ap_handshake_rewrite_and_attach,3_op,core/or,connection_ap_handshake_rewrite_and_attach,connection_edge.h,core/src/main/kotlin/org/kotlintor/circuit/ConnectionEdge.kt;core/src/main/kotlin/org/kotlintor/link/Connection.kt,D3,L3OpElevationTest + ConnectionEdge.connectionApHandshakeRewriteAndAttach,ap rewrite attach thinner,
L3:core/or/connection_ap_handshake_send_resolve,3_op,core/or,connection_ap_handshake_send_resolve,connection_edge.h,core/src/main/kotlin/org/kotlintor/circuit/ConnectionEdge.kt;core/src/main/kotlin/org/kotlintor/link/Connection.kt,D3,L3OpElevationTest + ConnectionEdge.connectionApHandshakeSendResolve,ap resolve thinner,
L3:core/or/connection_ap_handshake_socks_reply,3_op,core/or,connection_ap_handshake_socks_reply,connection_edge.h,core/src/main/kotlin/org/kotlintor/circuit/ConnectionEdge.kt;core/src/main/kotlin/org/kotlintor/link/Connection.kt,D3,L3OpElevationTest + ConnectionEdge.connectionApHandshakeSocksReply,ap socks reply thinner,
L3:core/or/connection_ap_handshake_socks_resolved_addr,3_op,core/or,connection_ap_handshake_socks_resolved_addr,connection_edge.h,core/src/main/kotlin/org/kotlintor/circuit/ConnectionEdge.kt;core/src/main/kotlin/org/kotlintor/link/Connection.kt,D3,L3OpElevationTest + ConnectionEdge.connectionApHandshakeSocksResolvedAddr,ap socks addr thinner,
L3:core/or/connection_ap_make_link,3_op,core/or,connection_ap_make_link,connection_edge.h,core/src/main/kotlin/org/kotlintor/circuit/ConnectionEdge.kt;core/src/main/kotlin/org/kotlintor/link/Connection.kt,D3,L3OpElevationTest + ConnectionEdge.connectionApMakeLink,ap make link thinner,
L3:core/or/connection_ap_mark_as_non_pending_circuit,3_op,core/or,connection_ap_mark_as_non_pending_circuit,connection_edge.h,core/src/main/kotlin/org/kotlintor/circuit/ConnectionEdge.kt;core/src/main/kotlin/org/kotlintor/link/Connection.kt,D3,L3OpElevationTest + ConnectionEdge.connectionApMarkAsNonPendingCircuit,ap non pending thinner,
L3:core/or/connection_ap_mark_as_pending_circuit_,3_op,core/or,connection_ap_mark_as_pending_circuit_,connection_edge.h,core/src/main/kotlin/org/kotlintor/circuit/ConnectionEdge.kt;core/src/main/kotlin/org/kotlintor/link/Connection.kt,D3,L3OpElevationTest + ConnectionEdge.connectionApMarkAsPendingCircuit_,ap pending thinner,
L3:core/or/connection_ap_mark_as_waiting_for_renddesc,3_op,core/or,connection_ap_mark_as_waiting_for_renddesc,connection_edge.h,core/src/main/kotlin/org/kotlintor/circuit/ConnectionEdge.kt;core/src/main/kotlin/org/kotlintor/link/Connection.kt,D3,L3OpElevationTest + ConnectionEdge.connectionApMarkAsWaitingForRenddesc,ap renddesc thinner,
L3:core/or/connection_ap_process_http_connect,3_op,core/or,connection_ap_process_http_connect,connection_edge.h,core/src/main/kotlin/org/kotlintor/circuit/ConnectionEdge.kt;core/src/main/kotlin/org/kotlintor/link/Connection.kt,D3,L3OpElevationTest + ConnectionEdge.connectionApProcessHttpConnect,ap http connect thinner,
L3:core/or/connection_ap_process_transparent,3_op,core/or,connection_ap_process_transparent,connection_edge.h,core/src/main/kotlin/org/kotlintor/circuit/ConnectionEdge.kt;core/src/main/kotlin/org/kotlintor/link/Connection.kt,D3,L3OpElevationTest + ConnectionEdge.connectionApProcessTransparent,ap transparent thinner,
L3:core/or/connection_ap_rescan_and_attach_pending,3_op,core/or,connection_ap_rescan_and_attach_pending,connection_edge.h,core/src/main/kotlin/org/kotlintor/circuit/ConnectionEdge.kt;core/src/main/kotlin/org/kotlintor/link/Connection.kt,D3,L3OpElevationTest + ConnectionEdge.connectionApRescanAndAttachPending,ap rescan thinner,
L3:core/or/cell_pack,3_op,core/or,cell_pack,connection_or.h,core/src/main/kotlin/org/kotlintor/link/ConnectionOr.kt;core/src/main/kotlin/org/kotlintor/link/OrConnection.kt;core/src/main/kotlin/org/kotlintor/link/Connection.kt,D3,L3OpElevationTest + ConnectionOr.cellPack,cell pack thinner,
L3:core/or/clear_broken_connection_map,3_op,core/or,clear_broken_connection_map,connection_or.h,core/src/main/kotlin/org/kotlintor/link/ConnectionOr.kt;core/src/main/kotlin/org/kotlintor/link/OrConnection.kt;core/src/main/kotlin/org/kotlintor/link/Connection.kt,D3,L3OpElevationTest + ConnectionOr.clearBrokenConnectionMap,broken map clear thinner,
L3:core/or/connection_init_or_handshake_state,3_op,core/or,connection_init_or_handshake_state,connection_or.h,core/src/main/kotlin/org/kotlintor/link/ConnectionOr.kt;core/src/main/kotlin/org/kotlintor/link/OrConnection.kt;core/src/main/kotlin/org/kotlintor/link/Connection.kt,D3,L3OpElevationTest + ConnectionOr.connectionInitOrHandshakeState,or hs state thinner,
L3:core/or/connection_or_about_to_close,3_op,core/or,connection_or_about_to_close,connection_or.h,core/src/main/kotlin/org/kotlintor/link/ConnectionOr.kt;core/src/main/kotlin/org/kotlintor/link/OrConnection.kt;core/src/main/kotlin/org/kotlintor/link/Connection.kt,D3,L3OpElevationTest + ConnectionOr.connectionOrAboutToClose,or about close thinner,
L3:core/or/connection_or_clear_identity,3_op,core/or,connection_or_clear_identity,connection_or.h,core/src/main/kotlin/org/kotlintor/link/ConnectionOr.kt;core/src/main/kotlin/org/kotlintor/link/OrConnection.kt;core/src/main/kotlin/org/kotlintor/link/Connection.kt,D3,L3OpElevationTest + ConnectionOr.connectionOrClearIdentity,or clear id thinner,
L3:core/or/connection_or_clear_identity_map,3_op,core/or,connection_or_clear_identity_map,connection_or.h,core/src/main/kotlin/org/kotlintor/link/ConnectionOr.kt;core/src/main/kotlin/org/kotlintor/link/OrConnection.kt;core/src/main/kotlin/org/kotlintor/link/Connection.kt,D3,L3OpElevationTest + ConnectionOr.connectionOrClearIdentityMap,or clear id map thinner,
L3:core/or/connection_or_client_learned_peer_id,3_op,core/or,connection_or_client_learned_peer_id,connection_or.h,core/src/main/kotlin/org/kotlintor/link/ConnectionOr.kt;core/src/main/kotlin/org/kotlintor/link/OrConnection.kt;core/src/main/kotlin/org/kotlintor/link/Connection.kt,D3,L3OpElevationTest + ConnectionOr.connectionOrClientLearnedPeerId,or learned peer thinner,
L3:core/or/connection_or_client_used,3_op,core/or,connection_or_client_used,connection_or.h,core/src/main/kotlin/org/kotlintor/link/ConnectionOr.kt;core/src/main/kotlin/org/kotlintor/link/OrConnection.kt;core/src/main/kotlin/org/kotlintor/link/Connection.kt,D3,L3OpElevationTest + ConnectionOr.connectionOrClientUsed,or client used thinner,
L3:core/or/connection_or_close_normally,3_op,core/or,connection_or_close_normally,connection_or.h,core/src/main/kotlin/org/kotlintor/link/ConnectionOr.kt;core/src/main/kotlin/org/kotlintor/link/OrConnection.kt;core/src/main/kotlin/org/kotlintor/link/Connection.kt,D3,L3OpElevationTest + ConnectionOr.connectionOrCloseNormally,or close normal thinner,
L3:core/or/connection_or_connect_failed,3_op,core/or,connection_or_connect_failed,connection_or.h,core/src/main/kotlin/org/kotlintor/link/ConnectionOr.kt;core/src/main/kotlin/org/kotlintor/link/OrConnection.kt;core/src/main/kotlin/org/kotlintor/link/Connection.kt,D3,L3OpElevationTest + ConnectionOr.connectionOrConnectFailed,or connect fail thinner,
L3:core/or/connection_or_digest_is_known_relay,3_op,core/or,connection_or_digest_is_known_relay,connection_or.h,core/src/main/kotlin/org/kotlintor/link/ConnectionOr.kt;core/src/main/kotlin/org/kotlintor/link/OrConnection.kt;core/src/main/kotlin/org/kotlintor/link/Connection.kt,D3,L3OpElevationTest + ConnectionOr.connectionOrDigestIsKnownRelay,or known relay thinner,
L3:core/or/connection_or_event_status,3_op,core/or,connection_or_event_status,connection_or.h,core/src/main/kotlin/org/kotlintor/link/ConnectionOr.kt;core/src/main/kotlin/org/kotlintor/link/OrConnection.kt;core/src/main/kotlin/org/kotlintor/link/Connection.kt,D3,L3OpElevationTest + ConnectionOr.connectionOrEventStatus,or event status thinner,
L3:core/or/connection_or_finished_connecting,3_op,core/or,connection_or_finished_connecting,connection_or.h,core/src/main/kotlin/org/kotlintor/link/ConnectionOr.kt;core/src/main/kotlin/org/kotlintor/link/OrConnection.kt;core/src/main/kotlin/org/kotlintor/link/Connection.kt,D3,L3OpElevationTest + ConnectionOr.connectionOrFinishedConnecting,or finished connect thinner,
L3:core/or/connection_or_finished_flushing,3_op,core/or,connection_or_finished_flushing,connection_or.h,core/src/main/kotlin/org/kotlintor/link/ConnectionOr.kt;core/src/main/kotlin/org/kotlintor/link/OrConnection.kt;core/src/main/kotlin/org/kotlintor/link/Connection.kt,D3,L3OpElevationTest + ConnectionOr.connectionOrFinishedFlushing,or finished flush thinner,
L3:core/or/connection_or_flushed_some,3_op,core/or,connection_or_flushed_some,connection_or.h,core/src/main/kotlin/org/kotlintor/link/ConnectionOr.kt;core/src/main/kotlin/org/kotlintor/link/OrConnection.kt;core/src/main/kotlin/org/kotlintor/link/Connection.kt,D3,L3OpElevationTest + ConnectionOr.connectionOrFlushedSome,or flushed some thinner,
L3:core/or/connection_or_get_alleged_ed25519_id,3_op,core/or,connection_or_get_alleged_ed25519_id,connection_or.h,core/src/main/kotlin/org/kotlintor/link/ConnectionOr.kt;core/src/main/kotlin/org/kotlintor/link/OrConnection.kt;core/src/main/kotlin/org/kotlintor/link/Connection.kt,D3,L3OpElevationTest + ConnectionOr.connectionOrGetAllegedEd25519Id,or ed25519 id thinner,
L3:core/or/connection_or_group_set_badness_,3_op,core/or,connection_or_group_set_badness_,connection_or.h,core/src/main/kotlin/org/kotlintor/link/ConnectionOr.kt;core/src/main/kotlin/org/kotlintor/link/OrConnection.kt;core/src/main/kotlin/org/kotlintor/link/Connection.kt,D3,L3OpElevationTest + ConnectionOr.connectionOrGroupSetBadness,or set badness thinner,
L3:core/or/connection_or_init_conn_from_address,3_op,core/or,connection_or_init_conn_from_address,connection_or.h,core/src/main/kotlin/org/kotlintor/link/ConnectionOr.kt;core/src/main/kotlin/org/kotlintor/link/OrConnection.kt;core/src/main/kotlin/org/kotlintor/link/Connection.kt,D3,L3OpElevationTest + ConnectionOr.connectionOrInitConnFromAddress,or init addr thinner,
L3:core/or/connection_or_notify_error,3_op,core/or,connection_or_notify_error,connection_or.h,core/src/main/kotlin/org/kotlintor/link/ConnectionOr.kt;core/src/main/kotlin/org/kotlintor/link/OrConnection.kt;core/src/main/kotlin/org/kotlintor/link/Connection.kt,D3,L3OpElevationTest + ConnectionOr.connectionOrNotifyError,or notify error thinner,
L3:core/or/connection_or_num_cells_writeable,3_op,core/or,connection_or_num_cells_writeable,connection_or.h,core/src/main/kotlin/org/kotlintor/link/ConnectionOr.kt;core/src/main/kotlin/org/kotlintor/link/OrConnection.kt;core/src/main/kotlin/org/kotlintor/link/Connection.kt,D3,L3OpElevationTest + ConnectionOr.connectionOrNumCellsWriteable,or cells writable thinner,
L3:core/or/connection_or_process_inbuf,3_op,core/or,connection_or_process_inbuf,connection_or.h,core/src/main/kotlin/org/kotlintor/link/ConnectionOr.kt;core/src/main/kotlin/org/kotlintor/link/OrConnection.kt;core/src/main/kotlin/org/kotlintor/link/Connection.kt,D3,L3OpElevationTest + ConnectionOr.connectionOrProcessInbuf,or process inbuf thinner,
L3:core/or/connection_or_reached_eof,3_op,core/or,connection_or_reached_eof,connection_or.h,core/src/main/kotlin/org/kotlintor/link/ConnectionOr.kt;core/src/main/kotlin/org/kotlintor/link/OrConnection.kt;core/src/main/kotlin/org/kotlintor/link/Connection.kt,D3,L3OpElevationTest + ConnectionOr.connectionOrReachedEof,or eof thinner,
L3:core/or/connection_or_report_broken_states,3_op,core/or,connection_or_report_broken_states,connection_or.h,core/src/main/kotlin/org/kotlintor/link/ConnectionOr.kt;core/src/main/kotlin/org/kotlintor/link/OrConnection.kt;core/src/main/kotlin/org/kotlintor/link/Connection.kt,D3,L3OpElevationTest + ConnectionOr.connectionOrReportBrokenStates,or broken states thinner,
L3:core/or/connection_or_send_versions,3_op,core/or,connection_or_send_versions,connection_or.h,core/src/main/kotlin/org/kotlintor/link/ConnectionOr.kt;core/src/main/kotlin/org/kotlintor/link/OrConnection.kt;core/src/main/kotlin/org/kotlintor/link/Connection.kt,D3,L3OpElevationTest + ConnectionOr.connectionOrSendVersions,or send versions thinner,
L3:core/or/connection_or_set_canonical,3_op,core/or,connection_or_set_canonical,connection_or.h,core/src/main/kotlin/org/kotlintor/link/ConnectionOr.kt;core/src/main/kotlin/org/kotlintor/link/OrConnection.kt;core/src/main/kotlin/org/kotlintor/link/Connection.kt,D3,L3OpElevationTest + ConnectionOr.connectionOrSetCanonical,or set canonical thinner,
L3:core/or/cpath_append_hop,3_op,core/or,cpath_append_hop,crypt_path.h,core/src/main/kotlin/org/kotlintor/circuit/CryptPath.kt;core/src/main/kotlin/org/kotlintor/circuit/CircuitCrypto.kt;core/src/main/kotlin/org/kotlintor/circuit/RelayCryptoCgo.kt;core/src/main/kotlin/org/kotlintor/or/CryptPathReference.kt,D3,L3OpElevationTest + CryptPath.cpathAppendHop,cpath append thinner,
L3:core/or/cpath_assert_layer_ok,3_op,core/or,cpath_assert_layer_ok,crypt_path.h,core/src/main/kotlin/org/kotlintor/circuit/CryptPath.kt;core/src/main/kotlin/org/kotlintor/circuit/CircuitCrypto.kt;core/src/main/kotlin/org/kotlintor/circuit/RelayCryptoCgo.kt;core/src/main/kotlin/org/kotlintor/or/CryptPathReference.kt,D3,L3OpElevationTest + CryptPath.cpathAssertLayerOk,cpath layer ok thinner,
L3:core/or/cpath_assert_ok,3_op,core/or,cpath_assert_ok,crypt_path.h,core/src/main/kotlin/org/kotlintor/circuit/CryptPath.kt;core/src/main/kotlin/org/kotlintor/circuit/CircuitCrypto.kt;core/src/main/kotlin/org/kotlintor/circuit/RelayCryptoCgo.kt;core/src/main/kotlin/org/kotlintor/or/CryptPathReference.kt,D3,L3OpElevationTest + CryptPath.cpathAssertOk,cpath ok thinner,
L3:core/or/cpath_extend_linked_list,3_op,core/or,cpath_extend_linked_list,crypt_path.h,core/src/main/kotlin/org/kotlintor/circuit/CryptPath.kt;core/src/main/kotlin/org/kotlintor/circuit/CircuitCrypto.kt;core/src/main/kotlin/org/kotlintor/circuit/RelayCryptoCgo.kt;core/src/main/kotlin/org/kotlintor/or/CryptPathReference.kt,D3,L3OpElevationTest + CryptPath.cpathExtendLinkedList,cpath extend thinner,
L3:core/or/cpath_free,3_op,core/or,cpath_free,crypt_path.h,core/src/main/kotlin/org/kotlintor/circuit/CryptPath.kt;core/src/main/kotlin/org/kotlintor/circuit/CircuitCrypto.kt;core/src/main/kotlin/org/kotlintor/circuit/RelayCryptoCgo.kt;core/src/main/kotlin/org/kotlintor/or/CryptPathReference.kt,D3,L3OpElevationTest + CryptPath.cpathFree,cpath free thinner,
L3:core/or/cpath_get_n_hops,3_op,core/or,cpath_get_n_hops,crypt_path.h,core/src/main/kotlin/org/kotlintor/circuit/CryptPath.kt;core/src/main/kotlin/org/kotlintor/circuit/CircuitCrypto.kt;core/src/main/kotlin/org/kotlintor/circuit/RelayCryptoCgo.kt;core/src/main/kotlin/org/kotlintor/or/CryptPathReference.kt,D3,L3OpElevationTest + CryptPath.cpathGetNHops,cpath nhops thinner,
L3:core/or/cpath_get_next_non_open_hop,3_op,core/or,cpath_get_next_non_open_hop,crypt_path.h,core/src/main/kotlin/org/kotlintor/circuit/CryptPath.kt;core/src/main/kotlin/org/kotlintor/circuit/CircuitCrypto.kt;core/src/main/kotlin/org/kotlintor/circuit/RelayCryptoCgo.kt;core/src/main/kotlin/org/kotlintor/or/CryptPathReference.kt,D3,L3OpElevationTest + CryptPath.cpathGetNextNonOpenHop,cpath next hop thinner,
L3:core/or/cpath_get_sendme_tag,3_op,core/or,cpath_get_sendme_tag,crypt_path.h,core/src/main/kotlin/org/kotlintor/circuit/CryptPath.kt;core/src/main/kotlin/org/kotlintor/circuit/CircuitCrypto.kt;core/src/main/kotlin/org/kotlintor/circuit/RelayCryptoCgo.kt;core/src/main/kotlin/org/kotlintor/or/CryptPathReference.kt,D3,L3OpElevationTest + CryptPath.cpathGetSendmeTag,cpath sendme tag thinner,
L3:core/or/cpath_init_circuit_crypto,3_op,core/or,cpath_init_circuit_crypto,crypt_path.h,core/src/main/kotlin/org/kotlintor/circuit/CryptPath.kt;core/src/main/kotlin/org/kotlintor/circuit/CircuitCrypto.kt;core/src/main/kotlin/org/kotlintor/circuit/RelayCryptoCgo.kt;core/src/main/kotlin/org/kotlintor/or/CryptPathReference.kt,D3,L3OpElevationTest + CryptPath.cpathInitCircuitCrypto,cpath init crypto thinner,
L3:core/or/cpath_sendme_circuit_record_inbound_cell,3_op,core/or,cpath_sendme_circuit_record_inbound_cell,crypt_path.h,core/src/main/kotlin/org/kotlintor/circuit/CryptPath.kt;core/src/main/kotlin/org/kotlintor/circuit/CircuitCrypto.kt;core/src/main/kotlin/org/kotlintor/circuit/RelayCryptoCgo.kt;core/src/main/kotlin/org/kotlintor/or/CryptPathReference.kt,D3,L3OpElevationTest + CryptPath.cpathSendmeCircuitRecordInboundCell,cpath sendme inbound thinner,
L3:core/or/cc_stats_refill_bucket,3_op,core/or,cc_stats_refill_bucket,dos.h,core/src/main/kotlin/org/kotlintor/relay/Dos.kt;core/src/main/kotlin/org/kotlintor/relay/DosGuard.kt;core/src/main/kotlin/org/kotlintor/hs/HsDos.kt;core/src/main/kotlin/org/kotlintor/hs/HsCommonConfigDos.kt;core/src/main/kotlin/org/kotlintor/relay/DosOptions.kt,D3,L3OpElevationTest + Dos.ccStatsRefillBucket,cc refill thinner,
L3:core/or/dos_cc_get_defense_type,3_op,core/or,dos_cc_get_defense_type,dos.h,core/src/main/kotlin/org/kotlintor/relay/Dos.kt;core/src/main/kotlin/org/kotlintor/relay/DosGuard.kt;core/src/main/kotlin/org/kotlintor/hs/HsDos.kt;core/src/main/kotlin/org/kotlintor/hs/HsCommonConfigDos.kt;core/src/main/kotlin/org/kotlintor/relay/DosOptions.kt,D3,L3OpElevationTest + Dos.dosCcGetDefenseType,dos cc defense thinner,
L3:core/or/dos_cc_new_create_cell,3_op,core/or,dos_cc_new_create_cell,dos.h,core/src/main/kotlin/org/kotlintor/relay/Dos.kt;core/src/main/kotlin/org/kotlintor/relay/DosGuard.kt;core/src/main/kotlin/org/kotlintor/hs/HsDos.kt;core/src/main/kotlin/org/kotlintor/hs/HsCommonConfigDos.kt;core/src/main/kotlin/org/kotlintor/relay/DosOptions.kt,D3,L3OpElevationTest + Dos.dosCcNewCreateCell,dos create cell thinner,
L3:core/or/dos_close_client_conn,3_op,core/or,dos_close_client_conn,dos.h,core/src/main/kotlin/org/kotlintor/relay/Dos.kt;core/src/main/kotlin/org/kotlintor/relay/DosGuard.kt;core/src/main/kotlin/org/kotlintor/hs/HsDos.kt;core/src/main/kotlin/org/kotlintor/hs/HsCommonConfigDos.kt;core/src/main/kotlin/org/kotlintor/relay/DosOptions.kt,D3,L3OpElevationTest + Dos.dosCloseClientConn,dos close conn thinner,
L3:core/or/dos_conn_addr_get_defense_type,3_op,core/or,dos_conn_addr_get_defense_type,dos.h,core/src/main/kotlin/org/kotlintor/relay/Dos.kt;core/src/main/kotlin/org/kotlintor/relay/DosGuard.kt;core/src/main/kotlin/org/kotlintor/hs/HsDos.kt;core/src/main/kotlin/org/kotlintor/hs/HsCommonConfigDos.kt;core/src/main/kotlin/org/kotlintor/relay/DosOptions.kt,D3,L3OpElevationTest + Dos.dosConnAddrGetDefenseType,dos conn defense thinner,
L3:core/or/dos_consensus_has_changed,3_op,core/or,dos_consensus_has_changed,dos.h,core/src/main/kotlin/org/kotlintor/relay/Dos.kt;core/src/main/kotlin/org/kotlintor/relay/DosGuard.kt;core/src/main/kotlin/org/kotlintor/hs/HsDos.kt;core/src/main/kotlin/org/kotlintor/hs/HsCommonConfigDos.kt;core/src/main/kotlin/org/kotlintor/relay/DosOptions.kt,D3,L3OpElevationTest + Dos.dosConsensusHasChanged,dos consensus thinner,
L3:core/or/dos_enabled,3_op,core/or,dos_enabled,dos.h,core/src/main/kotlin/org/kotlintor/relay/Dos.kt;core/src/main/kotlin/org/kotlintor/relay/DosGuard.kt;core/src/main/kotlin/org/kotlintor/hs/HsDos.kt;core/src/main/kotlin/org/kotlintor/hs/HsCommonConfigDos.kt;core/src/main/kotlin/org/kotlintor/relay/DosOptions.kt,D3,L3OpElevationTest + Dos.dosEnabled,dos enabled thinner,
L3:core/or/dos_free_all,3_op,core/or,dos_free_all,dos.h,core/src/main/kotlin/org/kotlintor/relay/Dos.kt;core/src/main/kotlin/org/kotlintor/relay/DosGuard.kt;core/src/main/kotlin/org/kotlintor/hs/HsDos.kt;core/src/main/kotlin/org/kotlintor/hs/HsCommonConfigDos.kt;core/src/main/kotlin/org/kotlintor/relay/DosOptions.kt,D3,L3OpElevationTest + Dos.dosFreeAll,dos free thinner,
L3:core/or/dos_geoip_entry_about_to_free,3_op,core/or,dos_geoip_entry_about_to_free,dos.h,core/src/main/kotlin/org/kotlintor/relay/Dos.kt;core/src/main/kotlin/org/kotlintor/relay/DosGuard.kt;core/src/main/kotlin/org/kotlintor/hs/HsDos.kt;core/src/main/kotlin/org/kotlintor/hs/HsCommonConfigDos.kt;core/src/main/kotlin/org/kotlintor/relay/DosOptions.kt,D3,L3OpElevationTest + Dos.dosGeoipEntryAboutToFree,dos geoip free thinner,
L3:core/or/dos_geoip_entry_init,3_op,core/or,dos_geoip_entry_init,dos.h,core/src/main/kotlin/org/kotlintor/relay/Dos.kt;core/src/main/kotlin/org/kotlintor/relay/DosGuard.kt;core/src/main/kotlin/org/kotlintor/hs/HsDos.kt;core/src/main/kotlin/org/kotlintor/hs/HsCommonConfigDos.kt;core/src/main/kotlin/org/kotlintor/relay/DosOptions.kt,D3,L3OpElevationTest + Dos.dosGeoipEntryInit,dos geoip init thinner,
L3:core/or/dos_get_num_cc_marked_addr,3_op,core/or,dos_get_num_cc_marked_addr,dos.h,core/src/main/kotlin/org/kotlintor/relay/Dos.kt;core/src/main/kotlin/org/kotlintor/relay/DosGuard.kt;core/src/main/kotlin/org/kotlintor/hs/HsDos.kt;core/src/main/kotlin/org/kotlintor/hs/HsCommonConfigDos.kt;core/src/main/kotlin/org/kotlintor/relay/DosOptions.kt,D3,L3OpElevationTest + Dos.dosGetNumCcMarkedAddr,dos marked addr thinner,
L3:core/or/dos_get_num_cc_marked_addr_maxq,3_op,core/or,dos_get_num_cc_marked_addr_maxq,dos.h,core/src/main/kotlin/org/kotlintor/relay/Dos.kt;core/src/main/kotlin/org/kotlintor/relay/DosGuard.kt;core/src/main/kotlin/org/kotlintor/hs/HsDos.kt;core/src/main/kotlin/org/kotlintor/hs/HsCommonConfigDos.kt;core/src/main/kotlin/org/kotlintor/relay/DosOptions.kt,D3,L3OpElevationTest + Dos.dosGetNumCcMarkedAddrMaxq,dos marked maxq thinner,
L3:core/or/dos_get_num_cc_rejected,3_op,core/or,dos_get_num_cc_rejected,dos.h,core/src/main/kotlin/org/kotlintor/relay/Dos.kt;core/src/main/kotlin/org/kotlintor/relay/DosGuard.kt;core/src/main/kotlin/org/kotlintor/hs/HsDos.kt;core/src/main/kotlin/org/kotlintor/hs/HsCommonConfigDos.kt;core/src/main/kotlin/org/kotlintor/relay/DosOptions.kt,D3,L3OpElevationTest + Dos.dosGetNumCcRejected,dos cc rejected thinner,
L3:core/or/dos_get_num_conn_addr_connect_rejected,3_op,core/or,dos_get_num_conn_addr_connect_rejected,dos.h,core/src/main/kotlin/org/kotlintor/relay/Dos.kt;core/src/main/kotlin/org/kotlintor/relay/DosGuard.kt;core/src/main/kotlin/org/kotlintor/hs/HsDos.kt;core/src/main/kotlin/org/kotlintor/hs/HsCommonConfigDos.kt;core/src/main/kotlin/org/kotlintor/relay/DosOptions.kt,D3,L3OpElevationTest + Dos.dosGetNumConnAddrConnectRejected,dos conn connect rej thinner,
L3:core/or/dos_get_num_conn_addr_rejected,3_op,core/or,dos_get_num_conn_addr_rejected,dos.h,core/src/main/kotlin/org/kotlintor/relay/Dos.kt;core/src/main/kotlin/org/kotlintor/relay/DosGuard.kt;core/src/main/kotlin/org/kotlintor/hs/HsDos.kt;core/src/main/kotlin/org/kotlintor/hs/HsCommonConfigDos.kt;core/src/main/kotlin/org/kotlintor/relay/DosOptions.kt,D3,L3OpElevationTest + Dos.dosGetNumConnAddrRejected,dos conn addr rej thinner,
L3:core/or/dos_get_num_single_hop_refused,3_op,core/or,dos_get_num_single_hop_refused,dos.h,core/src/main/kotlin/org/kotlintor/relay/Dos.kt;core/src/main/kotlin/org/kotlintor/relay/DosGuard.kt;core/src/main/kotlin/org/kotlintor/hs/HsDos.kt;core/src/main/kotlin/org/kotlintor/hs/HsCommonConfigDos.kt;core/src/main/kotlin/org/kotlintor/relay/DosOptions.kt,D3,L3OpElevationTest + Dos.dosGetNumSingleHopRefused,dos single hop thinner,
L3:core/or/dos_get_num_stream_rejected,3_op,core/or,dos_get_num_stream_rejected,dos.h,core/src/main/kotlin/org/kotlintor/relay/Dos.kt;core/src/main/kotlin/org/kotlintor/relay/DosGuard.kt;core/src/main/kotlin/org/kotlintor/hs/HsDos.kt;core/src/main/kotlin/org/kotlintor/hs/HsCommonConfigDos.kt;core/src/main/kotlin/org/kotlintor/relay/DosOptions.kt,D3,L3OpElevationTest + Dos.dosGetNumStreamRejected,dos stream rej thinner,
L3:core/or/dos_init,3_op,core/or,dos_init,dos.h,core/src/main/kotlin/org/kotlintor/relay/Dos.kt;core/src/main/kotlin/org/kotlintor/relay/DosGuard.kt;core/src/main/kotlin/org/kotlintor/hs/HsDos.kt;core/src/main/kotlin/org/kotlintor/hs/HsCommonConfigDos.kt;core/src/main/kotlin/org/kotlintor/relay/DosOptions.kt,D3,L3OpElevationTest + Dos.dosInit,dos init thinner,
L3:core/or/dos_log_heartbeat,3_op,core/or,dos_log_heartbeat,dos.h,core/src/main/kotlin/org/kotlintor/relay/Dos.kt;core/src/main/kotlin/org/kotlintor/relay/DosGuard.kt;core/src/main/kotlin/org/kotlintor/hs/HsDos.kt;core/src/main/kotlin/org/kotlintor/hs/HsCommonConfigDos.kt;core/src/main/kotlin/org/kotlintor/relay/DosOptions.kt,D3,L3OpElevationTest + Dos.dosLogHeartbeat,dos heartbeat thinner,
L3:core/or/dos_new_client_conn,3_op,core/or,dos_new_client_conn,dos.h,core/src/main/kotlin/org/kotlintor/relay/Dos.kt;core/src/main/kotlin/org/kotlintor/relay/DosGuard.kt;core/src/main/kotlin/org/kotlintor/hs/HsDos.kt;core/src/main/kotlin/org/kotlintor/hs/HsCommonConfigDos.kt;core/src/main/kotlin/org/kotlintor/relay/DosOptions.kt,D3,L3OpElevationTest + Dos.dosNewClientConn,dos new client thinner,
L3:core/or/dos_note_circ_max_outq,3_op,core/or,dos_note_circ_max_outq,dos.h,core/src/main/kotlin/org/kotlintor/relay/Dos.kt;core/src/main/kotlin/org/kotlintor/relay/DosGuard.kt;core/src/main/kotlin/org/kotlintor/hs/HsDos.kt;core/src/main/kotlin/org/kotlintor/hs/HsCommonConfigDos.kt;core/src/main/kotlin/org/kotlintor/relay/DosOptions.kt,D3,L3OpElevationTest + Dos.dosNoteCircMaxOutq,dos max outq thinner,
L3:core/or/dos_note_refuse_single_hop_client,3_op,core/or,dos_note_refuse_single_hop_client,dos.h,core/src/main/kotlin/org/kotlintor/relay/Dos.kt;core/src/main/kotlin/org/kotlintor/relay/DosGuard.kt;core/src/main/kotlin/org/kotlintor/hs/HsDos.kt;core/src/main/kotlin/org/kotlintor/hs/HsCommonConfigDos.kt;core/src/main/kotlin/org/kotlintor/relay/DosOptions.kt,D3,L3OpElevationTest + Dos.dosNoteRefuseSingleHopClient,dos note refuse thinner,
L3:core/or/dos_should_refuse_single_hop_client,3_op,core/or,dos_should_refuse_single_hop_client,dos.h,core/src/main/kotlin/org/kotlintor/relay/Dos.kt;core/src/main/kotlin/org/kotlintor/relay/DosGuard.kt;core/src/main/kotlin/org/kotlintor/hs/HsDos.kt;core/src/main/kotlin/org/kotlintor/hs/HsCommonConfigDos.kt;core/src/main/kotlin/org/kotlintor/relay/DosOptions.kt,D3,L3OpElevationTest + Dos.dosShouldRefuseSingleHopClient,dos should refuse thinner,
L3:core/or/dos_stream_init_circ_tbf,3_op,core/or,dos_stream_init_circ_tbf,dos.h,core/src/main/kotlin/org/kotlintor/relay/Dos.kt;core/src/main/kotlin/org/kotlintor/relay/DosGuard.kt;core/src/main/kotlin/org/kotlintor/hs/HsDos.kt;core/src/main/kotlin/org/kotlintor/hs/HsCommonConfigDos.kt;core/src/main/kotlin/org/kotlintor/relay/DosOptions.kt,D3,L3OpElevationTest + Dos.dosStreamInitCircTbf,dos stream tbf thinner,
L3:core/or/dos_stream_new_begin_or_resolve_cell,3_op,core/or,dos_stream_new_begin_or_resolve_cell,dos.h,core/src/main/kotlin/org/kotlintor/relay/Dos.kt;core/src/main/kotlin/org/kotlintor/relay/DosGuard.kt;core/src/main/kotlin/org/kotlintor/hs/HsDos.kt;core/src/main/kotlin/org/kotlintor/hs/HsCommonConfigDos.kt;core/src/main/kotlin/org/kotlintor/relay/DosOptions.kt,D3,L3OpElevationTest + Dos.dosStreamNewBeginOrResolveCell,dos begin/resolve thinner,
L3:core/or/dos_get_options,3_op,core/or,dos_get_options,dos_sys.h,core/src/main/kotlin/org/kotlintor/relay/DosSys.kt;core/src/main/kotlin/org/kotlintor/relay/DosGuard.kt;core/src/main/kotlin/org/kotlintor/relay/Dos.kt,D3,L3OpElevationTest + DosSys.dosGetOptions,dos options thinner,
L3:core/or/extend_info_add_orport,3_op,core/or,extend_info_add_orport,extendinfo.h,core/src/main/kotlin/org/kotlintor/circuit/ExtendInfo.kt,D3,L3OpElevationTest + ExtendInfo.extendInfoAddOrport,ei add orport thinner,
L3:core/or/extend_info_addr_is_allowed,3_op,core/or,extend_info_addr_is_allowed,extendinfo.h,core/src/main/kotlin/org/kotlintor/circuit/ExtendInfo.kt,D3,L3OpElevationTest + ExtendInfo.extendInfoAddrIsAllowed,ei addr allowed thinner,
L3:core/or/extend_info_any_orport_addr_is_internal,3_op,core/or,extend_info_any_orport_addr_is_internal,extendinfo.h,core/src/main/kotlin/org/kotlintor/circuit/ExtendInfo.kt,D3,L3OpElevationTest + ExtendInfo.extendInfoAnyOrportAddrIsInternal,ei internal thinner,
L3:core/or/extend_info_dup,3_op,core/or,extend_info_dup,extendinfo.h,core/src/main/kotlin/org/kotlintor/circuit/ExtendInfo.kt,D3,L3OpElevationTest + ExtendInfo.extendInfoDup,ei dup thinner,
L3:core/or/extend_info_free_,3_op,core/or,extend_info_free_,extendinfo.h,core/src/main/kotlin/org/kotlintor/circuit/ExtendInfo.kt,D3,L3OpElevationTest + ExtendInfo.extendInfoFree_,ei free thinner,
L3:core/or/extend_info_from_node,3_op,core/or,extend_info_from_node,extendinfo.h,core/src/main/kotlin/org/kotlintor/circuit/ExtendInfo.kt,D3,L3OpElevationTest + ExtendInfo.extendInfoFromNode,ei from node thinner,
L3:core/or/extend_info_get_orport,3_op,core/or,extend_info_get_orport,extendinfo.h,core/src/main/kotlin/org/kotlintor/circuit/ExtendInfo.kt,D3,L3OpElevationTest + ExtendInfo.extendInfoGetOrport,ei get orport thinner,
L3:core/or/extend_info_has_orport,3_op,core/or,extend_info_has_orport,extendinfo.h,core/src/main/kotlin/org/kotlintor/circuit/ExtendInfo.kt,D3,L3OpElevationTest + ExtendInfo.extendInfoHasOrport,ei has orport thinner,
L3:core/or/extend_info_has_preferred_onion_key,3_op,core/or,extend_info_has_preferred_onion_key,extendinfo.h,core/src/main/kotlin/org/kotlintor/circuit/ExtendInfo.kt,D3,L3OpElevationTest + ExtendInfo.extendInfoHasPreferredOnionKey,ei onion key thinner,
L3:core/or/extend_info_new,3_op,core/or,extend_info_new,extendinfo.h,core/src/main/kotlin/org/kotlintor/circuit/ExtendInfo.kt,D3,L3OpElevationTest + ExtendInfo.extendInfoNew,ei new thinner,
L3:core/or/extend_info_pick_orport,3_op,core/or,extend_info_pick_orport,extendinfo.h,core/src/main/kotlin/org/kotlintor/circuit/ExtendInfo.kt,D3,L3OpElevationTest + ExtendInfo.extendInfoPickOrport,ei pick orport thinner,
L3:core/or/extend_info_supports_ntor,3_op,core/or,extend_info_supports_ntor,extendinfo.h,core/src/main/kotlin/org/kotlintor/circuit/ExtendInfo.kt,D3,L3OpElevationTest + ExtendInfo.extendInfoSupportsNtor,ei ntor thinner,
L3:core/or/extend_info_supports_ntor_v3,3_op,core/or,extend_info_supports_ntor_v3,extendinfo.h,core/src/main/kotlin/org/kotlintor/circuit/ExtendInfo.kt,D3,L3OpElevationTest + ExtendInfo.extendInfoSupportsNtorV3,ei ntorv3 thinner,
L3:core/or/ocirc_cevent_publish,3_op,core/or,ocirc_cevent_publish,ocirc_event.h,core/src/main/kotlin/org/kotlintor/control/OcircEvent.kt,D3,L3OpElevationTest + OcircEvent.ocircCeventPublish,ocirc cevent thinner,
L3:core/or/ocirc_chan_publish,3_op,core/or,ocirc_chan_publish,ocirc_event.h,core/src/main/kotlin/org/kotlintor/control/OcircEvent.kt,D3,L3OpElevationTest + OcircEvent.ocircChanPublish,ocirc chan thinner,
L3:core/or/ocirc_state_publish,3_op,core/or,ocirc_state_publish,ocirc_event.h,core/src/main/kotlin/org/kotlintor/control/OcircEvent.kt,D3,L3OpElevationTest + OcircEvent.ocircStatePublish,ocirc state thinner,
L3:core/or/create_cell_format,3_op,core/or,create_cell_format,onion.h,core/src/main/kotlin/org/kotlintor/circuit/Onion.kt;core/src/main/kotlin/org/kotlintor/crypto/OnionNtor.kt;core/src/main/kotlin/org/kotlintor/crypto/OnionNtorV3.kt;core/src/main/kotlin/org/kotlintor/crypto/OnionFast.kt;core/src/main/kotlin/org/kotlintor/crypto/OnionCrypto.kt,D3,L3OpElevationTest + Onion.createCellFormat,create format thinner,
L3:core/or/create_cell_format_relayed,3_op,core/or,create_cell_format_relayed,onion.h,core/src/main/kotlin/org/kotlintor/circuit/Onion.kt;core/src/main/kotlin/org/kotlintor/crypto/OnionNtor.kt;core/src/main/kotlin/org/kotlintor/crypto/OnionNtorV3.kt;core/src/main/kotlin/org/kotlintor/crypto/OnionFast.kt;core/src/main/kotlin/org/kotlintor/crypto/OnionCrypto.kt,D3,L3OpElevationTest + Onion.createCellFormatRelayed,create relayed thinner,
L3:core/or/create_cell_init,3_op,core/or,create_cell_init,onion.h,core/src/main/kotlin/org/kotlintor/circuit/Onion.kt;core/src/main/kotlin/org/kotlintor/crypto/OnionNtor.kt;core/src/main/kotlin/org/kotlintor/crypto/OnionNtorV3.kt;core/src/main/kotlin/org/kotlintor/crypto/OnionFast.kt;core/src/main/kotlin/org/kotlintor/crypto/OnionCrypto.kt,D3,L3OpElevationTest + Onion.createCellInit,create init thinner,
L3:core/or/create_cell_parse,3_op,core/or,create_cell_parse,onion.h,core/src/main/kotlin/org/kotlintor/circuit/Onion.kt;core/src/main/kotlin/org/kotlintor/crypto/OnionNtor.kt;core/src/main/kotlin/org/kotlintor/crypto/OnionNtorV3.kt;core/src/main/kotlin/org/kotlintor/crypto/OnionFast.kt;core/src/main/kotlin/org/kotlintor/crypto/OnionCrypto.kt,D3,L3OpElevationTest + Onion.createCellParse,create parse thinner,
L3:core/or/created_cell_format,3_op,core/or,created_cell_format,onion.h,core/src/main/kotlin/org/kotlintor/circuit/Onion.kt;core/src/main/kotlin/org/kotlintor/crypto/OnionNtor.kt;core/src/main/kotlin/org/kotlintor/crypto/OnionNtorV3.kt;core/src/main/kotlin/org/kotlintor/crypto/OnionFast.kt;core/src/main/kotlin/org/kotlintor/crypto/OnionCrypto.kt,D3,L3OpElevationTest + Onion.createdCellFormat,created format thinner,
L3:core/or/created_cell_parse,3_op,core/or,created_cell_parse,onion.h,core/src/main/kotlin/org/kotlintor/circuit/Onion.kt;core/src/main/kotlin/org/kotlintor/crypto/OnionNtor.kt;core/src/main/kotlin/org/kotlintor/crypto/OnionNtorV3.kt;core/src/main/kotlin/org/kotlintor/crypto/OnionFast.kt;core/src/main/kotlin/org/kotlintor/crypto/OnionCrypto.kt,D3,L3OpElevationTest + Onion.createdCellParse,created parse thinner,
L3:core/or/extend_cell_format,3_op,core/or,extend_cell_format,onion.h,core/src/main/kotlin/org/kotlintor/circuit/Onion.kt;core/src/main/kotlin/org/kotlintor/crypto/OnionNtor.kt;core/src/main/kotlin/org/kotlintor/crypto/OnionNtorV3.kt;core/src/main/kotlin/org/kotlintor/crypto/OnionFast.kt;core/src/main/kotlin/org/kotlintor/crypto/OnionCrypto.kt,D3,L3OpElevationTest + Onion.extendCellFormat,extend format thinner,
L3:core/or/extended_cell_format,3_op,core/or,extended_cell_format,onion.h,core/src/main/kotlin/org/kotlintor/circuit/Onion.kt;core/src/main/kotlin/org/kotlintor/crypto/OnionNtor.kt;core/src/main/kotlin/org/kotlintor/crypto/OnionNtorV3.kt;core/src/main/kotlin/org/kotlintor/crypto/OnionFast.kt;core/src/main/kotlin/org/kotlintor/crypto/OnionCrypto.kt,D3,L3OpElevationTest + Onion.extendedCellFormat,extended format thinner,
L3:core/or/extended_cell_parse,3_op,core/or,extended_cell_parse,onion.h,core/src/main/kotlin/org/kotlintor/circuit/Onion.kt;core/src/main/kotlin/org/kotlintor/crypto/OnionNtor.kt;core/src/main/kotlin/org/kotlintor/crypto/OnionNtorV3.kt;core/src/main/kotlin/org/kotlintor/crypto/OnionFast.kt;core/src/main/kotlin/org/kotlintor/crypto/OnionCrypto.kt,D3,L3OpElevationTest + Onion.extendedCellParse,extended parse thinner,
L3:core/or/get_cell_network_size,3_op,core/or,get_cell_network_size,or.h,core/src/main/kotlin/org/kotlintor/cell/Cell.kt,D3,L3OpElevationTest + Cell.getCellNetworkSize,cell net size thinner,
L3:core/or/get_circ_id_size,3_op,core/or,get_circ_id_size,or.h,core/src/main/kotlin/org/kotlintor/cell/Cell.kt,D3,L3OpElevationTest + Cell.getCircIdSize,circ id size thinner,
L3:core/or/get_var_cell_header_size,3_op,core/or,get_var_cell_header_size,or.h,core/src/main/kotlin/org/kotlintor/cell/Cell.kt,D3,L3OpElevationTest + Cell.getVarCellHeaderSize,var cell hdr thinner,
L3:core/or/or_register_periodic_events,3_op,core/or,or_register_periodic_events,or_periodic.h,core/src/main/kotlin/org/kotlintor/relay/OrPeriodic.kt;core/src/main/kotlin/org/kotlintor/relay/RelayService.kt;core/src/main/kotlin/org/kotlintor/mainloop/Periodic.kt,D3,L3OpElevationTest + OrPeriodic.orRegisterPeriodicEvents,or periodic thinner,
L3:core/or/ocirc_add_pubsub,3_op,core/or,ocirc_add_pubsub,or_sys.h,core/src/main/kotlin/org/kotlintor/relay/OrSys.kt;core/src/main/kotlin/org/kotlintor/relay/RelayService.kt;core/src/main/kotlin/org/kotlintor/TorDaemon.kt,D3,L3OpElevationTest + OrSys.ocircAddPubsub,ocirc pubsub thinner,
L3:core/or/orconn_add_pubsub,3_op,core/or,orconn_add_pubsub,or_sys.h,core/src/main/kotlin/org/kotlintor/relay/OrSys.kt;core/src/main/kotlin/org/kotlintor/relay/RelayService.kt;core/src/main/kotlin/org/kotlintor/TorDaemon.kt,D3,L3OpElevationTest + OrSys.orconnAddPubsub,orconn pubsub thinner,
L3:core/or/orconn_state_publish,3_op,core/or,orconn_state_publish,orconn_event.h,core/src/main/kotlin/org/kotlintor/control/OrconnEvent.kt,D3,L3OpElevationTest + OrconnEvent.orconnStatePublish,orconn state thinner,
L3:core/or/orconn_status_publish,3_op,core/or,orconn_status_publish,orconn_event.h,core/src/main/kotlin/org/kotlintor/control/OrconnEvent.kt,D3,L3OpElevationTest + OrconnEvent.orconnStatusPublish,orconn status thinner,
L3:core/or/addr_policies_eq,3_op,core/or,addr_policies_eq,policies.h,core/src/main/kotlin/org/kotlintor/net/Policies.kt;core/src/main/kotlin/org/kotlintor/net/NetworkPolicy.kt,D3,L3OpElevationTest + Policies.addrPoliciesEq,policy eq thinner,
L3:core/or/addr_policy_append_reject_addr,3_op,core/or,addr_policy_append_reject_addr,policies.h,core/src/main/kotlin/org/kotlintor/net/Policies.kt;core/src/main/kotlin/org/kotlintor/net/NetworkPolicy.kt,D3,L3OpElevationTest + Policies.addrPolicyAppendRejectAddr,reject addr thinner,
L3:core/or/addr_policy_append_reject_addr_list,3_op,core/or,addr_policy_append_reject_addr_list,policies.h,core/src/main/kotlin/org/kotlintor/net/Policies.kt;core/src/main/kotlin/org/kotlintor/net/NetworkPolicy.kt,D3,L3OpElevationTest + Policies.addrPolicyAppendRejectAddrList,reject list thinner,
L3:core/or/addr_policy_free_,3_op,core/or,addr_policy_free_,policies.h,core/src/main/kotlin/org/kotlintor/net/Policies.kt;core/src/main/kotlin/org/kotlintor/net/NetworkPolicy.kt,D3,L3OpElevationTest + Policies.addrPolicyFree,policy free thinner,
L3:core/or/addr_policy_get_canonical_entry,3_op,core/or,addr_policy_get_canonical_entry,policies.h,core/src/main/kotlin/org/kotlintor/net/Policies.kt;core/src/main/kotlin/org/kotlintor/net/NetworkPolicy.kt,D3,L3OpElevationTest + Policies.addrPolicyGetCanonicalEntry,canonical entry thinner,
L3:core/or/addr_policy_list_free_,3_op,core/or,addr_policy_list_free_,policies.h,core/src/main/kotlin/org/kotlintor/net/Policies.kt;core/src/main/kotlin/org/kotlintor/net/NetworkPolicy.kt,D3,L3OpElevationTest + Policies.addrPolicyListFree,policy list free thinner,
L3:core/or/append_exit_policy_string,3_op,core/or,append_exit_policy_string,policies.h,core/src/main/kotlin/org/kotlintor/net/Policies.kt;core/src/main/kotlin/org/kotlintor/net/NetworkPolicy.kt,D3,L3OpElevationTest + Policies.appendExitPolicyString,append exit policy thinner,
L3:core/or/authdir_policy_badexit_address,3_op,core/or,authdir_policy_badexit_address,policies.h,core/src/main/kotlin/org/kotlintor/net/Policies.kt;core/src/main/kotlin/org/kotlintor/net/NetworkPolicy.kt,D3,L3OpElevationTest + Policies.authdirPolicyBadexitAddress,badexit thinner,
L3:core/or/authdir_policy_middleonly_address,3_op,core/or,authdir_policy_middleonly_address,policies.h,core/src/main/kotlin/org/kotlintor/net/Policies.kt;core/src/main/kotlin/org/kotlintor/net/NetworkPolicy.kt,D3,L3OpElevationTest + Policies.authdirPolicyMiddleonlyAddress,middleonly thinner,
L3:core/or/authdir_policy_permits_address,3_op,core/or,authdir_policy_permits_address,policies.h,core/src/main/kotlin/org/kotlintor/net/Policies.kt;core/src/main/kotlin/org/kotlintor/net/NetworkPolicy.kt,D3,L3OpElevationTest + Policies.authdirPolicyPermitsAddress,authdir permits thinner,
L3:core/or/authdir_policy_valid_address,3_op,core/or,authdir_policy_valid_address,policies.h,core/src/main/kotlin/org/kotlintor/net/Policies.kt;core/src/main/kotlin/org/kotlintor/net/NetworkPolicy.kt,D3,L3OpElevationTest + Policies.authdirPolicyValidAddress,authdir valid thinner,
L3:core/or/compare_tor_addr_to_node_policy,3_op,core/or,compare_tor_addr_to_node_policy,policies.h,core/src/main/kotlin/org/kotlintor/net/Policies.kt;core/src/main/kotlin/org/kotlintor/net/NetworkPolicy.kt,D3,L3OpElevationTest + Policies.compareTorAddrToNodePolicy,node policy compare thinner,
L3:core/or/compare_tor_addr_to_short_policy,3_op,core/or,compare_tor_addr_to_short_policy,policies.h,core/src/main/kotlin/org/kotlintor/net/Policies.kt;core/src/main/kotlin/org/kotlintor/net/NetworkPolicy.kt,D3,L3OpElevationTest + Policies.compareTorAddrToShortPolicy,short policy compare thinner,
L3:core/or/dir_policy_permits_address,3_op,core/or,dir_policy_permits_address,policies.h,core/src/main/kotlin/org/kotlintor/net/Policies.kt;core/src/main/kotlin/org/kotlintor/net/NetworkPolicy.kt,D3,L3OpElevationTest + Policies.dirPolicyPermitsAddress,dir policy thinner,
L3:core/or/exit_policy_is_general_exit,3_op,core/or,exit_policy_is_general_exit,policies.h,core/src/main/kotlin/org/kotlintor/net/Policies.kt;core/src/main/kotlin/org/kotlintor/net/NetworkPolicy.kt,D3,L3OpElevationTest + Policies.exitPolicyIsGeneralExit,general exit thinner,
L3:core/or/firewall_is_fascist_dir,3_op,core/or,firewall_is_fascist_dir,policies.h,core/src/main/kotlin/org/kotlintor/net/Policies.kt;core/src/main/kotlin/org/kotlintor/net/NetworkPolicy.kt,D3,L3OpElevationTest + Policies.firewallIsFascistDir,fascist dir thinner,
L3:core/or/firewall_is_fascist_or,3_op,core/or,firewall_is_fascist_or,policies.h,core/src/main/kotlin/org/kotlintor/net/Policies.kt;core/src/main/kotlin/org/kotlintor/net/NetworkPolicy.kt,D3,L3OpElevationTest + Policies.firewallIsFascistOr,fascist or thinner,
L3:core/or/getinfo_helper_policies,3_op,core/or,getinfo_helper_policies,policies.h,core/src/main/kotlin/org/kotlintor/net/Policies.kt;core/src/main/kotlin/org/kotlintor/net/NetworkPolicy.kt,D3,L3OpElevationTest + Policies.getinfoHelperPolicies,getinfo policies thinner,
L3:core/or/metrics_policy_permits_address,3_op,core/or,metrics_policy_permits_address,policies.h,core/src/main/kotlin/org/kotlintor/net/Policies.kt;core/src/main/kotlin/org/kotlintor/net/NetworkPolicy.kt,D3,L3OpElevationTest + Policies.metricsPolicyPermitsAddress,metrics policy thinner,
L3:core/or/parse_short_policy,3_op,core/or,parse_short_policy,policies.h,core/src/main/kotlin/org/kotlintor/net/Policies.kt;core/src/main/kotlin/org/kotlintor/net/NetworkPolicy.kt,D3,L3OpElevationTest + Policies.parseShortPolicy,parse short policy thinner,
L3:core/or/policies_exit_policy_append_reject_star,3_op,core/or,policies_exit_policy_append_reject_star,policies.h,core/src/main/kotlin/org/kotlintor/net/Policies.kt;core/src/main/kotlin/org/kotlintor/net/NetworkPolicy.kt,D3,L3OpElevationTest + Policies.policiesExitPolicyAppendRejectStar,reject star thinner,
L3:core/or/policies_free_all,3_op,core/or,policies_free_all,policies.h,core/src/main/kotlin/org/kotlintor/net/Policies.kt;core/src/main/kotlin/org/kotlintor/net/NetworkPolicy.kt,D3,L3OpElevationTest + Policies.policiesFreeAll,policies free thinner,
L3:core/or/policies_parse_exit_policy,3_op,core/or,policies_parse_exit_policy,policies.h,core/src/main/kotlin/org/kotlintor/net/Policies.kt;core/src/main/kotlin/org/kotlintor/net/NetworkPolicy.kt,D3,L3OpElevationTest + Policies.policiesParseExitPolicy,parse exit policy thinner,
L3:core/or/policies_parse_exit_policy_from_options,3_op,core/or,policies_parse_exit_policy_from_options,policies.h,core/src/main/kotlin/org/kotlintor/net/Policies.kt;core/src/main/kotlin/org/kotlintor/net/NetworkPolicy.kt,D3,L3OpElevationTest + Policies.policiesParseExitPolicyFromOptions,exit from options thinner,
L3:core/or/policies_parse_exit_policy_reject_private,3_op,core/or,policies_parse_exit_policy_reject_private,policies.h,core/src/main/kotlin/org/kotlintor/net/Policies.kt;core/src/main/kotlin/org/kotlintor/net/NetworkPolicy.kt,D3,L3OpElevationTest + Policies.policiesParseExitPolicyRejectPrivate,reject private thinner,
L3:core/or/encode_protocol_list,3_op,core/or,encode_protocol_list,protover.h,core/src/main/kotlin/org/kotlintor/dir/Protover.kt,D3,L3OpElevationTest + Protover.encodeProtocolList,encode proto thinner,
L3:core/or/parse_protocol_list,3_op,core/or,parse_protocol_list,protover.h,core/src/main/kotlin/org/kotlintor/dir/Protover.kt,D3,L3OpElevationTest + Protover.parseProtocolList,parse proto thinner,
L3:core/or/proto_entry_free_,3_op,core/or,proto_entry_free_,protover.h,core/src/main/kotlin/org/kotlintor/dir/Protover.kt,D3,L3OpElevationTest + Protover.protoEntryFree_,proto entry free thinner,
L3:core/or/protocol_list_supports_protocol,3_op,core/or,protocol_list_supports_protocol,protover.h,core/src/main/kotlin/org/kotlintor/dir/Protover.kt,D3,L3OpElevationTest + Protover.protocolListSupportsProtocol,proto supports thinner,
L3:core/or/protocol_list_supports_protocol_or_later,3_op,core/or,protocol_list_supports_protocol_or_later,protover.h,core/src/main/kotlin/org/kotlintor/dir/Protover.kt,D3,L3OpElevationTest + Protover.protocolListSupportsProtocolOrLater,proto or later thinner,
L3:core/or/protocol_type_to_str,3_op,core/or,protocol_type_to_str,protover.h,core/src/main/kotlin/org/kotlintor/dir/Protover.kt,D3,L3OpElevationTest + Protover.protocolTypeToStr,proto type str thinner,
L3:core/or/protover_all_supported,3_op,core/or,protover_all_supported,protover.h,core/src/main/kotlin/org/kotlintor/dir/Protover.kt,D3,L3OpElevationTest + Protover.protoverAllSupported,proto all thinner,
L3:core/or/protover_compute_for_old_tor,3_op,core/or,protover_compute_for_old_tor,protover.h,core/src/main/kotlin/org/kotlintor/dir/Protover.kt,D3,L3OpElevationTest + Protover.protoverComputeForOldTor,proto old tor thinner,
L3:core/or/protover_compute_vote,3_op,core/or,protover_compute_vote,protover.h,core/src/main/kotlin/org/kotlintor/dir/Protover.kt,D3,L3OpElevationTest + Protover.protoverComputeVote,proto vote thinner,
L3:core/or/protover_free_all,3_op,core/or,protover_free_all,protover.h,core/src/main/kotlin/org/kotlintor/dir/Protover.kt,D3,L3OpElevationTest + Protover.protoverFreeAll,proto free thinner,
L3:core/or/protover_get_recommended_client_protocols,3_op,core/or,protover_get_recommended_client_protocols,protover.h,core/src/main/kotlin/org/kotlintor/dir/Protover.kt,D3,L3OpElevationTest + Protover.protoverGetRecommendedClientProtocols,proto rec client thinner,
L3:core/or/protover_get_recommended_relay_protocols,3_op,core/or,protover_get_recommended_relay_protocols,protover.h,core/src/main/kotlin/org/kotlintor/dir/Protover.kt,D3,L3OpElevationTest + Protover.protoverGetRecommendedRelayProtocols,proto rec relay thinner,
L3:core/or/protover_get_required_client_protocols,3_op,core/or,protover_get_required_client_protocols,protover.h,core/src/main/kotlin/org/kotlintor/dir/Protover.kt,D3,L3OpElevationTest + Protover.protoverGetRequiredClientProtocols,proto req client thinner,
L3:core/or/protover_get_required_relay_protocols,3_op,core/or,protover_get_required_relay_protocols,protover.h,core/src/main/kotlin/org/kotlintor/dir/Protover.kt,D3,L3OpElevationTest + Protover.protoverGetRequiredRelayProtocols,proto req relay thinner,
L3:core/or/protover_get_supported,3_op,core/or,protover_get_supported,protover.h,core/src/main/kotlin/org/kotlintor/dir/Protover.kt,D3,L3OpElevationTest + Protover.protoverGetSupported,proto get supported thinner,
L3:core/or/protover_get_supported_protocols,3_op,core/or,protover_get_supported_protocols,protover.h,core/src/main/kotlin/org/kotlintor/dir/Protover.kt,D3,L3OpElevationTest + Protover.protoverGetSupportedProtocols,proto supported thinner,
L3:core/or/protover_is_supported_here,3_op,core/or,protover_is_supported_here,protover.h,core/src/main/kotlin/org/kotlintor/dir/Protover.kt,D3,L3OpElevationTest + Protover.protoverIsSupportedHere,proto here thinner,
L3:core/or/protover_list_is_invalid,3_op,core/or,protover_list_is_invalid,protover.h,core/src/main/kotlin/org/kotlintor/dir/Protover.kt,D3,L3OpElevationTest + Protover.protoverListIsInvalid,proto invalid thinner,
L3:core/or/str_to_protocol_type,3_op,core/or,str_to_protocol_type,protover.h,core/src/main/kotlin/org/kotlintor/dir/Protover.kt,D3,L3OpElevationTest + Protover.strToProtocolType,str to proto thinner,
L3:core/or/bandwidth_weight_rule_to_string,3_op,core/or,bandwidth_weight_rule_to_string,reasons.h,core/src/main/kotlin/org/kotlintor/cell/Reasons.kt,D3,L3OpElevationTest + Reasons.bandwidthWeightRuleToString,bw weight string thinner,
L3:core/or/circuit_end_reason_to_control_string,3_op,core/or,circuit_end_reason_to_control_string,reasons.h,core/src/main/kotlin/org/kotlintor/cell/Reasons.kt,D3,L3OpElevationTest + Reasons.circuitEndReasonToControlString,circ end reason thinner,
L3:core/or/end_reason_to_http_connect_response_line,3_op,core/or,end_reason_to_http_connect_response_line,reasons.h,core/src/main/kotlin/org/kotlintor/cell/Reasons.kt,D3,L3OpElevationTest + Reasons.endReasonToHttpConnectResponseLine,http connect reason thinner,
L3:core/or/errno_to_orconn_end_reason,3_op,core/or,errno_to_orconn_end_reason,reasons.h,core/src/main/kotlin/org/kotlintor/cell/Reasons.kt,D3,L3OpElevationTest + Reasons.errnoToOrconnEndReason,errno orconn thinner,
L3:core/or/errno_to_stream_end_reason,3_op,core/or,errno_to_stream_end_reason,reasons.h,core/src/main/kotlin/org/kotlintor/cell/Reasons.kt,D3,L3OpElevationTest + Reasons.errnoToStreamEndReason,errno stream thinner,
L3:core/or/orconn_end_reason_to_control_string,3_op,core/or,orconn_end_reason_to_control_string,reasons.h,core/src/main/kotlin/org/kotlintor/cell/Reasons.kt,D3,L3OpElevationTest + Reasons.orconnEndReasonToControlString,orconn reason thinner,
L3:core/or/socks4_response_code_to_string,3_op,core/or,socks4_response_code_to_string,reasons.h,core/src/main/kotlin/org/kotlintor/cell/Reasons.kt,D3,L3OpElevationTest + Reasons.socks4ResponseCodeToString,socks4 reason thinner,
L3:core/or/socks5_response_code_to_string,3_op,core/or,socks5_response_code_to_string,reasons.h,core/src/main/kotlin/org/kotlintor/cell/Reasons.kt,D3,L3OpElevationTest + Reasons.socks5ResponseCodeToString,socks5 reason thinner,
L3:core/or/stream_end_reason_to_control_string,3_op,core/or,stream_end_reason_to_control_string,reasons.h,core/src/main/kotlin/org/kotlintor/cell/Reasons.kt,D3,L3OpElevationTest + Reasons.streamEndReasonToControlString,stream end control thinner,
L3:core/or/stream_end_reason_to_socks5_response,3_op,core/or,stream_end_reason_to_socks5_response,reasons.h,core/src/main/kotlin/org/kotlintor/cell/Reasons.kt,D3,L3OpElevationTest + Reasons.streamEndReasonToSocks5Response,stream socks5 thinner,
L3:core/or/stream_end_reason_to_string,3_op,core/or,stream_end_reason_to_string,reasons.h,core/src/main/kotlin/org/kotlintor/cell/Reasons.kt,D3,L3OpElevationTest + Reasons.streamEndReasonToString,stream end string thinner,
L3:core/or/tls_error_to_orconn_end_reason,3_op,core/or,tls_error_to_orconn_end_reason,reasons.h,core/src/main/kotlin/org/kotlintor/cell/Reasons.kt,D3,L3OpElevationTest + Reasons.tlsErrorToOrconnEndReason,tls orconn thinner,
L3:core/or/address_ttl_free_,3_op,core/or,address_ttl_free_,relay.h,core/src/main/kotlin/org/kotlintor/circuit/Relay.kt;core/src/main/kotlin/org/kotlintor/cell/RelayMsg.kt;core/src/main/kotlin/org/kotlintor/or/RelayMsg.kt;core/src/main/kotlin/org/kotlintor/circuit/RelayCryptoCgo.kt;core/src/main/kotlin/org/kotlintor/circuit/RelayCryptoTor1.kt,D3,L3OpElevationTest + Relay.addressTtlFree,address_ttl free thinner,
L3:core/or/append_address_to_payload,3_op,core/or,append_address_to_payload,relay.h,core/src/main/kotlin/org/kotlintor/circuit/Relay.kt;core/src/main/kotlin/org/kotlintor/cell/RelayMsg.kt;core/src/main/kotlin/org/kotlintor/or/RelayMsg.kt;core/src/main/kotlin/org/kotlintor/circuit/RelayCryptoCgo.kt;core/src/main/kotlin/org/kotlintor/circuit/RelayCryptoTor1.kt,D3,L3OpElevationTest + Relay.appendAddressToPayload,append address thinner,
L3:core/or/append_cell_to_circuit_queue,3_op,core/or,append_cell_to_circuit_queue,relay.h,core/src/main/kotlin/org/kotlintor/circuit/Relay.kt;core/src/main/kotlin/org/kotlintor/cell/RelayMsg.kt;core/src/main/kotlin/org/kotlintor/or/RelayMsg.kt;core/src/main/kotlin/org/kotlintor/circuit/RelayCryptoCgo.kt;core/src/main/kotlin/org/kotlintor/circuit/RelayCryptoTor1.kt,D3,L3OpElevationTest + Relay.appendCellToCircuitQueue,append cell thinner,
L3:core/or/cell_queue_append,3_op,core/or,cell_queue_append,relay.h,core/src/main/kotlin/org/kotlintor/circuit/Relay.kt;core/src/main/kotlin/org/kotlintor/cell/RelayMsg.kt;core/src/main/kotlin/org/kotlintor/or/RelayMsg.kt;core/src/main/kotlin/org/kotlintor/circuit/RelayCryptoCgo.kt;core/src/main/kotlin/org/kotlintor/circuit/RelayCryptoTor1.kt,D3,L3OpElevationTest + Relay.cellQueueAppend,cell_queue append thinner,
L3:core/or/cell_queue_append_packed_copy,3_op,core/or,cell_queue_append_packed_copy,relay.h,core/src/main/kotlin/org/kotlintor/circuit/Relay.kt;core/src/main/kotlin/org/kotlintor/cell/RelayMsg.kt;core/src/main/kotlin/org/kotlintor/or/RelayMsg.kt;core/src/main/kotlin/org/kotlintor/circuit/RelayCryptoCgo.kt;core/src/main/kotlin/org/kotlintor/circuit/RelayCryptoTor1.kt,D3,L3OpElevationTest + Relay.cellQueueAppendPackedCopy,packed copy thinner,
L3:core/or/cell_queue_clear,3_op,core/or,cell_queue_clear,relay.h,core/src/main/kotlin/org/kotlintor/circuit/Relay.kt;core/src/main/kotlin/org/kotlintor/cell/RelayMsg.kt;core/src/main/kotlin/org/kotlintor/or/RelayMsg.kt;core/src/main/kotlin/org/kotlintor/circuit/RelayCryptoCgo.kt;core/src/main/kotlin/org/kotlintor/circuit/RelayCryptoTor1.kt,D3,L3OpElevationTest + Relay.cellQueueClear,cell_queue clear thinner,
L3:core/or/cell_queue_init,3_op,core/or,cell_queue_init,relay.h,core/src/main/kotlin/org/kotlintor/circuit/Relay.kt;core/src/main/kotlin/org/kotlintor/cell/RelayMsg.kt;core/src/main/kotlin/org/kotlintor/or/RelayMsg.kt;core/src/main/kotlin/org/kotlintor/circuit/RelayCryptoCgo.kt;core/src/main/kotlin/org/kotlintor/circuit/RelayCryptoTor1.kt,D3,L3OpElevationTest + Relay.cellQueueInit,cell_queue init thinner,
L3:core/or/cell_queue_pop,3_op,core/or,cell_queue_pop,relay.h,core/src/main/kotlin/org/kotlintor/circuit/Relay.kt;core/src/main/kotlin/org/kotlintor/cell/RelayMsg.kt;core/src/main/kotlin/org/kotlintor/or/RelayMsg.kt;core/src/main/kotlin/org/kotlintor/circuit/RelayCryptoCgo.kt;core/src/main/kotlin/org/kotlintor/circuit/RelayCryptoTor1.kt,D3,L3OpElevationTest + Relay.cellQueuePop,cell_queue pop thinner,
L3:core/or/cell_queues_check_size,3_op,core/or,cell_queues_check_size,relay.h,core/src/main/kotlin/org/kotlintor/circuit/Relay.kt;core/src/main/kotlin/org/kotlintor/cell/RelayMsg.kt;core/src/main/kotlin/org/kotlintor/or/RelayMsg.kt;core/src/main/kotlin/org/kotlintor/circuit/RelayCryptoCgo.kt;core/src/main/kotlin/org/kotlintor/circuit/RelayCryptoTor1.kt,D3,L3OpElevationTest + Relay.cellQueuesCheckSize,queues check size thinner,
L3:core/or/cell_queues_get_total_allocation,3_op,core/or,cell_queues_get_total_allocation,relay.h,core/src/main/kotlin/org/kotlintor/circuit/Relay.kt;core/src/main/kotlin/org/kotlintor/cell/RelayMsg.kt;core/src/main/kotlin/org/kotlintor/or/RelayMsg.kt;core/src/main/kotlin/org/kotlintor/circuit/RelayCryptoCgo.kt;core/src/main/kotlin/org/kotlintor/circuit/RelayCryptoTor1.kt,D3,L3OpElevationTest + Relay.cellQueuesGetTotalAllocation,total alloc thinner,
L3:core/or/channel_unlink_all_circuits,3_op,core/or,channel_unlink_all_circuits,relay.h,core/src/main/kotlin/org/kotlintor/circuit/Relay.kt;core/src/main/kotlin/org/kotlintor/cell/RelayMsg.kt;core/src/main/kotlin/org/kotlintor/or/RelayMsg.kt;core/src/main/kotlin/org/kotlintor/circuit/RelayCryptoCgo.kt;core/src/main/kotlin/org/kotlintor/circuit/RelayCryptoTor1.kt,D3,L3OpElevationTest + Relay.channelUnlinkAllCircuits,unlink circuits thinner,
L3:core/or/circuit_clear_cell_queue,3_op,core/or,circuit_clear_cell_queue,relay.h,core/src/main/kotlin/org/kotlintor/circuit/Relay.kt;core/src/main/kotlin/org/kotlintor/cell/RelayMsg.kt;core/src/main/kotlin/org/kotlintor/or/RelayMsg.kt;core/src/main/kotlin/org/kotlintor/circuit/RelayCryptoCgo.kt;core/src/main/kotlin/org/kotlintor/circuit/RelayCryptoTor1.kt,D3,L3OpElevationTest + Relay.circuitClearCellQueue,clear cell queue thinner,
L3:core/or/circuit_get_relay_format,3_op,core/or,circuit_get_relay_format,relay.h,core/src/main/kotlin/org/kotlintor/circuit/Relay.kt;core/src/main/kotlin/org/kotlintor/cell/RelayMsg.kt;core/src/main/kotlin/org/kotlintor/or/RelayMsg.kt;core/src/main/kotlin/org/kotlintor/circuit/RelayCryptoCgo.kt;core/src/main/kotlin/org/kotlintor/circuit/RelayCryptoTor1.kt,D3,L3OpElevationTest + Relay.circuitGetRelayFormat,relay format thinner,
L3:core/or/circuit_max_relay_payload,3_op,core/or,circuit_max_relay_payload,relay.h,core/src/main/kotlin/org/kotlintor/circuit/Relay.kt;core/src/main/kotlin/org/kotlintor/cell/RelayMsg.kt;core/src/main/kotlin/org/kotlintor/or/RelayMsg.kt;core/src/main/kotlin/org/kotlintor/circuit/RelayCryptoCgo.kt;core/src/main/kotlin/org/kotlintor/circuit/RelayCryptoTor1.kt,D3,L3OpElevationTest + Relay.circuitMaxRelayPayload,max payload thinner,
L3:core/or/circuit_receive_relay_cell,3_op,core/or,circuit_receive_relay_cell,relay.h,core/src/main/kotlin/org/kotlintor/circuit/Relay.kt;core/src/main/kotlin/org/kotlintor/cell/RelayMsg.kt;core/src/main/kotlin/org/kotlintor/or/RelayMsg.kt;core/src/main/kotlin/org/kotlintor/circuit/RelayCryptoCgo.kt;core/src/main/kotlin/org/kotlintor/circuit/RelayCryptoTor1.kt,D3,L3OpElevationTest + Relay.circuitReceiveRelayCell,receive relay thinner,
L3:core/or/circuit_reset_sendme_randomness,3_op,core/or,circuit_reset_sendme_randomness,relay.h,core/src/main/kotlin/org/kotlintor/circuit/Relay.kt;core/src/main/kotlin/org/kotlintor/cell/RelayMsg.kt;core/src/main/kotlin/org/kotlintor/or/RelayMsg.kt;core/src/main/kotlin/org/kotlintor/circuit/RelayCryptoCgo.kt;core/src/main/kotlin/org/kotlintor/circuit/RelayCryptoTor1.kt,D3,L3OpElevationTest + Relay.circuitResetSendmeRandomness,sendme rng thinner,
L3:core/or/connected_cell_parse,3_op,core/or,connected_cell_parse,relay.h,core/src/main/kotlin/org/kotlintor/circuit/Relay.kt;core/src/main/kotlin/org/kotlintor/cell/RelayMsg.kt;core/src/main/kotlin/org/kotlintor/or/RelayMsg.kt;core/src/main/kotlin/org/kotlintor/circuit/RelayCryptoCgo.kt;core/src/main/kotlin/org/kotlintor/circuit/RelayCryptoTor1.kt,D3,L3OpElevationTest + Relay.connectedCellParse,connected parse thinner,
L3:core/or/connection_edge_consider_sending_sendme,3_op,core/or,connection_edge_consider_sending_sendme,relay.h,core/src/main/kotlin/org/kotlintor/circuit/Relay.kt;core/src/main/kotlin/org/kotlintor/cell/RelayMsg.kt;core/src/main/kotlin/org/kotlintor/or/RelayMsg.kt;core/src/main/kotlin/org/kotlintor/circuit/RelayCryptoCgo.kt;core/src/main/kotlin/org/kotlintor/circuit/RelayCryptoTor1.kt,D3,L3OpElevationTest + Relay.connectionEdgeConsiderSendingSendme,consider sendme thinner,
L3:core/or/connection_edge_get_inbuf_bytes_to_package,3_op,core/or,connection_edge_get_inbuf_bytes_to_package,relay.h,core/src/main/kotlin/org/kotlintor/circuit/Relay.kt;core/src/main/kotlin/org/kotlintor/cell/RelayMsg.kt;core/src/main/kotlin/org/kotlintor/or/RelayMsg.kt;core/src/main/kotlin/org/kotlintor/circuit/RelayCryptoCgo.kt;core/src/main/kotlin/org/kotlintor/circuit/RelayCryptoTor1.kt,D3,L3OpElevationTest + Relay.connectionEdgeGetInbufBytesToPackage,inbuf package thinner,
L3:core/or/connection_edge_package_raw_inbuf,3_op,core/or,connection_edge_package_raw_inbuf,relay.h,core/src/main/kotlin/org/kotlintor/circuit/Relay.kt;core/src/main/kotlin/org/kotlintor/cell/RelayMsg.kt;core/src/main/kotlin/org/kotlintor/or/RelayMsg.kt;core/src/main/kotlin/org/kotlintor/circuit/RelayCryptoCgo.kt;core/src/main/kotlin/org/kotlintor/circuit/RelayCryptoTor1.kt,D3,L3OpElevationTest + Relay.connectionEdgePackageRawInbuf,package inbuf thinner,
L3:core/or/connection_edge_process_relay_cell,3_op,core/or,connection_edge_process_relay_cell,relay.h,core/src/main/kotlin/org/kotlintor/circuit/Relay.kt;core/src/main/kotlin/org/kotlintor/cell/RelayMsg.kt;core/src/main/kotlin/org/kotlintor/or/RelayMsg.kt;core/src/main/kotlin/org/kotlintor/circuit/RelayCryptoCgo.kt;core/src/main/kotlin/org/kotlintor/circuit/RelayCryptoTor1.kt,D3,L3OpElevationTest + Relay.connectionEdgeProcessRelayCell,process relay thinner,
L3:core/or/connection_edge_process_resolved_cell,3_op,core/or,connection_edge_process_resolved_cell,relay.h,core/src/main/kotlin/org/kotlintor/circuit/Relay.kt;core/src/main/kotlin/org/kotlintor/cell/RelayMsg.kt;core/src/main/kotlin/org/kotlintor/or/RelayMsg.kt;core/src/main/kotlin/org/kotlintor/circuit/RelayCryptoCgo.kt;core/src/main/kotlin/org/kotlintor/circuit/RelayCryptoTor1.kt,D3,L3OpElevationTest + Relay.connectionEdgeProcessResolvedCell,resolved cell thinner,
L3:core/or/connection_edge_send_command,3_op,core/or,connection_edge_send_command,relay.h,core/src/main/kotlin/org/kotlintor/circuit/Relay.kt;core/src/main/kotlin/org/kotlintor/cell/RelayMsg.kt;core/src/main/kotlin/org/kotlintor/or/RelayMsg.kt;core/src/main/kotlin/org/kotlintor/circuit/RelayCryptoCgo.kt;core/src/main/kotlin/org/kotlintor/circuit/RelayCryptoTor1.kt,D3,L3OpElevationTest + Relay.connectionEdgeSendCommand,edge send cmd thinner,
L3:core/or/decode_address_from_payload,3_op,core/or,decode_address_from_payload,relay.h,core/src/main/kotlin/org/kotlintor/circuit/Relay.kt;core/src/main/kotlin/org/kotlintor/cell/RelayMsg.kt;core/src/main/kotlin/org/kotlintor/or/RelayMsg.kt;core/src/main/kotlin/org/kotlintor/circuit/RelayCryptoCgo.kt;core/src/main/kotlin/org/kotlintor/circuit/RelayCryptoTor1.kt,D3,L3OpElevationTest + Relay.decodeAddressFromPayload,decode address thinner,
L3:core/or/destroy_cell_queue_append,3_op,core/or,destroy_cell_queue_append,relay.h,core/src/main/kotlin/org/kotlintor/circuit/Relay.kt;core/src/main/kotlin/org/kotlintor/cell/RelayMsg.kt;core/src/main/kotlin/org/kotlintor/or/RelayMsg.kt;core/src/main/kotlin/org/kotlintor/circuit/RelayCryptoCgo.kt;core/src/main/kotlin/org/kotlintor/circuit/RelayCryptoTor1.kt,D3,L3OpElevationTest + Relay.destroyCellQueueAppend,destroy queue append thinner,
L3:core/or/relay_msg_clear,3_op,core/or,relay_msg_clear,relay_msg.h,core/src/main/kotlin/org/kotlintor/cell/RelayMsg.kt;core/src/main/kotlin/org/kotlintor/or/RelayMsg.kt;core/src/main/kotlin/org/kotlintor/circuit/Relay.kt,D3,L3OpElevationTest + RelayMsg.relayMsgClear,relay msg clear thinner,
L3:core/or/relay_msg_copy,3_op,core/or,relay_msg_copy,relay_msg.h,core/src/main/kotlin/org/kotlintor/cell/RelayMsg.kt;core/src/main/kotlin/org/kotlintor/or/RelayMsg.kt;core/src/main/kotlin/org/kotlintor/circuit/Relay.kt,D3,L3OpElevationTest + RelayMsg.relayMsgCopy,relay msg copy thinner,
L3:core/or/relay_msg_free_,3_op,core/or,relay_msg_free_,relay_msg.h,core/src/main/kotlin/org/kotlintor/cell/RelayMsg.kt;core/src/main/kotlin/org/kotlintor/or/RelayMsg.kt;core/src/main/kotlin/org/kotlintor/circuit/Relay.kt,D3,L3OpElevationTest + RelayMsg.relayMsgFree_,relay msg free thinner,
L3:core/or/get_channels_pending,3_op,core/or,get_channels_pending,scheduler.h,core/src/main/kotlin/org/kotlintor/link/Scheduler.kt;core/src/main/kotlin/org/kotlintor/link/ChannelScheduler.kt;core/src/main/kotlin/org/kotlintor/circuit/ConfluxScheduler.kt;core/src/main/kotlin/org/kotlintor/link/SchedulerVanilla.kt;core/src/main/kotlin/org/kotlintor/link/SchedulerKist.kt,D3,L3OpElevationTest + Scheduler.getChannelsPending,channels pending thinner,
L3:core/or/get_kist_scheduler,3_op,core/or,get_kist_scheduler,scheduler.h,core/src/main/kotlin/org/kotlintor/link/Scheduler.kt;core/src/main/kotlin/org/kotlintor/link/ChannelScheduler.kt;core/src/main/kotlin/org/kotlintor/circuit/ConfluxScheduler.kt;core/src/main/kotlin/org/kotlintor/link/SchedulerVanilla.kt;core/src/main/kotlin/org/kotlintor/link/SchedulerKist.kt,D3,L3OpElevationTest + Scheduler.getKistScheduler,kist sched thinner,
L3:core/or/get_scheduler_state_string,3_op,core/or,get_scheduler_state_string,scheduler.h,core/src/main/kotlin/org/kotlintor/link/Scheduler.kt;core/src/main/kotlin/org/kotlintor/link/ChannelScheduler.kt;core/src/main/kotlin/org/kotlintor/circuit/ConfluxScheduler.kt;core/src/main/kotlin/org/kotlintor/link/SchedulerVanilla.kt;core/src/main/kotlin/org/kotlintor/link/SchedulerKist.kt,D3,L3OpElevationTest + Scheduler.getSchedulerStateString,sched state thinner,
L3:core/or/get_vanilla_scheduler,3_op,core/or,get_vanilla_scheduler,scheduler.h,core/src/main/kotlin/org/kotlintor/link/Scheduler.kt;core/src/main/kotlin/org/kotlintor/link/ChannelScheduler.kt;core/src/main/kotlin/org/kotlintor/circuit/ConfluxScheduler.kt;core/src/main/kotlin/org/kotlintor/link/SchedulerVanilla.kt;core/src/main/kotlin/org/kotlintor/link/SchedulerKist.kt,D3,L3OpElevationTest + Scheduler.getVanillaScheduler,vanilla sched thinner,
L3:core/or/kist_scheduler_run_interval,3_op,core/or,kist_scheduler_run_interval,scheduler.h,core/src/main/kotlin/org/kotlintor/link/Scheduler.kt;core/src/main/kotlin/org/kotlintor/link/ChannelScheduler.kt;core/src/main/kotlin/org/kotlintor/circuit/ConfluxScheduler.kt;core/src/main/kotlin/org/kotlintor/link/SchedulerVanilla.kt;core/src/main/kotlin/org/kotlintor/link/SchedulerKist.kt,D3,L3OpElevationTest + Scheduler.kistSchedulerRunInterval,kist interval thinner,
L3:core/or/scheduler_bug_occurred,3_op,core/or,scheduler_bug_occurred,scheduler.h,core/src/main/kotlin/org/kotlintor/link/Scheduler.kt;core/src/main/kotlin/org/kotlintor/link/ChannelScheduler.kt;core/src/main/kotlin/org/kotlintor/circuit/ConfluxScheduler.kt;core/src/main/kotlin/org/kotlintor/link/SchedulerVanilla.kt;core/src/main/kotlin/org/kotlintor/link/SchedulerKist.kt,D3,L3OpElevationTest + Scheduler.schedulerBugOccurred,sched bug thinner,
L3:core/or/scheduler_can_use_kist,3_op,core/or,scheduler_can_use_kist,scheduler.h,core/src/main/kotlin/org/kotlintor/link/Scheduler.kt;core/src/main/kotlin/org/kotlintor/link/ChannelScheduler.kt;core/src/main/kotlin/org/kotlintor/circuit/ConfluxScheduler.kt;core/src/main/kotlin/org/kotlintor/link/SchedulerVanilla.kt;core/src/main/kotlin/org/kotlintor/link/SchedulerKist.kt,D3,L3OpElevationTest + Scheduler.schedulerCanUseKist,can kist thinner,
L3:core/or/scheduler_channel_wants_writes,3_op,core/or,scheduler_channel_wants_writes,scheduler.h,core/src/main/kotlin/org/kotlintor/link/Scheduler.kt;core/src/main/kotlin/org/kotlintor/link/ChannelScheduler.kt;core/src/main/kotlin/org/kotlintor/circuit/ConfluxScheduler.kt;core/src/main/kotlin/org/kotlintor/link/SchedulerVanilla.kt;core/src/main/kotlin/org/kotlintor/link/SchedulerKist.kt,D3,L3OpElevationTest + Scheduler.schedulerChannelWantsWrites,wants writes thinner,
L3:core/or/scheduler_conf_changed,3_op,core/or,scheduler_conf_changed,scheduler.h,core/src/main/kotlin/org/kotlintor/link/Scheduler.kt;core/src/main/kotlin/org/kotlintor/link/ChannelScheduler.kt;core/src/main/kotlin/org/kotlintor/circuit/ConfluxScheduler.kt;core/src/main/kotlin/org/kotlintor/link/SchedulerVanilla.kt;core/src/main/kotlin/org/kotlintor/link/SchedulerKist.kt,D3,L3OpElevationTest + Scheduler.schedulerConfChanged,sched conf thinner,
L3:core/or/scheduler_ev_active,3_op,core/or,scheduler_ev_active,scheduler.h,core/src/main/kotlin/org/kotlintor/link/Scheduler.kt;core/src/main/kotlin/org/kotlintor/link/ChannelScheduler.kt;core/src/main/kotlin/org/kotlintor/circuit/ConfluxScheduler.kt;core/src/main/kotlin/org/kotlintor/link/SchedulerVanilla.kt;core/src/main/kotlin/org/kotlintor/link/SchedulerKist.kt,D3,L3OpElevationTest + Scheduler.schedulerEvActive,sched ev active thinner,
L3:core/or/scheduler_ev_add,3_op,core/or,scheduler_ev_add,scheduler.h,core/src/main/kotlin/org/kotlintor/link/Scheduler.kt;core/src/main/kotlin/org/kotlintor/link/ChannelScheduler.kt;core/src/main/kotlin/org/kotlintor/circuit/ConfluxScheduler.kt;core/src/main/kotlin/org/kotlintor/link/SchedulerVanilla.kt;core/src/main/kotlin/org/kotlintor/link/SchedulerKist.kt,D3,L3OpElevationTest + Scheduler.schedulerEvAdd,sched ev add thinner,
L3:core/or/scheduler_free_all,3_op,core/or,scheduler_free_all,scheduler.h,core/src/main/kotlin/org/kotlintor/link/Scheduler.kt;core/src/main/kotlin/org/kotlintor/link/ChannelScheduler.kt;core/src/main/kotlin/org/kotlintor/circuit/ConfluxScheduler.kt;core/src/main/kotlin/org/kotlintor/link/SchedulerVanilla.kt;core/src/main/kotlin/org/kotlintor/link/SchedulerKist.kt,D3,L3OpElevationTest + Scheduler.schedulerFreeAll,sched free thinner,
L3:core/or/scheduler_init,3_op,core/or,scheduler_init,scheduler.h,core/src/main/kotlin/org/kotlintor/link/Scheduler.kt;core/src/main/kotlin/org/kotlintor/link/ChannelScheduler.kt;core/src/main/kotlin/org/kotlintor/circuit/ConfluxScheduler.kt;core/src/main/kotlin/org/kotlintor/link/SchedulerVanilla.kt;core/src/main/kotlin/org/kotlintor/link/SchedulerKist.kt,D3,L3OpElevationTest + Scheduler.schedulerInit,sched init thinner,
L3:core/or/scheduler_kist_set_full_mode,3_op,core/or,scheduler_kist_set_full_mode,scheduler.h,core/src/main/kotlin/org/kotlintor/link/Scheduler.kt;core/src/main/kotlin/org/kotlintor/link/ChannelScheduler.kt;core/src/main/kotlin/org/kotlintor/circuit/ConfluxScheduler.kt;core/src/main/kotlin/org/kotlintor/link/SchedulerVanilla.kt;core/src/main/kotlin/org/kotlintor/link/SchedulerKist.kt,D3,L3OpElevationTest + Scheduler.schedulerKistSetFullMode,kist full thinner,
L3:core/or/scheduler_kist_set_lite_mode,3_op,core/or,scheduler_kist_set_lite_mode,scheduler.h,core/src/main/kotlin/org/kotlintor/link/Scheduler.kt;core/src/main/kotlin/org/kotlintor/link/ChannelScheduler.kt;core/src/main/kotlin/org/kotlintor/circuit/ConfluxScheduler.kt;core/src/main/kotlin/org/kotlintor/link/SchedulerVanilla.kt;core/src/main/kotlin/org/kotlintor/link/SchedulerKist.kt,D3,L3OpElevationTest + Scheduler.schedulerKistSetLiteMode,kist lite thinner,
L3:core/or/scheduler_notify_networkstatus_changed,3_op,core/or,scheduler_notify_networkstatus_changed,scheduler.h,core/src/main/kotlin/org/kotlintor/link/Scheduler.kt;core/src/main/kotlin/org/kotlintor/link/ChannelScheduler.kt;core/src/main/kotlin/org/kotlintor/circuit/ConfluxScheduler.kt;core/src/main/kotlin/org/kotlintor/link/SchedulerVanilla.kt;core/src/main/kotlin/org/kotlintor/link/SchedulerKist.kt,D3,L3OpElevationTest + Scheduler.schedulerNotifyNetworkstatusChanged,sched ns thinner,
L3:core/or/scheduler_set_channel_state,3_op,core/or,scheduler_set_channel_state,scheduler.h,core/src/main/kotlin/org/kotlintor/link/Scheduler.kt;core/src/main/kotlin/org/kotlintor/link/ChannelScheduler.kt;core/src/main/kotlin/org/kotlintor/circuit/ConfluxScheduler.kt;core/src/main/kotlin/org/kotlintor/link/SchedulerVanilla.kt;core/src/main/kotlin/org/kotlintor/link/SchedulerKist.kt,D3,L3OpElevationTest + Scheduler.schedulerSetChannelState,sched chan state thinner,
L3:core/or/scheduler_touch_channel,3_op,core/or,scheduler_touch_channel,scheduler.h,core/src/main/kotlin/org/kotlintor/link/Scheduler.kt;core/src/main/kotlin/org/kotlintor/link/ChannelScheduler.kt;core/src/main/kotlin/org/kotlintor/circuit/ConfluxScheduler.kt;core/src/main/kotlin/org/kotlintor/link/SchedulerVanilla.kt;core/src/main/kotlin/org/kotlintor/link/SchedulerKist.kt,D3,L3OpElevationTest + Scheduler.schedulerTouchChannel,sched touch thinner,
L3:core/or/build_cell_payload_v1,3_op,core/or,build_cell_payload_v1,sendme.h,core/src/main/kotlin/org/kotlintor/circuit/Sendme.kt;core/src/main/kotlin/org/kotlintor/circuit/CircuitFlowControl.kt;core/src/main/kotlin/org/kotlintor/circuit/CongestionControl.kt;core/src/main/kotlin/org/kotlintor/trunnel/SendmeCell.kt,D3,L3OpElevationTest + Sendme.buildCellPayloadV1,sendme v1 payload thinner,
L3:core/or/cell_version_can_be_handled,3_op,core/or,cell_version_can_be_handled,sendme.h,core/src/main/kotlin/org/kotlintor/circuit/Sendme.kt;core/src/main/kotlin/org/kotlintor/circuit/CircuitFlowControl.kt;core/src/main/kotlin/org/kotlintor/circuit/CongestionControl.kt;core/src/main/kotlin/org/kotlintor/trunnel/SendmeCell.kt,D3,L3OpElevationTest + Sendme.cellVersionCanBeHandled,sendme version thinner,
L3:core/or/get_accept_min_version,3_op,core/or,get_accept_min_version,sendme.h,core/src/main/kotlin/org/kotlintor/circuit/Sendme.kt;core/src/main/kotlin/org/kotlintor/circuit/CircuitFlowControl.kt;core/src/main/kotlin/org/kotlintor/circuit/CongestionControl.kt;core/src/main/kotlin/org/kotlintor/trunnel/SendmeCell.kt,D3,L3OpElevationTest + Sendme.acceptMinVersionResolved,accept min ver thinner,
L3:core/or/get_emit_min_version,3_op,core/or,get_emit_min_version,sendme.h,core/src/main/kotlin/org/kotlintor/circuit/Sendme.kt;core/src/main/kotlin/org/kotlintor/circuit/CircuitFlowControl.kt;core/src/main/kotlin/org/kotlintor/circuit/CongestionControl.kt;core/src/main/kotlin/org/kotlintor/trunnel/SendmeCell.kt,D3,L3OpElevationTest + Sendme.emitMinVersionResolved,emit min ver thinner,
L3:core/or/sendme_circuit_consider_sending,3_op,core/or,sendme_circuit_consider_sending,sendme.h,core/src/main/kotlin/org/kotlintor/circuit/Sendme.kt;core/src/main/kotlin/org/kotlintor/circuit/CircuitFlowControl.kt;core/src/main/kotlin/org/kotlintor/circuit/CongestionControl.kt;core/src/main/kotlin/org/kotlintor/trunnel/SendmeCell.kt,D3,L3OpElevationTest + Sendme.sendmeCircuitConsiderSending,sendme circ consider thinner,
L3:core/or/sendme_circuit_data_received,3_op,core/or,sendme_circuit_data_received,sendme.h,core/src/main/kotlin/org/kotlintor/circuit/Sendme.kt;core/src/main/kotlin/org/kotlintor/circuit/CircuitFlowControl.kt;core/src/main/kotlin/org/kotlintor/circuit/CongestionControl.kt;core/src/main/kotlin/org/kotlintor/trunnel/SendmeCell.kt,D3,L3OpElevationTest + Sendme.sendmeCircuitDataReceived,sendme circ data thinner,
L3:core/or/sendme_connection_edge_consider_sending,3_op,core/or,sendme_connection_edge_consider_sending,sendme.h,core/src/main/kotlin/org/kotlintor/circuit/Sendme.kt;core/src/main/kotlin/org/kotlintor/circuit/CircuitFlowControl.kt;core/src/main/kotlin/org/kotlintor/circuit/CongestionControl.kt;core/src/main/kotlin/org/kotlintor/trunnel/SendmeCell.kt,D3,L3OpElevationTest + Sendme.sendmeConnectionEdgeConsiderSending,sendme edge consider thinner,
L3:core/or/sendme_is_valid,3_op,core/or,sendme_is_valid,sendme.h,core/src/main/kotlin/org/kotlintor/circuit/Sendme.kt;core/src/main/kotlin/org/kotlintor/circuit/CircuitFlowControl.kt;core/src/main/kotlin/org/kotlintor/circuit/CongestionControl.kt;core/src/main/kotlin/org/kotlintor/trunnel/SendmeCell.kt,D3,L3OpElevationTest + Sendme.sendmeIsValid,sendme valid thinner,
L3:core/or/sendme_note_circuit_data_packaged,3_op,core/or,sendme_note_circuit_data_packaged,sendme.h,core/src/main/kotlin/org/kotlintor/circuit/Sendme.kt;core/src/main/kotlin/org/kotlintor/circuit/CircuitFlowControl.kt;core/src/main/kotlin/org/kotlintor/circuit/CongestionControl.kt;core/src/main/kotlin/org/kotlintor/trunnel/SendmeCell.kt,D3,L3OpElevationTest + Sendme.sendmeNoteCircuitDataPackaged,sendme note circ thinner,
L3:core/or/sendme_note_stream_data_packaged,3_op,core/or,sendme_note_stream_data_packaged,sendme.h,core/src/main/kotlin/org/kotlintor/circuit/Sendme.kt;core/src/main/kotlin/org/kotlintor/circuit/CircuitFlowControl.kt;core/src/main/kotlin/org/kotlintor/circuit/CongestionControl.kt;core/src/main/kotlin/org/kotlintor/trunnel/SendmeCell.kt,D3,L3OpElevationTest + Sendme.sendmeNoteStreamDataPackaged,sendme note stream thinner,
L3:core/or/sendme_process_circuit_level,3_op,core/or,sendme_process_circuit_level,sendme.h,core/src/main/kotlin/org/kotlintor/circuit/Sendme.kt;core/src/main/kotlin/org/kotlintor/circuit/CircuitFlowControl.kt;core/src/main/kotlin/org/kotlintor/circuit/CongestionControl.kt;core/src/main/kotlin/org/kotlintor/trunnel/SendmeCell.kt,D3,L3OpElevationTest + Sendme.sendmeProcessCircuitLevel,sendme proc circ thinner,
L3:core/or/sendme_process_circuit_level_impl,3_op,core/or,sendme_process_circuit_level_impl,sendme.h,core/src/main/kotlin/org/kotlintor/circuit/Sendme.kt;core/src/main/kotlin/org/kotlintor/circuit/CircuitFlowControl.kt;core/src/main/kotlin/org/kotlintor/circuit/CongestionControl.kt;core/src/main/kotlin/org/kotlintor/trunnel/SendmeCell.kt,D3,L3OpElevationTest + Sendme.sendmeProcessCircuitLevelImpl,sendme proc circ impl thinner,
L3:core/or/sendme_process_stream_level,3_op,core/or,sendme_process_stream_level,sendme.h,core/src/main/kotlin/org/kotlintor/circuit/Sendme.kt;core/src/main/kotlin/org/kotlintor/circuit/CircuitFlowControl.kt;core/src/main/kotlin/org/kotlintor/circuit/CongestionControl.kt;core/src/main/kotlin/org/kotlintor/trunnel/SendmeCell.kt,D3,L3OpElevationTest + Sendme.sendmeProcessStreamLevel,sendme proc stream thinner,
L3:core/or/sendme_record_cell_digest_on_circ,3_op,core/or,sendme_record_cell_digest_on_circ,sendme.h,core/src/main/kotlin/org/kotlintor/circuit/Sendme.kt;core/src/main/kotlin/org/kotlintor/circuit/CircuitFlowControl.kt;core/src/main/kotlin/org/kotlintor/circuit/CongestionControl.kt;core/src/main/kotlin/org/kotlintor/trunnel/SendmeCell.kt,D3,L3OpElevationTest + Sendme.sendmeRecordCellDigestOnCirc,sendme record digest thinner,
L3:core/or/sendme_stream_data_received,3_op,core/or,sendme_stream_data_received,sendme.h,core/src/main/kotlin/org/kotlintor/circuit/Sendme.kt;core/src/main/kotlin/org/kotlintor/circuit/CircuitFlowControl.kt;core/src/main/kotlin/org/kotlintor/circuit/CongestionControl.kt;core/src/main/kotlin/org/kotlintor/trunnel/SendmeCell.kt,D3,L3OpElevationTest + Sendme.sendmeStreamDataReceived,sendme stream data thinner,
L3:core/or/bytes_to_usage,3_op,core/or,bytes_to_usage,status.h,core/src/main/kotlin/org/kotlintor/status/Status.kt;core/src/main/kotlin/org/kotlintor/status/HeartbeatStatus.kt;core/src/main/kotlin/org/kotlintor/dir/FmtRouterStatus.kt;core/src/main/kotlin/org/kotlintor/dir/NetworkStatus.kt;core/src/main/kotlin/org/kotlintor/dir/DlStatus.kt,D3,L3OpElevationTest + HeartbeatStatus.bytesToUsage,bytes usage thinner,
L3:core/or/count_circuits,3_op,core/or,count_circuits,status.h,core/src/main/kotlin/org/kotlintor/status/Status.kt;core/src/main/kotlin/org/kotlintor/status/HeartbeatStatus.kt;core/src/main/kotlin/org/kotlintor/dir/FmtRouterStatus.kt;core/src/main/kotlin/org/kotlintor/dir/NetworkStatus.kt;core/src/main/kotlin/org/kotlintor/dir/DlStatus.kt,D3,L3OpElevationTest + HeartbeatStatus.countCircuits,count circs thinner,
L3:core/or/log_heartbeat,3_op,core/or,log_heartbeat,status.h,core/src/main/kotlin/org/kotlintor/status/Status.kt;core/src/main/kotlin/org/kotlintor/status/HeartbeatStatus.kt;core/src/main/kotlin/org/kotlintor/dir/FmtRouterStatus.kt;core/src/main/kotlin/org/kotlintor/dir/NetworkStatus.kt;core/src/main/kotlin/org/kotlintor/dir/DlStatus.kt,D3,L3OpElevationTest + HeartbeatStatus.logHeartbeat,log heartbeat thinner,
L3:core/or/note_circ_closed_for_unrecognized_cells,3_op,core/or,note_circ_closed_for_unrecognized_cells,status.h,core/src/main/kotlin/org/kotlintor/status/Status.kt;core/src/main/kotlin/org/kotlintor/status/HeartbeatStatus.kt;core/src/main/kotlin/org/kotlintor/dir/FmtRouterStatus.kt;core/src/main/kotlin/org/kotlintor/dir/NetworkStatus.kt;core/src/main/kotlin/org/kotlintor/dir/DlStatus.kt,D3,L3OpElevationTest + HeartbeatStatus.noteCircClosedForUnrecognizedCells,note unrecognized thinner,
L3:core/or/note_connection,3_op,core/or,note_connection,status.h,core/src/main/kotlin/org/kotlintor/status/Status.kt;core/src/main/kotlin/org/kotlintor/status/HeartbeatStatus.kt;core/src/main/kotlin/org/kotlintor/dir/FmtRouterStatus.kt;core/src/main/kotlin/org/kotlintor/dir/NetworkStatus.kt;core/src/main/kotlin/org/kotlintor/dir/DlStatus.kt,D3,L3OpElevationTest + HeartbeatStatus.noteConnection,note conn thinner,
L3:core/or/secs_to_uptime,3_op,core/or,secs_to_uptime,status.h,core/src/main/kotlin/org/kotlintor/status/Status.kt;core/src/main/kotlin/org/kotlintor/status/HeartbeatStatus.kt;core/src/main/kotlin/org/kotlintor/dir/FmtRouterStatus.kt;core/src/main/kotlin/org/kotlintor/dir/NetworkStatus.kt;core/src/main/kotlin/org/kotlintor/dir/DlStatus.kt,D3,L3OpElevationTest + HeartbeatStatus.secsToUptime,secs uptime thinner,
L3:core/or/protover_summary_cache_free_all,3_op,core/or,protover_summary_cache_free_all,versions.h,core/src/main/kotlin/org/kotlintor/dir/Versions.kt,D3,L3OpElevationTest + Versions.protoverSummaryCacheFreeAll,protover cache free thinner,
L3:core/or/sort_version_list,3_op,core/or,sort_version_list,versions.h,core/src/main/kotlin/org/kotlintor/dir/Versions.kt,D3,L3OpElevationTest + Versions.sortVersionList,sort versions thinner,
L3:core/or/summarize_protover_flags,3_op,core/or,summarize_protover_flags,versions.h,core/src/main/kotlin/org/kotlintor/dir/Versions.kt,D3,L3OpElevationTest + Versions.summarizeProtoverFlags,summarize protover thinner,
L3:core/or/tor_get_approx_release_date,3_op,core/or,tor_get_approx_release_date,versions.h,core/src/main/kotlin/org/kotlintor/dir/Versions.kt,D3,L3OpElevationTest + Versions.torGetApproxReleaseDate,approx release thinner,
L3:core/or/tor_version_as_new_as,3_op,core/or,tor_version_as_new_as,versions.h,core/src/main/kotlin/org/kotlintor/dir/Versions.kt,D3,L3OpElevationTest + Versions.torVersionAsNewAs,version as new thinner,
L3:core/or/tor_version_compare,3_op,core/or,tor_version_compare,versions.h,core/src/main/kotlin/org/kotlintor/dir/Versions.kt,D3,L3OpElevationTest + Versions.torVersionCompare,version compare thinner,
L3:core/or/tor_version_is_obsolete,3_op,core/or,tor_version_is_obsolete,versions.h,core/src/main/kotlin/org/kotlintor/dir/Versions.kt,D3,L3OpElevationTest + Versions.torVersionIsObsolete,version obsolete thinner,
L3:core/or/tor_version_parse,3_op,core/or,tor_version_parse,versions.h,core/src/main/kotlin/org/kotlintor/dir/Versions.kt,D3,L3OpElevationTest + Versions.torVersionParse,version parse thinner,
L3:core/or/tor_version_parse_platform,3_op,core/or,tor_version_parse_platform,versions.h,core/src/main/kotlin/org/kotlintor/dir/Versions.kt,D3,L3OpElevationTest + Versions.torVersionParsePlatform,version platform thinner,
L3:core/or/tor_version_same_series,3_op,core/or,tor_version_same_series,versions.h,core/src/main/kotlin/org/kotlintor/dir/Versions.kt,D3,L3OpElevationTest + Versions.torVersionSameSeries,version series thinner,
L3:core/crypto/hs_ntor_circuit_key_expansion,3_op,core/crypto,hs_ntor_circuit_key_expansion,hs_ntor.h,core/src/main/kotlin/org/kotlintor/hs/HsNtor.kt;core/src/main/kotlin/org/kotlintor/crypto/Ntor.kt,D3,L3OpElevationTest + HsNtor.hsNtorCircuitKeyExpansion,HS key expand thinner,
L3:core/crypto/hs_ntor_client_get_introduce1_keys,3_op,core/crypto,hs_ntor_client_get_introduce1_keys,hs_ntor.h,core/src/main/kotlin/org/kotlintor/hs/HsNtor.kt;core/src/main/kotlin/org/kotlintor/crypto/Ntor.kt,D3,L3OpElevationTest + HsNtor.hsNtorClientGetIntroduce1Keys,intro1 keys thinner,
L3:core/crypto/hs_ntor_client_get_rendezvous1_keys,3_op,core/crypto,hs_ntor_client_get_rendezvous1_keys,hs_ntor.h,core/src/main/kotlin/org/kotlintor/hs/HsNtor.kt;core/src/main/kotlin/org/kotlintor/crypto/Ntor.kt,D3,L3OpElevationTest + HsNtor.hsNtorClientGetRendezvous1Keys,rend1 keys thinner,
L3:core/crypto/hs_ntor_client_rendezvous2_mac_is_good,3_op,core/crypto,hs_ntor_client_rendezvous2_mac_is_good,hs_ntor.h,core/src/main/kotlin/org/kotlintor/hs/HsNtor.kt;core/src/main/kotlin/org/kotlintor/crypto/Ntor.kt,D3,L3OpElevationTest + HsNtor.hsNtorClientRendezvous2MacIsGood,rend2 MAC check thinner,
L3:core/crypto/hs_ntor_service_get_introduce1_keys,3_op,core/crypto,hs_ntor_service_get_introduce1_keys,hs_ntor.h,core/src/main/kotlin/org/kotlintor/hs/HsNtor.kt;core/src/main/kotlin/org/kotlintor/crypto/Ntor.kt,D3,L3OpElevationTest + HsNtor.hsNtorServiceGetIntroduce1Keys,svc intro1 keys thinner,
L3:core/crypto/hs_ntor_service_get_introduce1_keys_multi,3_op,core/crypto,hs_ntor_service_get_introduce1_keys_multi,hs_ntor.h,core/src/main/kotlin/org/kotlintor/hs/HsNtor.kt;core/src/main/kotlin/org/kotlintor/crypto/Ntor.kt,D3,L3OpElevationTest + HsNtor.hsNtorServiceGetIntroduce1KeysMulti,multi intro1 thinner,
L3:core/crypto/hs_ntor_service_get_rendezvous1_keys,3_op,core/crypto,hs_ntor_service_get_rendezvous1_keys,hs_ntor.h,core/src/main/kotlin/org/kotlintor/hs/HsNtor.kt;core/src/main/kotlin/org/kotlintor/crypto/Ntor.kt,D3,L3OpElevationTest + HsNtor.hsNtorServiceGetRendezvous1Keys,svc rend1 keys thinner,
L3:core/crypto/onion_handshake_state_release,3_op,core/crypto,onion_handshake_state_release,onion_crypto.h,core/src/main/kotlin/org/kotlintor/crypto/OnionCrypto.kt;core/src/main/kotlin/org/kotlintor/crypto/OnionFast.kt;core/src/main/kotlin/org/kotlintor/circuit/Onion.kt,D3,L3OpElevationTest + OnionCrypto.onionHandshakeStateRelease,state release thinner,
L3:core/crypto/onion_skin_client_handshake,3_op,core/crypto,onion_skin_client_handshake,onion_crypto.h,core/src/main/kotlin/org/kotlintor/crypto/OnionCrypto.kt;core/src/main/kotlin/org/kotlintor/crypto/OnionFast.kt;core/src/main/kotlin/org/kotlintor/circuit/Onion.kt,D3,L3OpElevationTest + OnionCrypto.onionSkinClientHandshake,skin client thinner,
L3:core/crypto/onion_skin_create,3_op,core/crypto,onion_skin_create,onion_crypto.h,core/src/main/kotlin/org/kotlintor/crypto/OnionCrypto.kt;core/src/main/kotlin/org/kotlintor/crypto/OnionFast.kt;core/src/main/kotlin/org/kotlintor/circuit/Onion.kt,D3,L3OpElevationTest + OnionCrypto.onionSkinCreate,skin create thinner,
L3:core/crypto/onion_skin_server_handshake,3_op,core/crypto,onion_skin_server_handshake,onion_crypto.h,core/src/main/kotlin/org/kotlintor/crypto/OnionCrypto.kt;core/src/main/kotlin/org/kotlintor/crypto/OnionFast.kt;core/src/main/kotlin/org/kotlintor/circuit/Onion.kt,D3,L3OpElevationTest + OnionCrypto.onionSkinServerHandshake,skin server thinner,
L3:core/crypto/server_onion_keys_free_,3_op,core/crypto,server_onion_keys_free_,onion_crypto.h,core/src/main/kotlin/org/kotlintor/crypto/OnionCrypto.kt;core/src/main/kotlin/org/kotlintor/crypto/OnionFast.kt;core/src/main/kotlin/org/kotlintor/circuit/Onion.kt,D3,L3OpElevationTest + OnionCrypto.serverOnionKeysFree,server keys free thinner,
L3:core/crypto/server_onion_keys_new,3_op,core/crypto,server_onion_keys_new,onion_crypto.h,core/src/main/kotlin/org/kotlintor/crypto/OnionCrypto.kt;core/src/main/kotlin/org/kotlintor/crypto/OnionFast.kt;core/src/main/kotlin/org/kotlintor/circuit/Onion.kt,D3,L3OpElevationTest + OnionCrypto.serverOnionKeysNew,server keys new thinner,
L3:core/crypto/trn_extension_find,3_op,core/crypto,trn_extension_find,onion_crypto.h,core/src/main/kotlin/org/kotlintor/crypto/OnionCrypto.kt;core/src/main/kotlin/org/kotlintor/crypto/OnionFast.kt;core/src/main/kotlin/org/kotlintor/circuit/Onion.kt,D3,L3OpElevationTest + OnionCrypto.trnExtensionFind,extension find thinner,
L3:core/crypto/fast_client_handshake,3_op,core/crypto,fast_client_handshake,onion_fast.h,core/src/main/kotlin/org/kotlintor/crypto/OnionFast.kt;core/src/main/kotlin/org/kotlintor/crypto/CreateFast.kt;core/src/main/kotlin/org/kotlintor/circuit/Onion.kt,D3,L3OpElevationTest + OnionFast.fastClientHandshake,CREATE_FAST client thinner,
L3:core/crypto/fast_handshake_state_free_,3_op,core/crypto,fast_handshake_state_free_,onion_fast.h,core/src/main/kotlin/org/kotlintor/crypto/OnionFast.kt;core/src/main/kotlin/org/kotlintor/crypto/CreateFast.kt;core/src/main/kotlin/org/kotlintor/circuit/Onion.kt,D3,L3OpElevationTest + OnionFast.fastHandshakeStateFree,state wipe thinner,
L3:core/crypto/fast_onionskin_create,3_op,core/crypto,fast_onionskin_create,onion_fast.h,core/src/main/kotlin/org/kotlintor/crypto/OnionFast.kt;core/src/main/kotlin/org/kotlintor/crypto/CreateFast.kt;core/src/main/kotlin/org/kotlintor/circuit/Onion.kt,D3,L3OpElevationTest + OnionFast.fastOnionskinCreate,CREATE_FAST onionskin thinner,
L3:core/crypto/fast_server_handshake,3_op,core/crypto,fast_server_handshake,onion_fast.h,core/src/main/kotlin/org/kotlintor/crypto/OnionFast.kt;core/src/main/kotlin/org/kotlintor/crypto/CreateFast.kt;core/src/main/kotlin/org/kotlintor/circuit/Onion.kt,D3,L3OpElevationTest + OnionFast.fastServerHandshake,CREATE_FAST server thinner,
L3:core/crypto/ntor_handshake_state_free_,3_op,core/crypto,ntor_handshake_state_free_,onion_ntor.h,core/src/main/kotlin/org/kotlintor/crypto/OnionNtor.kt;core/src/main/kotlin/org/kotlintor/crypto/Ntor.kt;core/src/main/kotlin/org/kotlintor/crypto/OnionNtorV3.kt;core/src/main/kotlin/org/kotlintor/circuit/Onion.kt,D3,L3OpElevationTest + Ntor.ntorHandshakeStateFree,ntor state free thinner,
L3:core/crypto/onion_skin_ntor_client_handshake,3_op,core/crypto,onion_skin_ntor_client_handshake,onion_ntor.h,core/src/main/kotlin/org/kotlintor/crypto/OnionNtor.kt;core/src/main/kotlin/org/kotlintor/crypto/Ntor.kt;core/src/main/kotlin/org/kotlintor/crypto/OnionNtorV3.kt;core/src/main/kotlin/org/kotlintor/circuit/Onion.kt,D3,L3OpElevationTest + Ntor.onionSkinNtorClientHandshake,ntor client thinner,
L3:core/crypto/onion_skin_ntor_create,3_op,core/crypto,onion_skin_ntor_create,onion_ntor.h,core/src/main/kotlin/org/kotlintor/crypto/OnionNtor.kt;core/src/main/kotlin/org/kotlintor/crypto/Ntor.kt;core/src/main/kotlin/org/kotlintor/crypto/OnionNtorV3.kt;core/src/main/kotlin/org/kotlintor/circuit/Onion.kt,D3,L3OpElevationTest + Ntor.onionSkinNtorCreate,ntor create thinner,
L3:core/crypto/onion_skin_ntor_server_handshake,3_op,core/crypto,onion_skin_ntor_server_handshake,onion_ntor.h,core/src/main/kotlin/org/kotlintor/crypto/OnionNtor.kt;core/src/main/kotlin/org/kotlintor/crypto/Ntor.kt;core/src/main/kotlin/org/kotlintor/crypto/OnionNtorV3.kt;core/src/main/kotlin/org/kotlintor/circuit/Onion.kt,D3,L3OpElevationTest + Ntor.onionSkinNtorServerHandshake,ntor server thinner,
L3:core/crypto/ntor3_handshake_state_free_,3_op,core/crypto,ntor3_handshake_state_free_,onion_ntor_v3.h,core/src/main/kotlin/org/kotlintor/crypto/OnionNtorV3.kt;core/src/main/kotlin/org/kotlintor/crypto/NtorV3.kt;core/src/main/kotlin/org/kotlintor/crypto/Ntor.kt;core/src/main/kotlin/org/kotlintor/crypto/OnionNtor.kt;core/src/main/kotlin/org/kotlintor/circuit/Onion.kt,D3,L3OpElevationTest + NtorV3.ntor3HandshakeStateFree,ntor3 state free thinner,
L3:core/crypto/ntor3_server_handshake_state_free_,3_op,core/crypto,ntor3_server_handshake_state_free_,onion_ntor_v3.h,core/src/main/kotlin/org/kotlintor/crypto/OnionNtorV3.kt;core/src/main/kotlin/org/kotlintor/crypto/NtorV3.kt;core/src/main/kotlin/org/kotlintor/crypto/Ntor.kt;core/src/main/kotlin/org/kotlintor/crypto/OnionNtor.kt;core/src/main/kotlin/org/kotlintor/circuit/Onion.kt,D3,L3OpElevationTest + NtorV3.ntor3ServerHandshakeStateFree,ntor3 server free thinner,
L3:core/crypto/onion_ntor3_client_handshake,3_op,core/crypto,onion_ntor3_client_handshake,onion_ntor_v3.h,core/src/main/kotlin/org/kotlintor/crypto/OnionNtorV3.kt;core/src/main/kotlin/org/kotlintor/crypto/NtorV3.kt;core/src/main/kotlin/org/kotlintor/crypto/Ntor.kt;core/src/main/kotlin/org/kotlintor/crypto/OnionNtor.kt;core/src/main/kotlin/org/kotlintor/circuit/Onion.kt,D3,L3OpElevationTest + NtorV3.onionNtor3ClientHandshake,ntor3 client thinner,
L3:core/crypto/onion_skin_ntor3_create,3_op,core/crypto,onion_skin_ntor3_create,onion_ntor_v3.h,core/src/main/kotlin/org/kotlintor/crypto/OnionNtorV3.kt;core/src/main/kotlin/org/kotlintor/crypto/NtorV3.kt;core/src/main/kotlin/org/kotlintor/crypto/Ntor.kt;core/src/main/kotlin/org/kotlintor/crypto/OnionNtor.kt;core/src/main/kotlin/org/kotlintor/circuit/Onion.kt,D3,L3OpElevationTest + NtorV3.onionSkinNtor3Create,ntor3 create thinner,
L3:core/crypto/onion_skin_ntor3_create_nokeygen,3_op,core/crypto,onion_skin_ntor3_create_nokeygen,onion_ntor_v3.h,core/src/main/kotlin/org/kotlintor/crypto/OnionNtorV3.kt;core/src/main/kotlin/org/kotlintor/crypto/NtorV3.kt;core/src/main/kotlin/org/kotlintor/crypto/Ntor.kt;core/src/main/kotlin/org/kotlintor/crypto/OnionNtor.kt;core/src/main/kotlin/org/kotlintor/circuit/Onion.kt,D3,L3OpElevationTest + NtorV3.onionSkinNtor3CreateNokeygen,ntor3 create nokeygen thinner,
L3:core/crypto/onion_skin_ntor3_server_handshake_part1,3_op,core/crypto,onion_skin_ntor3_server_handshake_part1,onion_ntor_v3.h,core/src/main/kotlin/org/kotlintor/crypto/OnionNtorV3.kt;core/src/main/kotlin/org/kotlintor/crypto/NtorV3.kt;core/src/main/kotlin/org/kotlintor/crypto/Ntor.kt;core/src/main/kotlin/org/kotlintor/crypto/OnionNtor.kt;core/src/main/kotlin/org/kotlintor/circuit/Onion.kt,D3,L3OpElevationTest + NtorV3.onionSkinNtor3ServerHandshakePart1,ntor3 part1 thinner,
L3:core/crypto/onion_skin_ntor3_server_handshake_part2,3_op,core/crypto,onion_skin_ntor3_server_handshake_part2,onion_ntor_v3.h,core/src/main/kotlin/org/kotlintor/crypto/OnionNtorV3.kt;core/src/main/kotlin/org/kotlintor/crypto/NtorV3.kt;core/src/main/kotlin/org/kotlintor/crypto/Ntor.kt;core/src/main/kotlin/org/kotlintor/crypto/OnionNtor.kt;core/src/main/kotlin/org/kotlintor/circuit/Onion.kt,D3,L3OpElevationTest + NtorV3.onionSkinNtor3ServerHandshakePart2,ntor3 part2 thinner,
L3:core/crypto/onion_skin_ntor3_server_handshake_part2_nokeygen,3_op,core/crypto,onion_skin_ntor3_server_handshake_part2_nokeygen,onion_ntor_v3.h,core/src/main/kotlin/org/kotlintor/crypto/OnionNtorV3.kt;core/src/main/kotlin/org/kotlintor/crypto/NtorV3.kt;core/src/main/kotlin/org/kotlintor/crypto/Ntor.kt;core/src/main/kotlin/org/kotlintor/crypto/OnionNtor.kt;core/src/main/kotlin/org/kotlintor/circuit/Onion.kt,D3,L3OpElevationTest + NtorV3.onionSkinNtor3ServerHandshakePart2Nokeygen,ntor3 part2 nokeygen thinner,
L3:core/crypto/relay_crypto_assert_ok,3_op,core/crypto,relay_crypto_assert_ok,relay_crypto.h,core/src/main/kotlin/org/kotlintor/circuit/RelayCrypto.kt;core/src/main/kotlin/org/kotlintor/circuit/CircuitCrypto.kt;core/src/main/kotlin/org/kotlintor/circuit/RelayCryptoTor1.kt;core/src/main/kotlin/org/kotlintor/circuit/RelayCryptoCgo.kt;core/src/main/kotlin/org/kotlintor/circuit/Relay.kt,D3,L3OpElevationTest + RelayCrypto.relayCryptoAssertOk,assert ok thinner,
L3:core/crypto/relay_crypto_clear,3_op,core/crypto,relay_crypto_clear,relay_crypto.h,core/src/main/kotlin/org/kotlintor/circuit/RelayCrypto.kt;core/src/main/kotlin/org/kotlintor/circuit/CircuitCrypto.kt;core/src/main/kotlin/org/kotlintor/circuit/RelayCryptoTor1.kt;core/src/main/kotlin/org/kotlintor/circuit/RelayCryptoCgo.kt;core/src/main/kotlin/org/kotlintor/circuit/Relay.kt,D3,L3OpElevationTest + RelayCrypto.relayCryptoClear,clear thinner,
L3:core/crypto/relay_crypto_get_sendme_tag,3_op,core/crypto,relay_crypto_get_sendme_tag,relay_crypto.h,core/src/main/kotlin/org/kotlintor/circuit/RelayCrypto.kt;core/src/main/kotlin/org/kotlintor/circuit/CircuitCrypto.kt;core/src/main/kotlin/org/kotlintor/circuit/RelayCryptoTor1.kt;core/src/main/kotlin/org/kotlintor/circuit/RelayCryptoCgo.kt;core/src/main/kotlin/org/kotlintor/circuit/Relay.kt,D3,L3OpElevationTest + RelayCrypto.relayCryptoGetSendmeTag,sendme tag thinner,
L3:core/crypto/relay_crypto_init,3_op,core/crypto,relay_crypto_init,relay_crypto.h,core/src/main/kotlin/org/kotlintor/circuit/RelayCrypto.kt;core/src/main/kotlin/org/kotlintor/circuit/CircuitCrypto.kt;core/src/main/kotlin/org/kotlintor/circuit/RelayCryptoTor1.kt;core/src/main/kotlin/org/kotlintor/circuit/RelayCryptoCgo.kt;core/src/main/kotlin/org/kotlintor/circuit/Relay.kt,D3,L3OpElevationTest + RelayCrypto.relayCryptoInit,init thinner,
L3:core/crypto/relay_crypto_key_material_len,3_op,core/crypto,relay_crypto_key_material_len,relay_crypto.h,core/src/main/kotlin/org/kotlintor/circuit/RelayCrypto.kt;core/src/main/kotlin/org/kotlintor/circuit/CircuitCrypto.kt;core/src/main/kotlin/org/kotlintor/circuit/RelayCryptoTor1.kt;core/src/main/kotlin/org/kotlintor/circuit/RelayCryptoCgo.kt;core/src/main/kotlin/org/kotlintor/circuit/Relay.kt,D3,L3OpElevationTest + RelayCrypto.relayCryptoKeyMaterialLen,key material thinner,
L3:core/crypto/relay_crypto_sendme_tag_len,3_op,core/crypto,relay_crypto_sendme_tag_len,relay_crypto.h,core/src/main/kotlin/org/kotlintor/circuit/RelayCrypto.kt;core/src/main/kotlin/org/kotlintor/circuit/CircuitCrypto.kt;core/src/main/kotlin/org/kotlintor/circuit/RelayCryptoTor1.kt;core/src/main/kotlin/org/kotlintor/circuit/RelayCryptoCgo.kt;core/src/main/kotlin/org/kotlintor/circuit/Relay.kt,D3,L3OpElevationTest + RelayCrypto.relayCryptoSendmeTagLen,tag len thinner,
L3:core/crypto/relay_decrypt_cell,3_op,core/crypto,relay_decrypt_cell,relay_crypto.h,core/src/main/kotlin/org/kotlintor/circuit/RelayCrypto.kt;core/src/main/kotlin/org/kotlintor/circuit/CircuitCrypto.kt;core/src/main/kotlin/org/kotlintor/circuit/RelayCryptoTor1.kt;core/src/main/kotlin/org/kotlintor/circuit/RelayCryptoCgo.kt;core/src/main/kotlin/org/kotlintor/circuit/Relay.kt,D3,L3OpElevationTest + RelayCrypto.relayDecryptCell,decrypt thinner,
L3:core/crypto/relay_encrypt_cell_inbound,3_op,core/crypto,relay_encrypt_cell_inbound,relay_crypto.h,core/src/main/kotlin/org/kotlintor/circuit/RelayCrypto.kt;core/src/main/kotlin/org/kotlintor/circuit/CircuitCrypto.kt;core/src/main/kotlin/org/kotlintor/circuit/RelayCryptoTor1.kt;core/src/main/kotlin/org/kotlintor/circuit/RelayCryptoCgo.kt;core/src/main/kotlin/org/kotlintor/circuit/Relay.kt,D3,L3OpElevationTest + RelayCrypto.relayEncryptCellInbound,encrypt inbound thinner,
L3:core/crypto/relay_encrypt_cell_outbound,3_op,core/crypto,relay_encrypt_cell_outbound,relay_crypto.h,core/src/main/kotlin/org/kotlintor/circuit/RelayCrypto.kt;core/src/main/kotlin/org/kotlintor/circuit/CircuitCrypto.kt;core/src/main/kotlin/org/kotlintor/circuit/RelayCryptoTor1.kt;core/src/main/kotlin/org/kotlintor/circuit/RelayCryptoCgo.kt;core/src/main/kotlin/org/kotlintor/circuit/Relay.kt,D3,L3OpElevationTest + RelayCrypto.relayEncryptCellOutbound,encrypt outbound thinner,
L3:core/crypto/cgo_crypt_client_backward,3_op,core/crypto,cgo_crypt_client_backward,relay_crypto_cgo.h,core/src/main/kotlin/org/kotlintor/circuit/RelayCryptoCgo.kt;core/src/main/kotlin/org/kotlintor/crypto/*;core/src/main/kotlin/org/kotlintor/crypto/Cgo.kt;core/src/main/kotlin/org/kotlintor/circuit/RelayCrypto.kt;core/src/main/kotlin/org/kotlintor/circuit/Relay.kt,D3,L3OpElevationTest + Cgo.cryptClientBackward,CGO inbound peel thinner,
L3:core/crypto/cgo_crypt_client_forward,3_op,core/crypto,cgo_crypt_client_forward,relay_crypto_cgo.h,core/src/main/kotlin/org/kotlintor/circuit/RelayCryptoCgo.kt;core/src/main/kotlin/org/kotlintor/crypto/*;core/src/main/kotlin/org/kotlintor/crypto/Cgo.kt;core/src/main/kotlin/org/kotlintor/circuit/RelayCrypto.kt;core/src/main/kotlin/org/kotlintor/circuit/Relay.kt,D3,L3OpElevationTest + Cgo.cryptClientForward,CGO outbound forward thinner,
L3:core/crypto/cgo_crypt_client_originate,3_op,core/crypto,cgo_crypt_client_originate,relay_crypto_cgo.h,core/src/main/kotlin/org/kotlintor/circuit/RelayCryptoCgo.kt;core/src/main/kotlin/org/kotlintor/crypto/*;core/src/main/kotlin/org/kotlintor/crypto/Cgo.kt;core/src/main/kotlin/org/kotlintor/circuit/RelayCrypto.kt;core/src/main/kotlin/org/kotlintor/circuit/Relay.kt,D3,L3OpElevationTest + Cgo.cryptClientOriginate,CGO originate thinner,
L3:core/crypto/cgo_crypt_free_,3_op,core/crypto,cgo_crypt_free_,relay_crypto_cgo.h,core/src/main/kotlin/org/kotlintor/circuit/RelayCryptoCgo.kt;core/src/main/kotlin/org/kotlintor/crypto/*;core/src/main/kotlin/org/kotlintor/crypto/Cgo.kt;core/src/main/kotlin/org/kotlintor/circuit/RelayCrypto.kt;core/src/main/kotlin/org/kotlintor/circuit/Relay.kt,D3,L3OpElevationTest + Cgo.cryptFree,CGO free wipe thinner,
L3:core/crypto/cgo_crypt_new,3_op,core/crypto,cgo_crypt_new,relay_crypto_cgo.h,core/src/main/kotlin/org/kotlintor/circuit/RelayCryptoCgo.kt;core/src/main/kotlin/org/kotlintor/crypto/*;core/src/main/kotlin/org/kotlintor/crypto/Cgo.kt;core/src/main/kotlin/org/kotlintor/circuit/RelayCrypto.kt;core/src/main/kotlin/org/kotlintor/circuit/Relay.kt,D3,L3OpElevationTest + Cgo.cryptNew,CGO hop seed thinner,
L3:core/crypto/cgo_crypt_relay_backward,3_op,core/crypto,cgo_crypt_relay_backward,relay_crypto_cgo.h,core/src/main/kotlin/org/kotlintor/circuit/RelayCryptoCgo.kt;core/src/main/kotlin/org/kotlintor/crypto/*;core/src/main/kotlin/org/kotlintor/crypto/Cgo.kt;core/src/main/kotlin/org/kotlintor/circuit/RelayCrypto.kt;core/src/main/kotlin/org/kotlintor/circuit/Relay.kt,D3,L3OpElevationTest + Cgo.cryptRelayBackward,CGO relay inbound thinner,
L3:core/crypto/cgo_crypt_relay_forward,3_op,core/crypto,cgo_crypt_relay_forward,relay_crypto_cgo.h,core/src/main/kotlin/org/kotlintor/circuit/RelayCryptoCgo.kt;core/src/main/kotlin/org/kotlintor/crypto/*;core/src/main/kotlin/org/kotlintor/crypto/Cgo.kt;core/src/main/kotlin/org/kotlintor/circuit/RelayCrypto.kt;core/src/main/kotlin/org/kotlintor/circuit/Relay.kt,D3,L3OpElevationTest + Cgo.cryptRelayForward,CGO relay forward thinner,
L3:core/crypto/cgo_crypt_relay_originate,3_op,core/crypto,cgo_crypt_relay_originate,relay_crypto_cgo.h,core/src/main/kotlin/org/kotlintor/circuit/RelayCryptoCgo.kt;core/src/main/kotlin/org/kotlintor/crypto/*;core/src/main/kotlin/org/kotlintor/crypto/Cgo.kt;core/src/main/kotlin/org/kotlintor/circuit/RelayCrypto.kt;core/src/main/kotlin/org/kotlintor/circuit/Relay.kt,D3,L3OpElevationTest + Cgo.cryptRelayOriginate,CGO relay originate thinner,
L3:core/crypto/cgo_et_clear,3_op,core/crypto,cgo_et_clear,relay_crypto_cgo.h,core/src/main/kotlin/org/kotlintor/circuit/RelayCryptoCgo.kt;core/src/main/kotlin/org/kotlintor/crypto/*;core/src/main/kotlin/org/kotlintor/crypto/Cgo.kt;core/src/main/kotlin/org/kotlintor/circuit/RelayCrypto.kt;core/src/main/kotlin/org/kotlintor/circuit/Relay.kt,D3,L3OpElevationTest + Cgo.etClear,ET clear thinner,
L3:core/crypto/cgo_et_decrypt,3_op,core/crypto,cgo_et_decrypt,relay_crypto_cgo.h,core/src/main/kotlin/org/kotlintor/circuit/RelayCryptoCgo.kt;core/src/main/kotlin/org/kotlintor/crypto/*;core/src/main/kotlin/org/kotlintor/crypto/Cgo.kt;core/src/main/kotlin/org/kotlintor/circuit/RelayCrypto.kt;core/src/main/kotlin/org/kotlintor/circuit/Relay.kt,D3,L3OpElevationTest + Cgo.etDecrypt,ET decrypt thinner,
L3:core/crypto/cgo_et_encrypt,3_op,core/crypto,cgo_et_encrypt,relay_crypto_cgo.h,core/src/main/kotlin/org/kotlintor/circuit/RelayCryptoCgo.kt;core/src/main/kotlin/org/kotlintor/crypto/*;core/src/main/kotlin/org/kotlintor/crypto/Cgo.kt;core/src/main/kotlin/org/kotlintor/circuit/RelayCrypto.kt;core/src/main/kotlin/org/kotlintor/circuit/Relay.kt,D3,L3OpElevationTest + Cgo.etEncrypt,ET encrypt thinner,
L3:core/crypto/cgo_et_init,3_op,core/crypto,cgo_et_init,relay_crypto_cgo.h,core/src/main/kotlin/org/kotlintor/circuit/RelayCryptoCgo.kt;core/src/main/kotlin/org/kotlintor/crypto/*;core/src/main/kotlin/org/kotlintor/crypto/Cgo.kt;core/src/main/kotlin/org/kotlintor/circuit/RelayCrypto.kt;core/src/main/kotlin/org/kotlintor/circuit/Relay.kt,D3,L3OpElevationTest + Cgo.etInit,ET init thinner,
L3:core/crypto/cgo_et_set_key,3_op,core/crypto,cgo_et_set_key,relay_crypto_cgo.h,core/src/main/kotlin/org/kotlintor/circuit/RelayCryptoCgo.kt;core/src/main/kotlin/org/kotlintor/crypto/*;core/src/main/kotlin/org/kotlintor/crypto/Cgo.kt;core/src/main/kotlin/org/kotlintor/circuit/RelayCrypto.kt;core/src/main/kotlin/org/kotlintor/circuit/Relay.kt,D3,L3OpElevationTest + Cgo.etSetKey,ET set key thinner,
L3:core/crypto/cgo_key_material_len,3_op,core/crypto,cgo_key_material_len,relay_crypto_cgo.h,core/src/main/kotlin/org/kotlintor/circuit/RelayCryptoCgo.kt;core/src/main/kotlin/org/kotlintor/crypto/*;core/src/main/kotlin/org/kotlintor/crypto/Cgo.kt;core/src/main/kotlin/org/kotlintor/circuit/RelayCrypto.kt;core/src/main/kotlin/org/kotlintor/circuit/Relay.kt,D3,L3OpElevationTest + Cgo.keyMaterialLen,key material len thinner,
L3:core/crypto/cgo_prf_clear,3_op,core/crypto,cgo_prf_clear,relay_crypto_cgo.h,core/src/main/kotlin/org/kotlintor/circuit/RelayCryptoCgo.kt;core/src/main/kotlin/org/kotlintor/crypto/*;core/src/main/kotlin/org/kotlintor/crypto/Cgo.kt;core/src/main/kotlin/org/kotlintor/circuit/RelayCrypto.kt;core/src/main/kotlin/org/kotlintor/circuit/Relay.kt,D3,L3OpElevationTest + Cgo.prfClear,PRF clear thinner,
L3:core/crypto/cgo_prf_gen_t1,3_op,core/crypto,cgo_prf_gen_t1,relay_crypto_cgo.h,core/src/main/kotlin/org/kotlintor/circuit/RelayCryptoCgo.kt;core/src/main/kotlin/org/kotlintor/crypto/*;core/src/main/kotlin/org/kotlintor/crypto/Cgo.kt;core/src/main/kotlin/org/kotlintor/circuit/RelayCrypto.kt;core/src/main/kotlin/org/kotlintor/circuit/Relay.kt,D3,L3OpElevationTest + Cgo.prfGenT1,PRF T1 thinner,
L3:core/crypto/cgo_prf_init,3_op,core/crypto,cgo_prf_init,relay_crypto_cgo.h,core/src/main/kotlin/org/kotlintor/circuit/RelayCryptoCgo.kt;core/src/main/kotlin/org/kotlintor/crypto/*;core/src/main/kotlin/org/kotlintor/crypto/Cgo.kt;core/src/main/kotlin/org/kotlintor/circuit/RelayCrypto.kt;core/src/main/kotlin/org/kotlintor/circuit/Relay.kt,D3,L3OpElevationTest + Cgo.prfInit,PRF init thinner,
L3:core/crypto/cgo_prf_set_key,3_op,core/crypto,cgo_prf_set_key,relay_crypto_cgo.h,core/src/main/kotlin/org/kotlintor/circuit/RelayCryptoCgo.kt;core/src/main/kotlin/org/kotlintor/crypto/*;core/src/main/kotlin/org/kotlintor/crypto/Cgo.kt;core/src/main/kotlin/org/kotlintor/circuit/RelayCrypto.kt;core/src/main/kotlin/org/kotlintor/circuit/Relay.kt,D3,L3OpElevationTest + Cgo.prfSetKey,PRF set key thinner,
L3:core/crypto/cgo_prf_xor_t0,3_op,core/crypto,cgo_prf_xor_t0,relay_crypto_cgo.h,core/src/main/kotlin/org/kotlintor/circuit/RelayCryptoCgo.kt;core/src/main/kotlin/org/kotlintor/crypto/*;core/src/main/kotlin/org/kotlintor/crypto/Cgo.kt;core/src/main/kotlin/org/kotlintor/circuit/RelayCrypto.kt;core/src/main/kotlin/org/kotlintor/circuit/Relay.kt,D3,L3OpElevationTest + Cgo.prfXorT0,PRF XOR T0 thinner,
L3:core/crypto/cgo_uiv_clear,3_op,core/crypto,cgo_uiv_clear,relay_crypto_cgo.h,core/src/main/kotlin/org/kotlintor/circuit/RelayCryptoCgo.kt;core/src/main/kotlin/org/kotlintor/crypto/*;core/src/main/kotlin/org/kotlintor/crypto/Cgo.kt;core/src/main/kotlin/org/kotlintor/circuit/RelayCrypto.kt;core/src/main/kotlin/org/kotlintor/circuit/Relay.kt,D3,L3OpElevationTest + Cgo.uivClear,UIV clear thinner,
L3:core/crypto/cgo_uiv_decrypt,3_op,core/crypto,cgo_uiv_decrypt,relay_crypto_cgo.h,core/src/main/kotlin/org/kotlintor/circuit/RelayCryptoCgo.kt;core/src/main/kotlin/org/kotlintor/crypto/*;core/src/main/kotlin/org/kotlintor/crypto/Cgo.kt;core/src/main/kotlin/org/kotlintor/circuit/RelayCrypto.kt;core/src/main/kotlin/org/kotlintor/circuit/Relay.kt,D3,L3OpElevationTest + Cgo.uivDecrypt,UIV decrypt thinner,
L3:core/crypto/cgo_uiv_encrypt,3_op,core/crypto,cgo_uiv_encrypt,relay_crypto_cgo.h,core/src/main/kotlin/org/kotlintor/circuit/RelayCryptoCgo.kt;core/src/main/kotlin/org/kotlintor/crypto/*;core/src/main/kotlin/org/kotlintor/crypto/Cgo.kt;core/src/main/kotlin/org/kotlintor/circuit/RelayCrypto.kt;core/src/main/kotlin/org/kotlintor/circuit/Relay.kt,D3,L3OpElevationTest + Cgo.uivEncrypt,UIV encrypt thinner,
L3:core/crypto/cgo_uiv_init,3_op,core/crypto,cgo_uiv_init,relay_crypto_cgo.h,core/src/main/kotlin/org/kotlintor/circuit/RelayCryptoCgo.kt;core/src/main/kotlin/org/kotlintor/crypto/*;core/src/main/kotlin/org/kotlintor/crypto/Cgo.kt;core/src/main/kotlin/org/kotlintor/circuit/RelayCrypto.kt;core/src/main/kotlin/org/kotlintor/circuit/Relay.kt,D3,L3OpElevationTest + Cgo.uivInit,UIV init thinner,
L3:core/crypto/cgo_uiv_update,3_op,core/crypto,cgo_uiv_update,relay_crypto_cgo.h,core/src/main/kotlin/org/kotlintor/circuit/RelayCryptoCgo.kt;core/src/main/kotlin/org/kotlintor/crypto/*;core/src/main/kotlin/org/kotlintor/crypto/Cgo.kt;core/src/main/kotlin/org/kotlintor/circuit/RelayCrypto.kt;core/src/main/kotlin/org/kotlintor/circuit/Relay.kt,D3,L3OpElevationTest + Cgo.uivUpdate,UIV update thinner,
L3:core/crypto/tor1_crypt_assert_ok,3_op,core/crypto,tor1_crypt_assert_ok,relay_crypto_tor1.h,core/src/main/kotlin/org/kotlintor/circuit/RelayCryptoTor1.kt;core/src/main/kotlin/org/kotlintor/circuit/CircuitCrypto.kt;core/src/main/kotlin/org/kotlintor/circuit/RelayCrypto.kt;core/src/main/kotlin/org/kotlintor/circuit/Relay.kt,D3,L3OpElevationTest + RelayCrypto.tor1CryptAssertOk,tor1 assert thinner,
L3:core/crypto/tor1_crypt_clear,3_op,core/crypto,tor1_crypt_clear,relay_crypto_tor1.h,core/src/main/kotlin/org/kotlintor/circuit/RelayCryptoTor1.kt;core/src/main/kotlin/org/kotlintor/circuit/CircuitCrypto.kt;core/src/main/kotlin/org/kotlintor/circuit/RelayCrypto.kt;core/src/main/kotlin/org/kotlintor/circuit/Relay.kt,D3,L3OpElevationTest + RelayCrypto.tor1CryptClear,tor1 clear thinner,
L3:core/crypto/tor1_crypt_client_backward,3_op,core/crypto,tor1_crypt_client_backward,relay_crypto_tor1.h,core/src/main/kotlin/org/kotlintor/circuit/RelayCryptoTor1.kt;core/src/main/kotlin/org/kotlintor/circuit/CircuitCrypto.kt;core/src/main/kotlin/org/kotlintor/circuit/RelayCrypto.kt;core/src/main/kotlin/org/kotlintor/circuit/Relay.kt,D3,L3OpElevationTest + RelayCrypto.tor1CryptClientBackward,tor1 client back thinner,
L3:core/crypto/tor1_crypt_client_forward,3_op,core/crypto,tor1_crypt_client_forward,relay_crypto_tor1.h,core/src/main/kotlin/org/kotlintor/circuit/RelayCryptoTor1.kt;core/src/main/kotlin/org/kotlintor/circuit/CircuitCrypto.kt;core/src/main/kotlin/org/kotlintor/circuit/RelayCrypto.kt;core/src/main/kotlin/org/kotlintor/circuit/Relay.kt,D3,L3OpElevationTest + RelayCrypto.tor1CryptClientForward,tor1 client fwd thinner,
L3:core/crypto/tor1_crypt_client_originate,3_op,core/crypto,tor1_crypt_client_originate,relay_crypto_tor1.h,core/src/main/kotlin/org/kotlintor/circuit/RelayCryptoTor1.kt;core/src/main/kotlin/org/kotlintor/circuit/CircuitCrypto.kt;core/src/main/kotlin/org/kotlintor/circuit/RelayCrypto.kt;core/src/main/kotlin/org/kotlintor/circuit/Relay.kt,D3,L3OpElevationTest + RelayCrypto.tor1CryptClientOriginate,tor1 client orig thinner,
L3:core/crypto/tor1_crypt_init,3_op,core/crypto,tor1_crypt_init,relay_crypto_tor1.h,core/src/main/kotlin/org/kotlintor/circuit/RelayCryptoTor1.kt;core/src/main/kotlin/org/kotlintor/circuit/CircuitCrypto.kt;core/src/main/kotlin/org/kotlintor/circuit/RelayCrypto.kt;core/src/main/kotlin/org/kotlintor/circuit/Relay.kt,D3,L3OpElevationTest + RelayCrypto.tor1CryptInit,tor1 init thinner,
L3:core/crypto/tor1_crypt_relay_backward,3_op,core/crypto,tor1_crypt_relay_backward,relay_crypto_tor1.h,core/src/main/kotlin/org/kotlintor/circuit/RelayCryptoTor1.kt;core/src/main/kotlin/org/kotlintor/circuit/CircuitCrypto.kt;core/src/main/kotlin/org/kotlintor/circuit/RelayCrypto.kt;core/src/main/kotlin/org/kotlintor/circuit/Relay.kt,D3,L3OpElevationTest + RelayCrypto.tor1CryptRelayBackward,tor1 relay back thinner,
L3:core/crypto/tor1_crypt_relay_forward,3_op,core/crypto,tor1_crypt_relay_forward,relay_crypto_tor1.h,core/src/main/kotlin/org/kotlintor/circuit/RelayCryptoTor1.kt;core/src/main/kotlin/org/kotlintor/circuit/CircuitCrypto.kt;core/src/main/kotlin/org/kotlintor/circuit/RelayCrypto.kt;core/src/main/kotlin/org/kotlintor/circuit/Relay.kt,D3,L3OpElevationTest + RelayCrypto.tor1CryptRelayForward,tor1 relay fwd thinner,
L3:core/crypto/tor1_crypt_relay_originate,3_op,core/crypto,tor1_crypt_relay_originate,relay_crypto_tor1.h,core/src/main/kotlin/org/kotlintor/circuit/RelayCryptoTor1.kt;core/src/main/kotlin/org/kotlintor/circuit/CircuitCrypto.kt;core/src/main/kotlin/org/kotlintor/circuit/RelayCrypto.kt;core/src/main/kotlin/org/kotlintor/circuit/Relay.kt,D3,L3OpElevationTest + RelayCrypto.tor1CryptRelayOriginate,tor1 relay orig thinner,
L3:core/crypto/tor1_key_material_len,3_op,core/crypto,tor1_key_material_len,relay_crypto_tor1.h,core/src/main/kotlin/org/kotlintor/circuit/RelayCryptoTor1.kt;core/src/main/kotlin/org/kotlintor/circuit/CircuitCrypto.kt;core/src/main/kotlin/org/kotlintor/circuit/RelayCrypto.kt;core/src/main/kotlin/org/kotlintor/circuit/Relay.kt,D3,L3OpElevationTest + RelayCrypto.tor1KeyMaterialLen,tor1 key len thinner,
L3:feature/dirauth/authdir_mode,3_op,feature/dirauth,authdir_mode,authmode.h,core/src/main/kotlin/org/kotlintor/dir/AuthMode.kt;core/src/main/kotlin/org/kotlintor/dir/ProcessDescsAndAuthMode.kt,D3,L3OpElevationTest + AuthMode.authdirMode,authdir mode thinner,
L3:feature/dirauth/authdir_mode_bridge,3_op,feature/dirauth,authdir_mode_bridge,authmode.h,core/src/main/kotlin/org/kotlintor/dir/AuthMode.kt;core/src/main/kotlin/org/kotlintor/dir/ProcessDescsAndAuthMode.kt,D3,L3OpElevationTest + AuthMode.authdirModeBridge,authdir bridge thinner,
L3:feature/dirauth/authdir_mode_handles_descs,3_op,feature/dirauth,authdir_mode_handles_descs,authmode.h,core/src/main/kotlin/org/kotlintor/dir/AuthMode.kt;core/src/main/kotlin/org/kotlintor/dir/ProcessDescsAndAuthMode.kt,D3,L3OpElevationTest + AuthMode.authdirModeHandlesDescs,authdir descs thinner,
L3:feature/dirauth/authdir_mode_publishes_statuses,3_op,feature/dirauth,authdir_mode_publishes_statuses,authmode.h,core/src/main/kotlin/org/kotlintor/dir/AuthMode.kt;core/src/main/kotlin/org/kotlintor/dir/ProcessDescsAndAuthMode.kt,D3,L3OpElevationTest + AuthMode.authdirModePublishesStatuses,authdir statuses thinner,
L3:feature/dirauth/authdir_mode_tests_reachability,3_op,feature/dirauth,authdir_mode_tests_reachability,authmode.h,core/src/main/kotlin/org/kotlintor/dir/AuthMode.kt;core/src/main/kotlin/org/kotlintor/dir/ProcessDescsAndAuthMode.kt,D3,L3OpElevationTest + AuthMode.authdirModeTestsReachability,authdir reach thinner,
L3:feature/dirauth/authdir_mode_v3,3_op,feature/dirauth,authdir_mode_v3,authmode.h,core/src/main/kotlin/org/kotlintor/dir/AuthMode.kt;core/src/main/kotlin/org/kotlintor/dir/ProcessDescsAndAuthMode.kt,D3,L3OpElevationTest + AuthMode.authdirModeV3,authdir v3 thinner,
L3:feature/dirauth/bridgeauth_dump_bridge_status_to_file,3_op,feature/dirauth,bridgeauth_dump_bridge_status_to_file,bridgeauth.h,core/src/main/kotlin/org/kotlintor/dir/BridgeAuth.kt,D3,DirAuthElevationTest + BridgeAuth.bridgeauthDumpBridgeStatusToFile,bridgeauth dump thinner,
L3:feature/dirauth/dirserv_cache_measured_bw,3_op,feature/dirauth,dirserv_cache_measured_bw,bwauth.h,core/src/main/kotlin/org/kotlintor/dir/BwAuth.kt;core/src/main/kotlin/org/kotlintor/dir/BwAuthFile.kt,D3,DirAuthElevationTest + BwAuth.dirservCacheMeasuredBw,cache measured bw thinner,
L3:feature/dirauth/dirserv_clear_measured_bw_cache,3_op,feature/dirauth,dirserv_clear_measured_bw_cache,bwauth.h,core/src/main/kotlin/org/kotlintor/dir/BwAuth.kt;core/src/main/kotlin/org/kotlintor/dir/BwAuthFile.kt,D3,DirAuthElevationTest + BwAuth.dirservClearMeasuredBwCache,clear measured bw thinner,
L3:feature/dirauth/dirserv_count_measured_bws,3_op,feature/dirauth,dirserv_count_measured_bws,bwauth.h,core/src/main/kotlin/org/kotlintor/dir/BwAuth.kt;core/src/main/kotlin/org/kotlintor/dir/BwAuthFile.kt,D3,DirAuthElevationTest + BwAuth.dirservCountMeasuredBws,count measured bw thinner,
L3:feature/dirauth/dirserv_expire_measured_bw_cache,3_op,feature/dirauth,dirserv_expire_measured_bw_cache,bwauth.h,core/src/main/kotlin/org/kotlintor/dir/BwAuth.kt;core/src/main/kotlin/org/kotlintor/dir/BwAuthFile.kt,D3,DirAuthElevationTest + BwAuth.dirservExpireMeasuredBwCache,expire measured bw thinner,
L3:feature/dirauth/dirserv_get_credible_bandwidth_kb,3_op,feature/dirauth,dirserv_get_credible_bandwidth_kb,bwauth.h,core/src/main/kotlin/org/kotlintor/dir/BwAuth.kt;core/src/main/kotlin/org/kotlintor/dir/BwAuthFile.kt,D3,DirAuthElevationTest + BwAuth.dirservGetCredibleBandwidthKb,credible bw thinner,
L3:feature/dirauth/dirserv_get_last_n_measured_bws,3_op,feature/dirauth,dirserv_get_last_n_measured_bws,bwauth.h,core/src/main/kotlin/org/kotlintor/dir/BwAuth.kt;core/src/main/kotlin/org/kotlintor/dir/BwAuthFile.kt,D3,DirAuthElevationTest + BwAuth.dirservGetLastNMeasuredBws,last n measured thinner,
L3:feature/dirauth/dirserv_get_measured_bw_cache_size,3_op,feature/dirauth,dirserv_get_measured_bw_cache_size,bwauth.h,core/src/main/kotlin/org/kotlintor/dir/BwAuth.kt;core/src/main/kotlin/org/kotlintor/dir/BwAuthFile.kt,D3,DirAuthElevationTest + BwAuth.dirservGetMeasuredBwCacheSize,measured bw cache size thinner,
L3:feature/dirauth/dirserv_has_measured_bw,3_op,feature/dirauth,dirserv_has_measured_bw,bwauth.h,core/src/main/kotlin/org/kotlintor/dir/BwAuth.kt;core/src/main/kotlin/org/kotlintor/dir/BwAuthFile.kt,D3,DirAuthElevationTest + BwAuth.dirservHasMeasuredBw,has measured bw thinner,
L3:feature/dirauth/dirserv_query_measured_bw_cache_kb,3_op,feature/dirauth,dirserv_query_measured_bw_cache_kb,bwauth.h,core/src/main/kotlin/org/kotlintor/dir/BwAuth.kt;core/src/main/kotlin/org/kotlintor/dir/BwAuthFile.kt,D3,DirAuthElevationTest + BwAuth.dirservQueryMeasuredBwCacheKb,query measured bw thinner,
L3:feature/dirauth/dirserv_read_measured_bandwidths,3_op,feature/dirauth,dirserv_read_measured_bandwidths,bwauth.h,core/src/main/kotlin/org/kotlintor/dir/BwAuth.kt;core/src/main/kotlin/org/kotlintor/dir/BwAuthFile.kt,D3,DirAuthElevationTest + BwAuth.dirservReadMeasuredBandwidths,read measured bws thinner,
L3:feature/dirauth/measured_bw_line_apply,3_op,feature/dirauth,measured_bw_line_apply,bwauth.h,core/src/main/kotlin/org/kotlintor/dir/BwAuth.kt;core/src/main/kotlin/org/kotlintor/dir/BwAuthFile.kt,D3,DirAuthElevationTest + BwAuth.measuredBwLineApply,measured bw apply thinner,
L3:feature/dirauth/measured_bw_line_parse,3_op,feature/dirauth,measured_bw_line_parse,bwauth.h,core/src/main/kotlin/org/kotlintor/dir/BwAuth.kt;core/src/main/kotlin/org/kotlintor/dir/BwAuthFile.kt,D3,DirAuthElevationTest + BwAuth.measuredBwLineParse,measured bw parse thinner,
L3:feature/dirauth/dirauth_should_reject_requests_under_load,3_op,feature/dirauth,dirauth_should_reject_requests_under_load,dirauth_config.h,core/src/main/kotlin/org/kotlintor/dir/DirAuthConfig.kt;core/src/main/kotlin/org/kotlintor/config/Config.kt,D3,DirAuthElevationTest + DirAuthConfig.dirauthShouldRejectRequestsUnderLoad,reject under load thinner,
L3:feature/dirauth/options_act_dirauth,3_op,feature/dirauth,options_act_dirauth,dirauth_config.h,core/src/main/kotlin/org/kotlintor/dir/DirAuthConfig.kt;core/src/main/kotlin/org/kotlintor/config/Config.kt,D3,DirAuthElevationTest + DirAuthConfig.optionsActDirauth,options act dirauth thinner,
L3:feature/dirauth/options_act_dirauth_mtbf,3_op,feature/dirauth,options_act_dirauth_mtbf,dirauth_config.h,core/src/main/kotlin/org/kotlintor/dir/DirAuthConfig.kt;core/src/main/kotlin/org/kotlintor/config/Config.kt,D3,DirAuthElevationTest + DirAuthConfig.optionsActDirauthMtbf,options act mtbf thinner,
L3:feature/dirauth/options_act_dirauth_stats,3_op,feature/dirauth,options_act_dirauth_stats,dirauth_config.h,core/src/main/kotlin/org/kotlintor/dir/DirAuthConfig.kt;core/src/main/kotlin/org/kotlintor/config/Config.kt,D3,DirAuthElevationTest + DirAuthConfig.optionsActDirauthStats,options act stats thinner,
L3:feature/dirauth/options_validate_dirauth_mode,3_op,feature/dirauth,options_validate_dirauth_mode,dirauth_config.h,core/src/main/kotlin/org/kotlintor/dir/DirAuthConfig.kt;core/src/main/kotlin/org/kotlintor/config/Config.kt,D3,DirAuthElevationTest + DirAuthConfig.optionsValidateDirauthMode,validate dirauth mode thinner,
L3:feature/dirauth/options_validate_dirauth_schedule,3_op,feature/dirauth,options_validate_dirauth_schedule,dirauth_config.h,core/src/main/kotlin/org/kotlintor/dir/DirAuthConfig.kt;core/src/main/kotlin/org/kotlintor/config/Config.kt,D3,DirAuthElevationTest + DirAuthConfig.optionsValidateDirauthSchedule,validate schedule thinner,
L3:feature/dirauth/options_validate_dirauth_testing,3_op,feature/dirauth,options_validate_dirauth_testing,dirauth_config.h,core/src/main/kotlin/org/kotlintor/dir/DirAuthConfig.kt;core/src/main/kotlin/org/kotlintor/config/Config.kt,D3,DirAuthElevationTest + DirAuthConfig.optionsValidateDirauthTesting,validate testing thinner,
L3:feature/dirauth/dirauth_register_periodic_events,3_op,feature/dirauth,dirauth_register_periodic_events,dirauth_periodic.h,core/src/main/kotlin/org/kotlintor/dir/DirAuthPeriodic.kt;core/src/main/kotlin/org/kotlintor/mainloop/Periodic.kt,D3,DirAuthElevationTest + DirAuthPeriodic.dirauthRegisterPeriodicEvents,dirauth register periodic thinner,
L3:feature/dirauth/reschedule_dirvote,3_op,feature/dirauth,reschedule_dirvote,dirauth_periodic.h,core/src/main/kotlin/org/kotlintor/dir/DirAuthPeriodic.kt;core/src/main/kotlin/org/kotlintor/mainloop/Periodic.kt,D3,DirAuthElevationTest + DirAuthPeriodic.rescheduleDirvote,reschedule dirvote thinner,
L3:feature/dirauth/dirauth_get_options,3_op,feature/dirauth,dirauth_get_options,dirauth_sys.h,core/src/main/kotlin/org/kotlintor/dir/DirAuthSys.kt,D3,DirAuthElevationTest + DirAuthSys.dirauthGetOptions,dirauth get options thinner,
L3:feature/dirauth/dirauth_set_options,3_op,feature/dirauth,dirauth_set_options,dirauth_sys.h,core/src/main/kotlin/org/kotlintor/dir/DirAuthSys.kt,D3,DirAuthElevationTest + DirAuthSys.dirauthSetOptions,dirauth set options thinner,
L3:feature/dirauth/dircollator_add_vote,3_op,feature/dirauth,dircollator_add_vote,dircollate.h,core/src/main/kotlin/org/kotlintor/dir/DirCollate.kt;core/src/main/kotlin/org/kotlintor/dir/BwAuthFile.kt,D3,DirAuthElevationTest + DirCollate.dircollatorAddVote,dircollator add vote thinner,
L3:feature/dirauth/dircollator_collate,3_op,feature/dirauth,dircollator_collate,dircollate.h,core/src/main/kotlin/org/kotlintor/dir/DirCollate.kt;core/src/main/kotlin/org/kotlintor/dir/BwAuthFile.kt,D3,DirAuthElevationTest + DirCollate.dircollatorCollate,dircollator collate thinner,
L3:feature/dirauth/dircollator_free_,3_op,feature/dirauth,dircollator_free_,dircollate.h,core/src/main/kotlin/org/kotlintor/dir/DirCollate.kt;core/src/main/kotlin/org/kotlintor/dir/BwAuthFile.kt,D3,DirAuthElevationTest + DirCollate.dircollatorFree_,dircollator free thinner,
L3:feature/dirauth/dircollator_get_votes_for_router,3_op,feature/dirauth,dircollator_get_votes_for_router,dircollate.h,core/src/main/kotlin/org/kotlintor/dir/DirCollate.kt;core/src/main/kotlin/org/kotlintor/dir/BwAuthFile.kt,D3,DirAuthElevationTest + DirCollate.dircollatorGetVotesForRouter,dircollator get votes thinner,
L3:feature/dirauth/dircollator_n_routers,3_op,feature/dirauth,dircollator_n_routers,dircollate.h,core/src/main/kotlin/org/kotlintor/dir/DirCollate.kt;core/src/main/kotlin/org/kotlintor/dir/BwAuthFile.kt,D3,DirAuthElevationTest + DirCollate.dircollatorNRouters,dircollator n routers thinner,
L3:feature/dirauth/dircollator_new,3_op,feature/dirauth,dircollator_new,dircollate.h,core/src/main/kotlin/org/kotlintor/dir/DirCollate.kt;core/src/main/kotlin/org/kotlintor/dir/BwAuthFile.kt,D3,DirAuthElevationTest + DirCollate.dircollatorNew,dircollator new thinner,
L3:feature/dirauth/authority_cert_dup,3_op,feature/dirauth,authority_cert_dup,dirvote.h,core/src/main/kotlin/org/kotlintor/dir/DirVote.kt,D3,DirAuthElevationTest + DirVote.authorityCertDup,authority cert dup thinner,
L3:feature/dirauth/compare_routerinfo_by_ipv4,3_op,feature/dirauth,compare_routerinfo_by_ipv4,dirvote.h,core/src/main/kotlin/org/kotlintor/dir/DirVote.kt,D3,DirAuthElevationTest + DirVote.compareRouterinfoByIpv4,compare ri ipv4 thinner,
L3:feature/dirauth/compare_routerinfo_by_ipv6,3_op,feature/dirauth,compare_routerinfo_by_ipv6,dirvote.h,core/src/main/kotlin/org/kotlintor/dir/DirVote.kt,D3,DirAuthElevationTest + DirVote.compareRouterinfoByIpv6,compare ri ipv6 thinner,
L3:feature/dirauth/compare_routerinfo_usefulness,3_op,feature/dirauth,compare_routerinfo_usefulness,dirvote.h,core/src/main/kotlin/org/kotlintor/dir/DirVote.kt,D3,DirAuthElevationTest + DirVote.compareRouterinfoUsefulness,compare ri useful thinner,
L3:feature/dirauth/compute_consensus_package_lines,3_op,feature/dirauth,compute_consensus_package_lines,dirvote.h,core/src/main/kotlin/org/kotlintor/dir/DirVote.kt,D3,DirAuthElevationTest + DirVote.computeConsensusPackageLines,consensus package thinner,
L3:feature/dirauth/dirserv_generate_networkstatus_vote_obj,3_op,feature/dirauth,dirserv_generate_networkstatus_vote_obj,dirvote.h,core/src/main/kotlin/org/kotlintor/dir/DirVote.kt,D3,DirAuthElevationTest + DirVote.dirservGenerateNetworkstatusVoteObj,generate vote obj thinner,
L3:feature/dirauth/dirvote_act,3_op,feature/dirauth,dirvote_act,dirvote.h,core/src/main/kotlin/org/kotlintor/dir/DirVote.kt,D3,DirAuthElevationTest + DirVote.dirvoteAct,dirvote act thinner,
L3:feature/dirauth/dirvote_add_signatures,3_op,feature/dirauth,dirvote_add_signatures,dirvote.h,core/src/main/kotlin/org/kotlintor/dir/DirVote.kt,D3,DirAuthElevationTest + DirVote.dirvoteAddSignatures,dirvote add sigs thinner,
L3:feature/dirauth/dirvote_add_vote,3_op,feature/dirauth,dirvote_add_vote,dirvote.h,core/src/main/kotlin/org/kotlintor/dir/DirVote.kt,D3,DirAuthElevationTest + DirVote.dirvoteAddVote,dirvote add vote thinner,
L3:feature/dirauth/dirvote_clear_commits,3_op,feature/dirauth,dirvote_clear_commits,dirvote.h,core/src/main/kotlin/org/kotlintor/dir/DirVote.kt,D3,DirAuthElevationTest + DirVote.dirvoteClearCommits,dirvote clear commits thinner,
L3:feature/dirauth/dirvote_compute_params,3_op,feature/dirauth,dirvote_compute_params,dirvote.h,core/src/main/kotlin/org/kotlintor/dir/DirVote.kt,D3,DirAuthElevationTest + DirVote.dirvoteComputeParams,dirvote compute params thinner,
L3:feature/dirauth/dirvote_create_microdescriptor,3_op,feature/dirauth,dirvote_create_microdescriptor,dirvote.h,core/src/main/kotlin/org/kotlintor/dir/DirVote.kt,D3,DirAuthElevationTest + DirVote.dirvoteCreateMicrodescriptor,dirvote create microdesc thinner,
L3:feature/dirauth/dirvote_dirreq_get_status_vote,3_op,feature/dirauth,dirvote_dirreq_get_status_vote,dirvote.h,core/src/main/kotlin/org/kotlintor/dir/DirVote.kt,D3,DirAuthElevationTest + DirVote.dirvoteDirreqGetStatusVote,dirvote dirreq status thinner,
L3:feature/dirauth/dirvote_format_all_microdesc_vote_lines,3_op,feature/dirauth,dirvote_format_all_microdesc_vote_lines,dirvote.h,core/src/main/kotlin/org/kotlintor/dir/DirVote.kt,D3,DirAuthElevationTest + DirVote.dirvoteFormatAllMicrodescVoteLines,dirvote microdesc lines thinner,
L3:feature/dirauth/dirvote_free_all,3_op,feature/dirauth,dirvote_free_all,dirvote.h,core/src/main/kotlin/org/kotlintor/dir/DirVote.kt,D3,DirAuthElevationTest + DirVote.dirvoteFreeAll,dirvote free all thinner,
L3:feature/dirauth/dirvote_get_intermediate_param_value,3_op,feature/dirauth,dirvote_get_intermediate_param_value,dirvote.h,core/src/main/kotlin/org/kotlintor/dir/DirVote.kt,D3,DirAuthElevationTest + DirVote.dirvoteGetIntermediateParamValue,dirvote intermediate param thinner,
L3:feature/dirauth/dirvote_get_vote,3_op,feature/dirauth,dirvote_get_vote,dirvote.h,core/src/main/kotlin/org/kotlintor/dir/DirVote.kt,D3,DirAuthElevationTest + DirVote.dirvoteGetVote,dirvote get vote thinner,
L3:feature/dirauth/dirvote_parse_sr_commits,3_op,feature/dirauth,dirvote_parse_sr_commits,dirvote.h,core/src/main/kotlin/org/kotlintor/dir/DirVote.kt,D3,DirAuthElevationTest + DirVote.dirvoteParseSrCommits,dirvote parse sr thinner,
L3:feature/dirauth/format_networkstatus_vote,3_op,feature/dirauth,format_networkstatus_vote,dirvote.h,core/src/main/kotlin/org/kotlintor/dir/DirVote.kt,D3,DirAuthElevationTest + DirVote.formatNetworkstatusVote,format ns vote thinner,
L3:feature/dirauth/format_recommended_version_list,3_op,feature/dirauth,format_recommended_version_list,dirvote.h,core/src/main/kotlin/org/kotlintor/dir/DirVote.kt,D3,DirAuthElevationTest + DirVote.formatRecommendedVersionList,format recommended versions thinner,
L3:feature/dirauth/get_all_possible_sybil,3_op,feature/dirauth,get_all_possible_sybil,dirvote.h,core/src/main/kotlin/org/kotlintor/dir/DirVote.kt,D3,DirAuthElevationTest + DirVote.getAllPossibleSybil,get all sybil thinner,
L3:feature/dirauth/get_sybil_list_by_ip_version,3_op,feature/dirauth,get_sybil_list_by_ip_version,dirvote.h,core/src/main/kotlin/org/kotlintor/dir/DirVote.kt,D3,DirAuthElevationTest + DirVote.getSybilListByIpVersion,sybil by ip thinner,
L3:feature/dirauth/make_consensus_method_list,3_op,feature/dirauth,make_consensus_method_list,dirvote.h,core/src/main/kotlin/org/kotlintor/dir/DirVote.kt,D3,DirAuthElevationTest + DirVote.makeConsensusMethodList,consensus method list thinner,
L3:feature/dirauth/networkstatus_add_detached_signatures,3_op,feature/dirauth,networkstatus_add_detached_signatures,dirvote.h,core/src/main/kotlin/org/kotlintor/dir/DirVote.kt,D3,DirAuthElevationTest + DirVote.networkstatusAddDetachedSignatures,ns add detached thinner,
L3:feature/dirauth/networkstatus_compute_bw_weights_v10,3_op,feature/dirauth,networkstatus_compute_bw_weights_v10,dirvote.h,core/src/main/kotlin/org/kotlintor/dir/DirVote.kt,D3,DirAuthElevationTest + DirVote.networkstatusComputeBwWeightsV10,bw weights v10 thinner,
L3:feature/dirauth/networkstatus_parse_detached_signatures,3_op,feature/dirauth,networkstatus_parse_detached_signatures,dsigs_parse.h,core/src/main/kotlin/org/kotlintor/dir/DsigsParse.kt,D3,DirAuthElevationTest + DsigsParse.networkstatusParseDetachedSignatures,parse detached thinner,
L3:feature/dirauth/ns_detached_signatures_free_,3_op,feature/dirauth,ns_detached_signatures_free_,dsigs_parse.h,core/src/main/kotlin/org/kotlintor/dir/DsigsParse.kt,D3,DirAuthElevationTest + DsigsParse.nsDetachedSignaturesFree_,ns detached free thinner,
L3:feature/dirauth/dirserv_read_guardfraction_file,3_op,feature/dirauth,dirserv_read_guardfraction_file,guardfraction.h,core/src/main/kotlin/org/kotlintor/dir/GuardFraction.kt;core/src/main/kotlin/org/kotlintor/dir/GuardFractionAndReachability.kt,D3,DirAuthElevationTest + GuardFraction.dirservReadGuardfractionFile,read guardfraction thinner,
L3:feature/dirauth/dirserv_read_guardfraction_file_from_str,3_op,feature/dirauth,dirserv_read_guardfraction_file_from_str,guardfraction.h,core/src/main/kotlin/org/kotlintor/dir/GuardFraction.kt;core/src/main/kotlin/org/kotlintor/dir/GuardFractionAndReachability.kt,D3,DirAuthElevationTest + GuardFraction.dirservReadGuardfractionFileFromStr,read guardfraction str thinner,
L3:feature/dirauth/keypin_check,3_op,feature/dirauth,keypin_check,keypin.h,core/src/main/kotlin/org/kotlintor/dir/Keypin.kt;core/src/main/kotlin/org/kotlintor/dir/KeypinAndConsDiff.kt,D3,DirAuthElevationTest + Keypin.keypinCheck,keypin check thinner,
L3:feature/dirauth/keypin_check_and_add,3_op,feature/dirauth,keypin_check_and_add,keypin.h,core/src/main/kotlin/org/kotlintor/dir/Keypin.kt;core/src/main/kotlin/org/kotlintor/dir/KeypinAndConsDiff.kt,D3,DirAuthElevationTest + Keypin.keypinCheckAndAdd,keypin check and add thinner,
L3:feature/dirauth/keypin_check_lone_rsa,3_op,feature/dirauth,keypin_check_lone_rsa,keypin.h,core/src/main/kotlin/org/kotlintor/dir/Keypin.kt;core/src/main/kotlin/org/kotlintor/dir/KeypinAndConsDiff.kt,D3,DirAuthElevationTest + Keypin.keypinCheckLoneRsa,keypin lone rsa thinner,
L3:feature/dirauth/keypin_clear,3_op,feature/dirauth,keypin_clear,keypin.h,core/src/main/kotlin/org/kotlintor/dir/Keypin.kt;core/src/main/kotlin/org/kotlintor/dir/KeypinAndConsDiff.kt,D3,DirAuthElevationTest + Keypin.keypinClear,keypin clear thinner,
L3:feature/dirauth/keypin_close_journal,3_op,feature/dirauth,keypin_close_journal,keypin.h,core/src/main/kotlin/org/kotlintor/dir/Keypin.kt;core/src/main/kotlin/org/kotlintor/dir/KeypinAndConsDiff.kt,D3,DirAuthElevationTest + Keypin.keypinCloseJournal,keypin close thinner,
L3:feature/dirauth/keypin_load_journal,3_op,feature/dirauth,keypin_load_journal,keypin.h,core/src/main/kotlin/org/kotlintor/dir/Keypin.kt;core/src/main/kotlin/org/kotlintor/dir/KeypinAndConsDiff.kt,D3,DirAuthElevationTest + Keypin.keypinLoadJournal,keypin load journal thinner,
L3:feature/dirauth/keypin_load_journal_impl,3_op,feature/dirauth,keypin_load_journal_impl,keypin.h,core/src/main/kotlin/org/kotlintor/dir/Keypin.kt;core/src/main/kotlin/org/kotlintor/dir/KeypinAndConsDiff.kt,D3,DirAuthElevationTest + Keypin.keypinLoadJournalImpl,keypin load journal impl thinner,
L3:feature/dirauth/keypin_open_journal,3_op,feature/dirauth,keypin_open_journal,keypin.h,core/src/main/kotlin/org/kotlintor/dir/Keypin.kt;core/src/main/kotlin/org/kotlintor/dir/KeypinAndConsDiff.kt,D3,DirAuthElevationTest + Keypin.keypinOpenJournal,keypin open journal thinner,
L3:feature/dirauth/keypin_parse_journal_line,3_op,feature/dirauth,keypin_parse_journal_line,keypin.h,core/src/main/kotlin/org/kotlintor/dir/Keypin.kt;core/src/main/kotlin/org/kotlintor/dir/KeypinAndConsDiff.kt,D3,DirAuthElevationTest + Keypin.keypinParseJournalLine,keypin parse line thinner,
L3:feature/dirauth/add_ed25519_to_dir,3_op,feature/dirauth,add_ed25519_to_dir,process_descs.h,core/src/main/kotlin/org/kotlintor/dir/ProcessDescs.kt;core/src/main/kotlin/org/kotlintor/dir/ProcessDescsAndAuthMode.kt,D3,DirAuthElevationTest + ProcessDescs.addEd25519ToDir,add ed25519 dir thinner,
L3:feature/dirauth/add_rsa_fingerprint_to_dir,3_op,feature/dirauth,add_rsa_fingerprint_to_dir,process_descs.h,core/src/main/kotlin/org/kotlintor/dir/ProcessDescs.kt;core/src/main/kotlin/org/kotlintor/dir/ProcessDescsAndAuthMode.kt,D3,DirAuthElevationTest + ProcessDescs.addRsaFingerprintToDir,add rsa fp dir thinner,
L3:feature/dirauth/authdir_init_fingerprint_list,3_op,feature/dirauth,authdir_init_fingerprint_list,process_descs.h,core/src/main/kotlin/org/kotlintor/dir/ProcessDescs.kt;core/src/main/kotlin/org/kotlintor/dir/ProcessDescsAndAuthMode.kt,D3,DirAuthElevationTest + ProcessDescs.authdirInitFingerprintList,authdir init fp thinner,
L3:feature/dirauth/authdir_return_fingerprint_list,3_op,feature/dirauth,authdir_return_fingerprint_list,process_descs.h,core/src/main/kotlin/org/kotlintor/dir/ProcessDescs.kt;core/src/main/kotlin/org/kotlintor/dir/ProcessDescsAndAuthMode.kt,D3,DirAuthElevationTest + ProcessDescs.authdirReturnFingerprintList,authdir return fp thinner,
L3:feature/dirauth/authdir_wants_to_reject_router,3_op,feature/dirauth,authdir_wants_to_reject_router,process_descs.h,core/src/main/kotlin/org/kotlintor/dir/ProcessDescs.kt;core/src/main/kotlin/org/kotlintor/dir/ProcessDescsAndAuthMode.kt,D3,DirAuthElevationTest + ProcessDescs.authdirWantsToRejectRouter,authdir reject router thinner,
L3:feature/dirauth/dirserv_add_descriptor,3_op,feature/dirauth,dirserv_add_descriptor,process_descs.h,core/src/main/kotlin/org/kotlintor/dir/ProcessDescs.kt;core/src/main/kotlin/org/kotlintor/dir/ProcessDescsAndAuthMode.kt,D3,DirAuthElevationTest + ProcessDescs.dirservAddDescriptor,dirserv add desc thinner,
L3:feature/dirauth/dirserv_add_multiple_descriptors,3_op,feature/dirauth,dirserv_add_multiple_descriptors,process_descs.h,core/src/main/kotlin/org/kotlintor/dir/ProcessDescs.kt;core/src/main/kotlin/org/kotlintor/dir/ProcessDescsAndAuthMode.kt,D3,DirAuthElevationTest + ProcessDescs.dirservAddMultipleDescriptors,dirserv add multiple thinner,
L3:feature/dirauth/dirserv_add_own_fingerprint,3_op,feature/dirauth,dirserv_add_own_fingerprint,process_descs.h,core/src/main/kotlin/org/kotlintor/dir/ProcessDescs.kt;core/src/main/kotlin/org/kotlintor/dir/ProcessDescsAndAuthMode.kt,D3,DirAuthElevationTest + ProcessDescs.dirservAddOwnFingerprint,dirserv add own fp thinner,
L3:feature/dirauth/dirserv_free_fingerprint_list,3_op,feature/dirauth,dirserv_free_fingerprint_list,process_descs.h,core/src/main/kotlin/org/kotlintor/dir/ProcessDescs.kt;core/src/main/kotlin/org/kotlintor/dir/ProcessDescsAndAuthMode.kt,D3,DirAuthElevationTest + ProcessDescs.dirservFreeFingerprintList,free fp list thinner,
L3:feature/dirauth/dirserv_load_fingerprint_file,3_op,feature/dirauth,dirserv_load_fingerprint_file,process_descs.h,core/src/main/kotlin/org/kotlintor/dir/ProcessDescs.kt;core/src/main/kotlin/org/kotlintor/dir/ProcessDescsAndAuthMode.kt,D3,DirAuthElevationTest + ProcessDescs.dirservLoadFingerprintFile,load fp file thinner,
L3:feature/dirauth/dirserv_rejects_tor_version,3_op,feature/dirauth,dirserv_rejects_tor_version,process_descs.h,core/src/main/kotlin/org/kotlintor/dir/ProcessDescs.kt;core/src/main/kotlin/org/kotlintor/dir/ProcessDescsAndAuthMode.kt,D3,DirAuthElevationTest + ProcessDescs.dirservRejectsTorVersion,rejects tor version thinner,
L3:feature/dirauth/dirserv_router_get_status,3_op,feature/dirauth,dirserv_router_get_status,process_descs.h,core/src/main/kotlin/org/kotlintor/dir/ProcessDescs.kt;core/src/main/kotlin/org/kotlintor/dir/ProcessDescsAndAuthMode.kt,D3,DirAuthElevationTest + ProcessDescs.dirservRouterGetStatus,router get status thinner,
L3:feature/dirauth/dirserv_router_has_valid_address,3_op,feature/dirauth,dirserv_router_has_valid_address,process_descs.h,core/src/main/kotlin/org/kotlintor/dir/ProcessDescs.kt;core/src/main/kotlin/org/kotlintor/dir/ProcessDescsAndAuthMode.kt,D3,DirAuthElevationTest + ProcessDescs.dirservRouterHasValidAddress,router valid addr thinner,
L3:feature/dirauth/dirserv_set_node_flags_from_authoritative_status,3_op,feature/dirauth,dirserv_set_node_flags_from_authoritative_status,process_descs.h,core/src/main/kotlin/org/kotlintor/dir/ProcessDescs.kt;core/src/main/kotlin/org/kotlintor/dir/ProcessDescsAndAuthMode.kt,D3,DirAuthElevationTest + ProcessDescs.dirservSetNodeFlagsFromAuthoritativeStatus,set node flags thinner,
L3:feature/dirauth/dirserv_would_reject_router,3_op,feature/dirauth,dirserv_would_reject_router,process_descs.h,core/src/main/kotlin/org/kotlintor/dir/ProcessDescs.kt;core/src/main/kotlin/org/kotlintor/dir/ProcessDescsAndAuthMode.kt,D3,DirAuthElevationTest + ProcessDescs.dirservWouldRejectRouter,would reject router thinner,
L3:feature/dirauth/dirserv_orconn_tls_done,3_op,feature/dirauth,dirserv_orconn_tls_done,reachability.h,core/src/main/kotlin/org/kotlintor/dir/Reachability.kt;core/src/main/kotlin/org/kotlintor/dir/GuardFractionAndReachability.kt,D3,DirAuthElevationTest + Reachability.dirservOrconnTlsDone,orconn tls done thinner,
L3:feature/dirauth/dirserv_should_launch_reachability_test,3_op,feature/dirauth,dirserv_should_launch_reachability_test,reachability.h,core/src/main/kotlin/org/kotlintor/dir/Reachability.kt;core/src/main/kotlin/org/kotlintor/dir/GuardFractionAndReachability.kt,D3,DirAuthElevationTest + Reachability.dirservShouldLaunchReachabilityTest,should launch reach thinner,
L3:feature/dirauth/dirserv_single_reachability_test,3_op,feature/dirauth,dirserv_single_reachability_test,reachability.h,core/src/main/kotlin/org/kotlintor/dir/Reachability.kt;core/src/main/kotlin/org/kotlintor/dir/GuardFractionAndReachability.kt,D3,DirAuthElevationTest + Reachability.dirservSingleReachabilityTest,single reach test thinner,
L3:feature/dirauth/dirserv_test_reachability,3_op,feature/dirauth,dirserv_test_reachability,reachability.h,core/src/main/kotlin/org/kotlintor/dir/Reachability.kt;core/src/main/kotlin/org/kotlintor/dir/GuardFractionAndReachability.kt,D3,DirAuthElevationTest + Reachability.dirservTestReachability,test reachability thinner,
L3:feature/dirauth/validate_recommended_package_line,3_op,feature/dirauth,validate_recommended_package_line,recommend_pkg.h,core/src/main/kotlin/org/kotlintor/dir/RecommendPkg.kt,D3,DirAuthElevationTest + RecommendPkg.validateRecommendedPackageLine,validate package line thinner,
L3:feature/dirauth/commit_decode,3_op,feature/dirauth,commit_decode,shared_random.h,core/src/main/kotlin/org/kotlintor/dir/SharedRandom.kt;core/src/main/kotlin/org/kotlintor/dir/SharedRandomState.kt;core/src/main/kotlin/org/kotlintor/dir/SharedRandomClient.kt,D3,DirAuthElevationTest + SharedRandom.commitDecode,commit decode thinner,
L3:feature/dirauth/commit_encode,3_op,feature/dirauth,commit_encode,shared_random.h,core/src/main/kotlin/org/kotlintor/dir/SharedRandom.kt;core/src/main/kotlin/org/kotlintor/dir/SharedRandomState.kt;core/src/main/kotlin/org/kotlintor/dir/SharedRandomClient.kt,D3,DirAuthElevationTest + SharedRandom.commitEncode,commit encode thinner,
L3:feature/dirauth/commit_has_reveal_value,3_op,feature/dirauth,commit_has_reveal_value,shared_random.h,core/src/main/kotlin/org/kotlintor/dir/SharedRandom.kt;core/src/main/kotlin/org/kotlintor/dir/SharedRandomState.kt;core/src/main/kotlin/org/kotlintor/dir/SharedRandomClient.kt,D3,DirAuthElevationTest + SharedRandom.commitHasRevealValue,commit has reveal thinner,
L3:feature/dirauth/commit_is_authoritative,3_op,feature/dirauth,commit_is_authoritative,shared_random.h,core/src/main/kotlin/org/kotlintor/dir/SharedRandom.kt;core/src/main/kotlin/org/kotlintor/dir/SharedRandomState.kt;core/src/main/kotlin/org/kotlintor/dir/SharedRandomClient.kt,D3,DirAuthElevationTest + SharedRandom.commitIsAuthoritative,commit authoritative thinner,
L3:feature/dirauth/commitments_are_the_same,3_op,feature/dirauth,commitments_are_the_same,shared_random.h,core/src/main/kotlin/org/kotlintor/dir/SharedRandom.kt;core/src/main/kotlin/org/kotlintor/dir/SharedRandomState.kt;core/src/main/kotlin/org/kotlintor/dir/SharedRandomClient.kt,D3,DirAuthElevationTest + SharedRandom.commitmentsAreTheSame,commitments same thinner,
L3:feature/dirauth/get_majority_srv_from_votes,3_op,feature/dirauth,get_majority_srv_from_votes,shared_random.h,core/src/main/kotlin/org/kotlintor/dir/SharedRandom.kt;core/src/main/kotlin/org/kotlintor/dir/SharedRandomState.kt;core/src/main/kotlin/org/kotlintor/dir/SharedRandomClient.kt,D3,DirAuthElevationTest + SharedRandom.getMajoritySrvFromVotes,majority srv thinner,
L3:feature/dirauth/reveal_decode,3_op,feature/dirauth,reveal_decode,shared_random.h,core/src/main/kotlin/org/kotlintor/dir/SharedRandom.kt;core/src/main/kotlin/org/kotlintor/dir/SharedRandomState.kt;core/src/main/kotlin/org/kotlintor/dir/SharedRandomClient.kt,D3,DirAuthElevationTest + SharedRandom.revealDecode,reveal decode thinner,
L3:feature/dirauth/reveal_encode,3_op,feature/dirauth,reveal_encode,shared_random.h,core/src/main/kotlin/org/kotlintor/dir/SharedRandom.kt;core/src/main/kotlin/org/kotlintor/dir/SharedRandomState.kt;core/src/main/kotlin/org/kotlintor/dir/SharedRandomClient.kt,D3,DirAuthElevationTest + SharedRandom.revealEncode,reveal encode thinner,
L3:feature/dirauth/save_commit_during_reveal_phase,3_op,feature/dirauth,save_commit_during_reveal_phase,shared_random.h,core/src/main/kotlin/org/kotlintor/dir/SharedRandom.kt;core/src/main/kotlin/org/kotlintor/dir/SharedRandomState.kt;core/src/main/kotlin/org/kotlintor/dir/SharedRandomClient.kt,D3,DirAuthElevationTest + SharedRandom.saveCommitDuringRevealPhase,save commit reveal thinner,
L3:feature/dirauth/save_commit_to_state,3_op,feature/dirauth,save_commit_to_state,shared_random.h,core/src/main/kotlin/org/kotlintor/dir/SharedRandom.kt;core/src/main/kotlin/org/kotlintor/dir/SharedRandomState.kt;core/src/main/kotlin/org/kotlintor/dir/SharedRandomClient.kt,D3,DirAuthElevationTest + SharedRandom.saveCommitToState,save commit state thinner,
L3:feature/dirauth/set_num_srv_agreements,3_op,feature/dirauth,set_num_srv_agreements,shared_random.h,core/src/main/kotlin/org/kotlintor/dir/SharedRandom.kt;core/src/main/kotlin/org/kotlintor/dir/SharedRandomState.kt;core/src/main/kotlin/org/kotlintor/dir/SharedRandomClient.kt,D3,DirAuthElevationTest + SharedRandom.setNumSrvAgreements,set srv agreements thinner,
L3:feature/dirauth/should_keep_commit,3_op,feature/dirauth,should_keep_commit,shared_random.h,core/src/main/kotlin/org/kotlintor/dir/SharedRandom.kt;core/src/main/kotlin/org/kotlintor/dir/SharedRandomState.kt;core/src/main/kotlin/org/kotlintor/dir/SharedRandomClient.kt,D3,DirAuthElevationTest + SharedRandom.shouldKeepCommit,should keep commit thinner,
L3:feature/dirauth/sr_act_post_consensus,3_op,feature/dirauth,sr_act_post_consensus,shared_random.h,core/src/main/kotlin/org/kotlintor/dir/SharedRandom.kt;core/src/main/kotlin/org/kotlintor/dir/SharedRandomState.kt;core/src/main/kotlin/org/kotlintor/dir/SharedRandomClient.kt,D3,DirAuthElevationTest + SharedRandom.srActPostConsensus,sr act post consensus thinner,
L3:feature/dirauth/sr_commit_free_,3_op,feature/dirauth,sr_commit_free_,shared_random.h,core/src/main/kotlin/org/kotlintor/dir/SharedRandom.kt;core/src/main/kotlin/org/kotlintor/dir/SharedRandomState.kt;core/src/main/kotlin/org/kotlintor/dir/SharedRandomClient.kt,D3,DirAuthElevationTest + SharedRandom.srCommitFree_,sr commit free thinner,
L3:feature/dirauth/sr_compute_srv,3_op,feature/dirauth,sr_compute_srv,shared_random.h,core/src/main/kotlin/org/kotlintor/dir/SharedRandom.kt;core/src/main/kotlin/org/kotlintor/dir/SharedRandomState.kt;core/src/main/kotlin/org/kotlintor/dir/SharedRandomClient.kt,D3,DirAuthElevationTest + SharedRandom.srComputeSrv,sr compute srv thinner,
L3:feature/dirauth/sr_generate_our_commit,3_op,feature/dirauth,sr_generate_our_commit,shared_random.h,core/src/main/kotlin/org/kotlintor/dir/SharedRandom.kt;core/src/main/kotlin/org/kotlintor/dir/SharedRandomState.kt;core/src/main/kotlin/org/kotlintor/dir/SharedRandomClient.kt,D3,DirAuthElevationTest + SharedRandom.srGenerateOurCommit,sr generate commit thinner,
L3:feature/dirauth/sr_get_string_for_consensus,3_op,feature/dirauth,sr_get_string_for_consensus,shared_random.h,core/src/main/kotlin/org/kotlintor/dir/SharedRandom.kt;core/src/main/kotlin/org/kotlintor/dir/SharedRandomState.kt;core/src/main/kotlin/org/kotlintor/dir/SharedRandomClient.kt,D3,DirAuthElevationTest + SharedRandom.srGetStringForConsensus,sr string consensus thinner,
L3:feature/dirauth/sr_get_string_for_vote,3_op,feature/dirauth,sr_get_string_for_vote,shared_random.h,core/src/main/kotlin/org/kotlintor/dir/SharedRandom.kt;core/src/main/kotlin/org/kotlintor/dir/SharedRandomState.kt;core/src/main/kotlin/org/kotlintor/dir/SharedRandomClient.kt,D3,DirAuthElevationTest + SharedRandom.srGetStringForVote,sr string vote thinner,
L3:feature/dirauth/sr_handle_received_commits,3_op,feature/dirauth,sr_handle_received_commits,shared_random.h,core/src/main/kotlin/org/kotlintor/dir/SharedRandom.kt;core/src/main/kotlin/org/kotlintor/dir/SharedRandomState.kt;core/src/main/kotlin/org/kotlintor/dir/SharedRandomClient.kt,D3,DirAuthElevationTest + SharedRandom.srHandleReceivedCommits,sr handle commits thinner,
L3:feature/dirauth/sr_init,3_op,feature/dirauth,sr_init,shared_random.h,core/src/main/kotlin/org/kotlintor/dir/SharedRandom.kt;core/src/main/kotlin/org/kotlintor/dir/SharedRandomState.kt;core/src/main/kotlin/org/kotlintor/dir/SharedRandomClient.kt,D3,DirAuthElevationTest + SharedRandom.srInit,sr init thinner,
L3:feature/dirauth/sr_parse_commit,3_op,feature/dirauth,sr_parse_commit,shared_random.h,core/src/main/kotlin/org/kotlintor/dir/SharedRandom.kt;core/src/main/kotlin/org/kotlintor/dir/SharedRandomState.kt;core/src/main/kotlin/org/kotlintor/dir/SharedRandomClient.kt,D3,DirAuthElevationTest + SharedRandom.srParseCommit,sr parse commit thinner,
L3:feature/dirauth/sr_save_and_cleanup,3_op,feature/dirauth,sr_save_and_cleanup,shared_random.h,core/src/main/kotlin/org/kotlintor/dir/SharedRandom.kt;core/src/main/kotlin/org/kotlintor/dir/SharedRandomState.kt;core/src/main/kotlin/org/kotlintor/dir/SharedRandomClient.kt,D3,DirAuthElevationTest + SharedRandom.srSaveAndCleanup,sr save cleanup thinner,
L3:feature/dirauth/sr_srv_dup,3_op,feature/dirauth,sr_srv_dup,shared_random.h,core/src/main/kotlin/org/kotlintor/dir/SharedRandom.kt;core/src/main/kotlin/org/kotlintor/dir/SharedRandomState.kt;core/src/main/kotlin/org/kotlintor/dir/SharedRandomClient.kt,D3,DirAuthElevationTest + SharedRandom.srSrvDup,sr srv dup thinner,
L3:feature/dirauth/verify_commit_and_reveal,3_op,feature/dirauth,verify_commit_and_reveal,shared_random.h,core/src/main/kotlin/org/kotlintor/dir/SharedRandom.kt;core/src/main/kotlin/org/kotlintor/dir/SharedRandomState.kt;core/src/main/kotlin/org/kotlintor/dir/SharedRandomClient.kt,D3,DirAuthElevationTest + SharedRandom.verifyCommitAndReveal,verify commit reveal thinner,
L3:feature/dirauth/disk_state_load_from_disk_impl,3_op,feature/dirauth,disk_state_load_from_disk_impl,shared_random_state.h,core/src/main/kotlin/org/kotlintor/dir/SharedRandomState.kt;core/src/main/kotlin/org/kotlintor/dir/SharedRandom.kt,D3,DirAuthElevationTest + SharedRandomState.diskStateLoadFromDiskImpl,disk state load thinner,
L3:feature/dirauth/get_phase_str,3_op,feature/dirauth,get_phase_str,shared_random_state.h,core/src/main/kotlin/org/kotlintor/dir/SharedRandomState.kt;core/src/main/kotlin/org/kotlintor/dir/SharedRandom.kt,D3,DirAuthElevationTest + SharedRandomState.getPhaseStr,get phase str thinner,
L3:feature/dirauth/get_sr_protocol_phase,3_op,feature/dirauth,get_sr_protocol_phase,shared_random_state.h,core/src/main/kotlin/org/kotlintor/dir/SharedRandomState.kt;core/src/main/kotlin/org/kotlintor/dir/SharedRandom.kt,D3,DirAuthElevationTest + SharedRandomState.getSrProtocolPhase,get sr phase thinner,
L3:feature/dirauth/get_sr_state,3_op,feature/dirauth,get_sr_state,shared_random_state.h,core/src/main/kotlin/org/kotlintor/dir/SharedRandomState.kt;core/src/main/kotlin/org/kotlintor/dir/SharedRandom.kt,D3,DirAuthElevationTest + SharedRandomState.getSrState,get sr state thinner,
L3:feature/dirauth/get_state_valid_until_time,3_op,feature/dirauth,get_state_valid_until_time,shared_random_state.h,core/src/main/kotlin/org/kotlintor/dir/SharedRandomState.kt;core/src/main/kotlin/org/kotlintor/dir/SharedRandom.kt,D3,DirAuthElevationTest + SharedRandomState.getStateValidUntilTime,get valid until thinner,
L3:feature/dirauth/is_phase_transition,3_op,feature/dirauth,is_phase_transition,shared_random_state.h,core/src/main/kotlin/org/kotlintor/dir/SharedRandomState.kt;core/src/main/kotlin/org/kotlintor/dir/SharedRandom.kt,D3,DirAuthElevationTest + SharedRandomState.isPhaseTransition,phase transition thinner,
L3:feature/dirauth/new_protocol_run,3_op,feature/dirauth,new_protocol_run,shared_random_state.h,core/src/main/kotlin/org/kotlintor/dir/SharedRandomState.kt;core/src/main/kotlin/org/kotlintor/dir/SharedRandom.kt,D3,DirAuthElevationTest + SharedRandomState.newProtocolRun,new protocol run thinner,
L3:feature/dirauth/reset_state_for_new_protocol_run,3_op,feature/dirauth,reset_state_for_new_protocol_run,shared_random_state.h,core/src/main/kotlin/org/kotlintor/dir/SharedRandomState.kt;core/src/main/kotlin/org/kotlintor/dir/SharedRandom.kt,D3,DirAuthElevationTest + SharedRandomState.resetStateForNewProtocolRun,reset protocol run thinner,
L3:feature/dirauth/set_sr_phase,3_op,feature/dirauth,set_sr_phase,shared_random_state.h,core/src/main/kotlin/org/kotlintor/dir/SharedRandomState.kt;core/src/main/kotlin/org/kotlintor/dir/SharedRandom.kt,D3,DirAuthElevationTest + SharedRandomState.setSrPhase,set sr phase thinner,
L3:feature/dirauth/sr_state_add_commit,3_op,feature/dirauth,sr_state_add_commit,shared_random_state.h,core/src/main/kotlin/org/kotlintor/dir/SharedRandomState.kt;core/src/main/kotlin/org/kotlintor/dir/SharedRandom.kt,D3,DirAuthElevationTest + SharedRandomState.srStateAddCommit,sr state add commit thinner,
L3:feature/dirauth/sr_state_clean_srvs,3_op,feature/dirauth,sr_state_clean_srvs,shared_random_state.h,core/src/main/kotlin/org/kotlintor/dir/SharedRandomState.kt;core/src/main/kotlin/org/kotlintor/dir/SharedRandom.kt,D3,DirAuthElevationTest + SharedRandomState.srStateCleanSrvs,sr state clean thinner,
L3:feature/dirauth/sr_state_copy_reveal_info,3_op,feature/dirauth,sr_state_copy_reveal_info,shared_random_state.h,core/src/main/kotlin/org/kotlintor/dir/SharedRandomState.kt;core/src/main/kotlin/org/kotlintor/dir/SharedRandom.kt,D3,DirAuthElevationTest + SharedRandomState.srStateCopyRevealInfo,sr state copy reveal thinner,
L3:feature/dirauth/sr_state_delete_commits,3_op,feature/dirauth,sr_state_delete_commits,shared_random_state.h,core/src/main/kotlin/org/kotlintor/dir/SharedRandomState.kt;core/src/main/kotlin/org/kotlintor/dir/SharedRandom.kt,D3,DirAuthElevationTest + SharedRandomState.srStateDeleteCommits,sr state delete thinner,
L3:feature/dirauth/sr_state_free_all,3_op,feature/dirauth,sr_state_free_all,shared_random_state.h,core/src/main/kotlin/org/kotlintor/dir/SharedRandomState.kt;core/src/main/kotlin/org/kotlintor/dir/SharedRandom.kt,D3,DirAuthElevationTest + SharedRandomState.srStateFreeAll,sr state free all thinner,
L3:feature/dirauth/sr_state_get_commit,3_op,feature/dirauth,sr_state_get_commit,shared_random_state.h,core/src/main/kotlin/org/kotlintor/dir/SharedRandomState.kt;core/src/main/kotlin/org/kotlintor/dir/SharedRandom.kt,D3,DirAuthElevationTest + SharedRandomState.srStateGetCommit,sr state get commit thinner,
L3:feature/dirauth/sr_state_get_commits,3_op,feature/dirauth,sr_state_get_commits,shared_random_state.h,core/src/main/kotlin/org/kotlintor/dir/SharedRandomState.kt;core/src/main/kotlin/org/kotlintor/dir/SharedRandom.kt,D3,DirAuthElevationTest + SharedRandomState.srStateGetCommits,sr state get commits thinner,
L3:feature/dirauth/sr_state_get_current_srv,3_op,feature/dirauth,sr_state_get_current_srv,shared_random_state.h,core/src/main/kotlin/org/kotlintor/dir/SharedRandomState.kt;core/src/main/kotlin/org/kotlintor/dir/SharedRandom.kt,D3,DirAuthElevationTest + SharedRandomState.srStateGetCurrentSrv,sr state get current thinner,
L3:feature/dirauth/sr_state_get_phase,3_op,feature/dirauth,sr_state_get_phase,shared_random_state.h,core/src/main/kotlin/org/kotlintor/dir/SharedRandomState.kt;core/src/main/kotlin/org/kotlintor/dir/SharedRandom.kt,D3,DirAuthElevationTest + SharedRandomState.srStateGetPhase,sr state get phase thinner,
L3:feature/dirauth/sr_state_get_previous_srv,3_op,feature/dirauth,sr_state_get_previous_srv,shared_random_state.h,core/src/main/kotlin/org/kotlintor/dir/SharedRandomState.kt;core/src/main/kotlin/org/kotlintor/dir/SharedRandom.kt,D3,DirAuthElevationTest + SharedRandomState.srStateGetPreviousSrv,sr state get previous thinner,
L3:feature/dirauth/sr_state_init,3_op,feature/dirauth,sr_state_init,shared_random_state.h,core/src/main/kotlin/org/kotlintor/dir/SharedRandomState.kt;core/src/main/kotlin/org/kotlintor/dir/SharedRandom.kt,D3,DirAuthElevationTest + SharedRandomState.srStateInit,sr state init thinner,
L3:feature/dirauth/sr_state_is_initialized,3_op,feature/dirauth,sr_state_is_initialized,shared_random_state.h,core/src/main/kotlin/org/kotlintor/dir/SharedRandomState.kt;core/src/main/kotlin/org/kotlintor/dir/SharedRandom.kt,D3,DirAuthElevationTest + SharedRandomState.srStateIsInitialized,sr state is init thinner,
L3:feature/dirauth/sr_state_save,3_op,feature/dirauth,sr_state_save,shared_random_state.h,core/src/main/kotlin/org/kotlintor/dir/SharedRandomState.kt;core/src/main/kotlin/org/kotlintor/dir/SharedRandom.kt,D3,DirAuthElevationTest + SharedRandomState.srStateSave,sr state save thinner,
L3:feature/dirauth/sr_state_set_current_srv,3_op,feature/dirauth,sr_state_set_current_srv,shared_random_state.h,core/src/main/kotlin/org/kotlintor/dir/SharedRandomState.kt;core/src/main/kotlin/org/kotlintor/dir/SharedRandom.kt,D3,DirAuthElevationTest + SharedRandomState.srStateSetCurrentSrv,sr state set current thinner,
L3:feature/dirauth/sr_state_set_fresh_srv,3_op,feature/dirauth,sr_state_set_fresh_srv,shared_random_state.h,core/src/main/kotlin/org/kotlintor/dir/SharedRandomState.kt;core/src/main/kotlin/org/kotlintor/dir/SharedRandom.kt,D3,DirAuthElevationTest + SharedRandomState.srStateSetFreshSrv,sr state set fresh thinner,
L3:feature/dirauth/sr_state_set_previous_srv,3_op,feature/dirauth,sr_state_set_previous_srv,shared_random_state.h,core/src/main/kotlin/org/kotlintor/dir/SharedRandomState.kt;core/src/main/kotlin/org/kotlintor/dir/SharedRandom.kt,D3,DirAuthElevationTest + SharedRandomState.srStateSetPreviousSrv,sr state set previous thinner,
L3:feature/dirauth/dirauth_set_routerstatus_from_routerinfo,3_op,feature/dirauth,dirauth_set_routerstatus_from_routerinfo,voteflags.h,core/src/main/kotlin/org/kotlintor/dir/VoteFlags.kt;core/src/main/kotlin/org/kotlintor/dir/ConsCacheAndVoteFlags.kt,D3,DirAuthElevationTest + VoteFlags.dirauthSetRouterstatusFromRouterinfo,set routerstatus thinner,
L3:feature/dirauth/dirserv_compute_bridge_flag_thresholds,3_op,feature/dirauth,dirserv_compute_bridge_flag_thresholds,voteflags.h,core/src/main/kotlin/org/kotlintor/dir/VoteFlags.kt;core/src/main/kotlin/org/kotlintor/dir/ConsCacheAndVoteFlags.kt,D3,DirAuthElevationTest + VoteFlags.dirservComputeBridgeFlagThresholds,bridge flag thresh thinner,
L3:feature/dirauth/dirserv_compute_performance_thresholds,3_op,feature/dirauth,dirserv_compute_performance_thresholds,voteflags.h,core/src/main/kotlin/org/kotlintor/dir/VoteFlags.kt;core/src/main/kotlin/org/kotlintor/dir/ConsCacheAndVoteFlags.kt,D3,DirAuthElevationTest + VoteFlags.dirservComputePerformanceThresholds,perf thresh thinner,
L3:feature/dirauth/dirserv_get_flag_thresholds_line,3_op,feature/dirauth,dirserv_get_flag_thresholds_line,voteflags.h,core/src/main/kotlin/org/kotlintor/dir/VoteFlags.kt;core/src/main/kotlin/org/kotlintor/dir/ConsCacheAndVoteFlags.kt,D3,DirAuthElevationTest + VoteFlags.dirservGetFlagThresholdsLine,flag thresh line thinner,
L3:feature/dirauth/dirserv_set_bridges_running,3_op,feature/dirauth,dirserv_set_bridges_running,voteflags.h,core/src/main/kotlin/org/kotlintor/dir/VoteFlags.kt;core/src/main/kotlin/org/kotlintor/dir/ConsCacheAndVoteFlags.kt,D3,DirAuthElevationTest + VoteFlags.dirservSetBridgesRunning,set bridges running thinner,
L3:feature/dirauth/dirserv_set_router_is_running,3_op,feature/dirauth,dirserv_set_router_is_running,voteflags.h,core/src/main/kotlin/org/kotlintor/dir/VoteFlags.kt;core/src/main/kotlin/org/kotlintor/dir/ConsCacheAndVoteFlags.kt,D3,DirAuthElevationTest + VoteFlags.dirservSetRouterIsRunning,set router running thinner,
L3:feature/dirauth/dirserv_set_routerstatus_testing,3_op,feature/dirauth,dirserv_set_routerstatus_testing,voteflags.h,core/src/main/kotlin/org/kotlintor/dir/VoteFlags.kt;core/src/main/kotlin/org/kotlintor/dir/ConsCacheAndVoteFlags.kt,D3,DirAuthElevationTest + VoteFlags.dirservSetRouterstatusTesting,set routerstatus testing thinner,
L3:feature/dirauth/running_long_enough_to_decide_unreachable,3_op,feature/dirauth,running_long_enough_to_decide_unreachable,voteflags.h,core/src/main/kotlin/org/kotlintor/dir/VoteFlags.kt;core/src/main/kotlin/org/kotlintor/dir/ConsCacheAndVoteFlags.kt,D3,DirAuthElevationTest + VoteFlags.runningLongEnoughToDecideUnreachable,running long enough thinner,
L3:feature/dirauth/dirauth_sched_get_configured_interval,3_op,feature/dirauth,dirauth_sched_get_configured_interval,voting_schedule.h,core/src/main/kotlin/org/kotlintor/dir/VotingSchedule.kt;core/src/main/kotlin/org/kotlintor/dir/DirVote.kt;core/src/main/kotlin/org/kotlintor/dir/VotingScheduleAndMultiAuth.kt,D3,DirAuthElevationTest + VotingSchedule.dirauthSchedGetConfiguredInterval,sched interval thinner,
L3:feature/dirauth/dirauth_sched_get_cur_valid_after_time,3_op,feature/dirauth,dirauth_sched_get_cur_valid_after_time,voting_schedule.h,core/src/main/kotlin/org/kotlintor/dir/VotingSchedule.kt;core/src/main/kotlin/org/kotlintor/dir/DirVote.kt;core/src/main/kotlin/org/kotlintor/dir/VotingScheduleAndMultiAuth.kt,D3,DirAuthElevationTest + VotingSchedule.dirauthSchedGetCurValidAfterTime,sched cur valid after thinner,
L3:feature/dirauth/dirauth_sched_get_next_valid_after_time,3_op,feature/dirauth,dirauth_sched_get_next_valid_after_time,voting_schedule.h,core/src/main/kotlin/org/kotlintor/dir/VotingSchedule.kt;core/src/main/kotlin/org/kotlintor/dir/DirVote.kt;core/src/main/kotlin/org/kotlintor/dir/VotingScheduleAndMultiAuth.kt,D3,DirAuthElevationTest + VotingSchedule.dirauthSchedGetNextValidAfterTime,sched next valid after thinner,
L3:feature/dirauth/dirauth_sched_recalculate_timing,3_op,feature/dirauth,dirauth_sched_recalculate_timing,voting_schedule.h,core/src/main/kotlin/org/kotlintor/dir/VotingSchedule.kt;core/src/main/kotlin/org/kotlintor/dir/DirVote.kt;core/src/main/kotlin/org/kotlintor/dir/VotingScheduleAndMultiAuth.kt,D3,DirAuthElevationTest + VotingSchedule.dirauthSchedRecalculateTiming,sched recalculate thinner,
L3:feature/hs/cache_clean_v3_as_dir,3_op,feature/hs,cache_clean_v3_as_dir,hs_cache.h,core/src/main/kotlin/org/kotlintor/hs/HsCache.kt,D3,HsParityElevationTest + HsCache.cacheCleanV3AsDir,cache clean v3 dir thinner,
L3:feature/hs/cache_clean_v3_by_downloaded_as_dir,3_op,feature/hs,cache_clean_v3_by_downloaded_as_dir,hs_cache.h,core/src/main/kotlin/org/kotlintor/hs/HsCache.kt,D3,HsParityElevationTest + HsCache.cacheCleanV3ByDownloadedAsDir,cache clean downloaded thinner,
L3:feature/hs/dir_set_downloaded,3_op,feature/hs,dir_set_downloaded,hs_cache.h,core/src/main/kotlin/org/kotlintor/hs/HsCache.kt,D3,HsParityElevationTest + HsCache.dirSetDownloaded,dir set downloaded thinner,
L3:feature/hs/hs_cache_clean_as_client,3_op,feature/hs,hs_cache_clean_as_client,hs_cache.h,core/src/main/kotlin/org/kotlintor/hs/HsCache.kt,D3,HsParityElevationTest + HsCache.hsCacheCleanAsClient,hs cache clean client thinner,
L3:feature/hs/hs_cache_clean_as_dir,3_op,feature/hs,hs_cache_clean_as_dir,hs_cache.h,core/src/main/kotlin/org/kotlintor/hs/HsCache.kt,D3,HsParityElevationTest + HsCache.hsCacheCleanAsDir,hs cache clean dir thinner,
L3:feature/hs/hs_cache_client_intro_state_clean,3_op,feature/hs,hs_cache_client_intro_state_clean,hs_cache.h,core/src/main/kotlin/org/kotlintor/hs/HsCache.kt,D3,HsParityElevationTest + HsCache.hsCacheClientIntroStateClean,intro state clean thinner,
L3:feature/hs/hs_cache_client_intro_state_find,3_op,feature/hs,hs_cache_client_intro_state_find,hs_cache.h,core/src/main/kotlin/org/kotlintor/hs/HsCache.kt,D3,HsParityElevationTest + HsCache.hsCacheClientIntroStateFind,intro state find thinner,
L3:feature/hs/hs_cache_client_intro_state_note,3_op,feature/hs,hs_cache_client_intro_state_note,hs_cache.h,core/src/main/kotlin/org/kotlintor/hs/HsCache.kt,D3,HsParityElevationTest + HsCache.hsCacheClientIntroStateNote,intro state note thinner,
L3:feature/hs/hs_cache_client_intro_state_purge,3_op,feature/hs,hs_cache_client_intro_state_purge,hs_cache.h,core/src/main/kotlin/org/kotlintor/hs/HsCache.kt,D3,HsParityElevationTest + HsCache.hsCacheClientIntroStatePurge,intro state purge thinner,
L3:feature/hs/hs_cache_client_new_auth_parse,3_op,feature/hs,hs_cache_client_new_auth_parse,hs_cache.h,core/src/main/kotlin/org/kotlintor/hs/HsCache.kt,D3,HsParityElevationTest + HsCache.hsCacheClientNewAuthParse,new auth parse thinner,
L3:feature/hs/hs_cache_decrement_allocation,3_op,feature/hs,hs_cache_decrement_allocation,hs_cache.h,core/src/main/kotlin/org/kotlintor/hs/HsCache.kt,D3,HsParityElevationTest + HsCache.hsCacheDecrementAllocation,cache decrement thinner,
L3:feature/hs/hs_cache_free_all,3_op,feature/hs,hs_cache_free_all,hs_cache.h,core/src/main/kotlin/org/kotlintor/hs/HsCache.kt,D3,HsParityElevationTest + HsCache.hsCacheFreeAll,cache free all thinner,
L3:feature/hs/hs_cache_get_max_bytes,3_op,feature/hs,hs_cache_get_max_bytes,hs_cache.h,core/src/main/kotlin/org/kotlintor/hs/HsCache.kt,D3,HsParityElevationTest + HsCache.hsCacheGetMaxBytes,cache max bytes thinner,
L3:feature/hs/hs_cache_get_max_descriptor_size,3_op,feature/hs,hs_cache_get_max_descriptor_size,hs_cache.h,core/src/main/kotlin/org/kotlintor/hs/HsCache.kt,D3,HsParityElevationTest + HsCache.hsCacheGetMaxDescriptorSize,cache max desc size thinner,
L3:feature/hs/hs_cache_get_total_allocation,3_op,feature/hs,hs_cache_get_total_allocation,hs_cache.h,core/src/main/kotlin/org/kotlintor/hs/HsCache.kt,D3,HsParityElevationTest + HsCache.hsCacheGetTotalAllocation,cache total alloc thinner,
L3:feature/hs/hs_cache_handle_oom,3_op,feature/hs,hs_cache_handle_oom,hs_cache.h,core/src/main/kotlin/org/kotlintor/hs/HsCache.kt,D3,HsParityElevationTest + HsCache.hsCacheHandleOom,cache handle oom thinner,
L3:feature/hs/hs_cache_increment_allocation,3_op,feature/hs,hs_cache_increment_allocation,hs_cache.h,core/src/main/kotlin/org/kotlintor/hs/HsCache.kt,D3,HsParityElevationTest + HsCache.hsCacheIncrementAllocation,cache incr alloc thinner,
L3:feature/hs/hs_cache_init,3_op,feature/hs,hs_cache_init,hs_cache.h,core/src/main/kotlin/org/kotlintor/hs/HsCache.kt,D3,HsParityElevationTest + HsCache.hsCacheInit,cache init thinner,
L3:feature/hs/hs_cache_lookup_as_client,3_op,feature/hs,hs_cache_lookup_as_client,hs_cache.h,core/src/main/kotlin/org/kotlintor/hs/HsCache.kt,D3,HsParityElevationTest + HsCache.hsCacheLookupAsClient,cache lookup client thinner,
L3:feature/hs/hs_cache_lookup_as_dir,3_op,feature/hs,hs_cache_lookup_as_dir,hs_cache.h,core/src/main/kotlin/org/kotlintor/hs/HsCache.kt,D3,HsParityElevationTest + HsCache.hsCacheLookupAsDir,cache lookup dir thinner,
L3:feature/hs/hs_cache_lookup_encoded_as_client,3_op,feature/hs,hs_cache_lookup_encoded_as_client,hs_cache.h,core/src/main/kotlin/org/kotlintor/hs/HsCache.kt,D3,HsParityElevationTest + HsCache.hsCacheLookupEncodedAsClient,cache lookup encoded thinner,
L3:feature/hs/hs_cache_mark_dowloaded_as_dir,3_op,feature/hs,hs_cache_mark_dowloaded_as_dir,hs_cache.h,core/src/main/kotlin/org/kotlintor/hs/HsCache.kt,D3,HsParityElevationTest + HsCache.hsCacheMarkDowloadedAsDir,cache mark downloaded thinner,
L3:feature/hs/hs_cache_purge_as_client,3_op,feature/hs,hs_cache_purge_as_client,hs_cache.h,core/src/main/kotlin/org/kotlintor/hs/HsCache.kt,D3,HsParityElevationTest + HsCache.hsCachePurgeAsClient,cache purge client thinner,
L3:feature/hs/hs_cache_remove_as_client,3_op,feature/hs,hs_cache_remove_as_client,hs_cache.h,core/src/main/kotlin/org/kotlintor/hs/HsCache.kt,D3,HsParityElevationTest + HsCache.hsCacheRemoveAsClient,cache remove client thinner,
L3:feature/hs/hs_cache_store_as_client,3_op,feature/hs,hs_cache_store_as_client,hs_cache.h,core/src/main/kotlin/org/kotlintor/hs/HsCache.kt,D3,HsParityElevationTest + HsCache.hsCacheStoreAsClient,cache store client thinner,
L3:feature/hs/build_establish_intro_extensions,3_op,feature/hs,build_establish_intro_extensions,hs_cell.h,core/src/main/kotlin/org/kotlintor/hs/HsCell.kt;core/src/main/kotlin/org/kotlintor/cell/Cell.kt,D3,HsParityElevationTest + HsCell.buildEstablishIntroExtensions,establish intro ext thinner,
L3:feature/hs/hs_cell_build_establish_intro,3_op,feature/hs,hs_cell_build_establish_intro,hs_cell.h,core/src/main/kotlin/org/kotlintor/hs/HsCell.kt;core/src/main/kotlin/org/kotlintor/cell/Cell.kt,D3,HsParityElevationTest + HsCell.hsCellBuildEstablishIntro,cell build establish intro thinner,
L3:feature/hs/hs_cell_build_establish_rendezvous,3_op,feature/hs,hs_cell_build_establish_rendezvous,hs_cell.h,core/src/main/kotlin/org/kotlintor/hs/HsCell.kt;core/src/main/kotlin/org/kotlintor/cell/Cell.kt,D3,HsParityElevationTest + HsCell.hsCellBuildEstablishRendezvous,cell build establish rend thinner,
L3:feature/hs/hs_cell_build_introduce1,3_op,feature/hs,hs_cell_build_introduce1,hs_cell.h,core/src/main/kotlin/org/kotlintor/hs/HsCell.kt;core/src/main/kotlin/org/kotlintor/cell/Cell.kt,D3,HsParityElevationTest + HsCell.hsCellBuildIntroduce1,cell build introduce1 thinner,
L3:feature/hs/hs_cell_build_rendezvous1,3_op,feature/hs,hs_cell_build_rendezvous1,hs_cell.h,core/src/main/kotlin/org/kotlintor/hs/HsCell.kt;core/src/main/kotlin/org/kotlintor/cell/Cell.kt,D3,HsParityElevationTest + HsCell.hsCellBuildRendezvous1,cell build rendezvous1 thinner,
L3:feature/hs/hs_cell_introduce1_data_clear,3_op,feature/hs,hs_cell_introduce1_data_clear,hs_cell.h,core/src/main/kotlin/org/kotlintor/hs/HsCell.kt;core/src/main/kotlin/org/kotlintor/cell/Cell.kt,D3,HsParityElevationTest + HsCell.hsCellIntroduce1DataClear,cell intro1 clear thinner,
L3:feature/hs/hs_cell_parse_intro_established,3_op,feature/hs,hs_cell_parse_intro_established,hs_cell.h,core/src/main/kotlin/org/kotlintor/hs/HsCell.kt;core/src/main/kotlin/org/kotlintor/cell/Cell.kt,D3,HsParityElevationTest + HsCell.hsCellParseIntroEstablished,cell parse intro established thinner,
L3:feature/hs/hs_cell_parse_introduce2,3_op,feature/hs,hs_cell_parse_introduce2,hs_cell.h,core/src/main/kotlin/org/kotlintor/hs/HsCell.kt;core/src/main/kotlin/org/kotlintor/cell/Cell.kt,D3,HsParityElevationTest + HsCell.hsCellParseIntroduce2,cell parse introduce2 thinner,
L3:feature/hs/hs_cell_parse_introduce_ack,3_op,feature/hs,hs_cell_parse_introduce_ack,hs_cell.h,core/src/main/kotlin/org/kotlintor/hs/HsCell.kt;core/src/main/kotlin/org/kotlintor/cell/Cell.kt,D3,HsParityElevationTest + HsCell.hsCellParseIntroduceAck,cell parse introduce ack thinner,
L3:feature/hs/hs_cell_parse_rendezvous2,3_op,feature/hs,hs_cell_parse_rendezvous2,hs_cell.h,core/src/main/kotlin/org/kotlintor/hs/HsCell.kt;core/src/main/kotlin/org/kotlintor/cell/Cell.kt,D3,HsParityElevationTest + HsCell.hsCellParseRendezvous2,cell parse rendezvous2 thinner,
L3:feature/hs/create_rp_circuit_identifier,3_op,feature/hs,create_rp_circuit_identifier,hs_circuit.h,core/src/main/kotlin/org/kotlintor/hs/HsCircuit.kt;core/src/main/kotlin/org/kotlintor/circuit/Circuit.kt,D3,HsParityElevationTest + HsCircuit.createRpCircuitIdentifier,rp circuit id thinner,
L3:feature/hs/hs_circ_cleanup_on_close,3_op,feature/hs,hs_circ_cleanup_on_close,hs_circuit.h,core/src/main/kotlin/org/kotlintor/hs/HsCircuit.kt;core/src/main/kotlin/org/kotlintor/circuit/Circuit.kt,D3,HsParityElevationTest + HsCircuit.hsCircCleanupOnClose,circ cleanup close thinner,
L3:feature/hs/hs_circ_cleanup_on_free,3_op,feature/hs,hs_circ_cleanup_on_free,hs_circuit.h,core/src/main/kotlin/org/kotlintor/hs/HsCircuit.kt;core/src/main/kotlin/org/kotlintor/circuit/Circuit.kt,D3,HsParityElevationTest + HsCircuit.hsCircCleanupOnFree,circ cleanup free thinner,
L3:feature/hs/hs_circ_cleanup_on_repurpose,3_op,feature/hs,hs_circ_cleanup_on_repurpose,hs_circuit.h,core/src/main/kotlin/org/kotlintor/hs/HsCircuit.kt;core/src/main/kotlin/org/kotlintor/circuit/Circuit.kt,D3,HsParityElevationTest + HsCircuit.hsCircCleanupOnRepurpose,circ cleanup repurpose thinner,
L3:feature/hs/hs_circ_handle_intro_established,3_op,feature/hs,hs_circ_handle_intro_established,hs_circuit.h,core/src/main/kotlin/org/kotlintor/hs/HsCircuit.kt;core/src/main/kotlin/org/kotlintor/circuit/Circuit.kt,D3,HsParityElevationTest + HsCircuit.hsCircHandleIntroEstablished,circ handle intro established thinner,
L3:feature/hs/hs_circ_handle_introduce2,3_op,feature/hs,hs_circ_handle_introduce2,hs_circuit.h,core/src/main/kotlin/org/kotlintor/hs/HsCircuit.kt;core/src/main/kotlin/org/kotlintor/circuit/Circuit.kt,D3,HsParityElevationTest + HsCircuit.hsCircHandleIntroduce2,circ handle introduce2 thinner,
L3:feature/hs/hs_circ_is_rend_sent_in_intro1,3_op,feature/hs,hs_circ_is_rend_sent_in_intro1,hs_circuit.h,core/src/main/kotlin/org/kotlintor/hs/HsCircuit.kt;core/src/main/kotlin/org/kotlintor/circuit/Circuit.kt,D3,HsParityElevationTest + HsCircuit.hsCircIsRendSentInIntro1,circ rend sent intro1 thinner,
L3:feature/hs/hs_circ_launch_intro_point,3_op,feature/hs,hs_circ_launch_intro_point,hs_circuit.h,core/src/main/kotlin/org/kotlintor/hs/HsCircuit.kt;core/src/main/kotlin/org/kotlintor/circuit/Circuit.kt,D3,HsParityElevationTest + HsCircuit.hsCircLaunchIntroPoint,circ launch intro thinner,
L3:feature/hs/hs_circ_launch_rendezvous_point,3_op,feature/hs,hs_circ_launch_rendezvous_point,hs_circuit.h,core/src/main/kotlin/org/kotlintor/hs/HsCircuit.kt;core/src/main/kotlin/org/kotlintor/circuit/Circuit.kt,D3,HsParityElevationTest + HsCircuit.hsCircLaunchRendezvousPoint,circ launch rend thinner,
L3:feature/hs/hs_circ_retry_service_rendezvous_point,3_op,feature/hs,hs_circ_retry_service_rendezvous_point,hs_circuit.h,core/src/main/kotlin/org/kotlintor/hs/HsCircuit.kt;core/src/main/kotlin/org/kotlintor/circuit/Circuit.kt,D3,HsParityElevationTest + HsCircuit.hsCircRetryServiceRendezvousPoint,circ retry rend thinner,
L3:feature/hs/hs_circ_send_establish_rendezvous,3_op,feature/hs,hs_circ_send_establish_rendezvous,hs_circuit.h,core/src/main/kotlin/org/kotlintor/hs/HsCircuit.kt;core/src/main/kotlin/org/kotlintor/circuit/Circuit.kt,D3,HsParityElevationTest + HsCircuit.hsCircSendEstablishRendezvous,circ send establish rend thinner,
L3:feature/hs/hs_circ_send_introduce1,3_op,feature/hs,hs_circ_send_introduce1,hs_circuit.h,core/src/main/kotlin/org/kotlintor/hs/HsCircuit.kt;core/src/main/kotlin/org/kotlintor/circuit/Circuit.kt,D3,HsParityElevationTest + HsCircuit.hsCircSendIntroduce1,circ send introduce1 thinner,
L3:feature/hs/hs_circ_service_get_established_intro_circ,3_op,feature/hs,hs_circ_service_get_established_intro_circ,hs_circuit.h,core/src/main/kotlin/org/kotlintor/hs/HsCircuit.kt;core/src/main/kotlin/org/kotlintor/circuit/Circuit.kt,D3,HsParityElevationTest + HsCircuit.hsCircServiceGetEstablishedIntroCirc,circ get established intro thinner,
L3:feature/hs/hs_circ_service_get_intro_circ,3_op,feature/hs,hs_circ_service_get_intro_circ,hs_circuit.h,core/src/main/kotlin/org/kotlintor/hs/HsCircuit.kt;core/src/main/kotlin/org/kotlintor/circuit/Circuit.kt,D3,HsParityElevationTest + HsCircuit.hsCircServiceGetIntroCirc,circ get intro thinner,
L3:feature/hs/hs_circ_service_intro_has_opened,3_op,feature/hs,hs_circ_service_intro_has_opened,hs_circuit.h,core/src/main/kotlin/org/kotlintor/hs/HsCircuit.kt;core/src/main/kotlin/org/kotlintor/circuit/Circuit.kt,D3,HsParityElevationTest + HsCircuit.hsCircServiceIntroHasOpened,circ intro opened thinner,
L3:feature/hs/hs_circ_service_rp_has_opened,3_op,feature/hs,hs_circ_service_rp_has_opened,hs_circuit.h,core/src/main/kotlin/org/kotlintor/hs/HsCircuit.kt;core/src/main/kotlin/org/kotlintor/circuit/Circuit.kt,D3,HsParityElevationTest + HsCircuit.hsCircServiceRpHasOpened,circ rp opened thinner,
L3:feature/hs/hs_circ_setup_congestion_control,3_op,feature/hs,hs_circ_setup_congestion_control,hs_circuit.h,core/src/main/kotlin/org/kotlintor/hs/HsCircuit.kt;core/src/main/kotlin/org/kotlintor/circuit/Circuit.kt,D3,HsParityElevationTest + HsCircuit.hsCircSetupCongestionControl,circ setup cc thinner,
L3:feature/hs/hs_circuit_setup_e2e_rend_circ,3_op,feature/hs,hs_circuit_setup_e2e_rend_circ,hs_circuit.h,core/src/main/kotlin/org/kotlintor/hs/HsCircuit.kt;core/src/main/kotlin/org/kotlintor/circuit/Circuit.kt,D3,HsParityElevationTest + HsCircuit.hsCircuitSetupE2eRendCirc,circ setup e2e rend thinner,
L3:feature/hs/hs_circuit_setup_e2e_rend_circ_legacy_client,3_op,feature/hs,hs_circuit_setup_e2e_rend_circ_legacy_client,hs_circuit.h,core/src/main/kotlin/org/kotlintor/hs/HsCircuit.kt;core/src/main/kotlin/org/kotlintor/circuit/Circuit.kt,D3,HsParityElevationTest + HsCircuit.hsCircuitSetupE2eRendCircLegacyClient,circ setup e2e legacy thinner,
L3:feature/hs/rend_pqueue_clear,3_op,feature/hs,rend_pqueue_clear,hs_circuit.h,core/src/main/kotlin/org/kotlintor/hs/HsCircuit.kt;core/src/main/kotlin/org/kotlintor/circuit/Circuit.kt,D3,HsParityElevationTest + HsCircuit.rendPqueueClear,rend pqueue clear thinner,
L3:feature/hs/top_of_rend_pqueue_is_worthwhile,3_op,feature/hs,top_of_rend_pqueue_is_worthwhile,hs_circuit.h,core/src/main/kotlin/org/kotlintor/hs/HsCircuit.kt;core/src/main/kotlin/org/kotlintor/circuit/Circuit.kt,D3,HsParityElevationTest + HsCircuit.topOfRendPqueueIsWorthwhile,rend pqueue top thinner,
L3:feature/hs/get_hs_circuitmap,3_op,feature/hs,get_hs_circuitmap,hs_circuitmap.h,core/src/main/kotlin/org/kotlintor/hs/HsCircuitmap.kt;core/src/main/kotlin/org/kotlintor/circuit/Circuit.kt,D3,HsParityElevationTest + HsCircuitmap.getHsCircuitmap,get hs circuitmap thinner,
L3:feature/hs/hs_circuitmap_free_all,3_op,feature/hs,hs_circuitmap_free_all,hs_circuitmap.h,core/src/main/kotlin/org/kotlintor/hs/HsCircuitmap.kt;core/src/main/kotlin/org/kotlintor/circuit/Circuit.kt,D3,HsParityElevationTest + HsCircuitmap.hsCircuitmapFreeAll,circuitmap free all thinner,
L3:feature/hs/hs_circuitmap_get_all_intro_circ_relay_side,3_op,feature/hs,hs_circuitmap_get_all_intro_circ_relay_side,hs_circuitmap.h,core/src/main/kotlin/org/kotlintor/hs/HsCircuitmap.kt;core/src/main/kotlin/org/kotlintor/circuit/Circuit.kt,D3,HsParityElevationTest + HsCircuitmap.hsCircuitmapGetAllIntroCircRelaySide,circuitmap all intro relay thinner,
L3:feature/hs/hs_circuitmap_get_established_rend_circ_client_side,3_op,feature/hs,hs_circuitmap_get_established_rend_circ_client_side,hs_circuitmap.h,core/src/main/kotlin/org/kotlintor/hs/HsCircuitmap.kt;core/src/main/kotlin/org/kotlintor/circuit/Circuit.kt,D3,HsParityElevationTest + HsCircuitmap.hsCircuitmapGetEstablishedRendCircClientSide,circuitmap established rend client thinner,
L3:feature/hs/hs_circuitmap_get_intro_circ_v3_relay_side,3_op,feature/hs,hs_circuitmap_get_intro_circ_v3_relay_side,hs_circuitmap.h,core/src/main/kotlin/org/kotlintor/hs/HsCircuitmap.kt;core/src/main/kotlin/org/kotlintor/circuit/Circuit.kt,D3,HsParityElevationTest + HsCircuitmap.hsCircuitmapGetIntroCircV3RelaySide,circuitmap intro relay thinner,
L3:feature/hs/hs_circuitmap_get_intro_circ_v3_service_side,3_op,feature/hs,hs_circuitmap_get_intro_circ_v3_service_side,hs_circuitmap.h,core/src/main/kotlin/org/kotlintor/hs/HsCircuitmap.kt;core/src/main/kotlin/org/kotlintor/circuit/Circuit.kt,D3,HsParityElevationTest + HsCircuitmap.hsCircuitmapGetIntroCircV3ServiceSide,circuitmap intro service thinner,
L3:feature/hs/hs_circuitmap_get_rend_circ_client_side,3_op,feature/hs,hs_circuitmap_get_rend_circ_client_side,hs_circuitmap.h,core/src/main/kotlin/org/kotlintor/hs/HsCircuitmap.kt;core/src/main/kotlin/org/kotlintor/circuit/Circuit.kt,D3,HsParityElevationTest + HsCircuitmap.hsCircuitmapGetRendCircClientSide,circuitmap rend client thinner,
L3:feature/hs/hs_circuitmap_get_rend_circ_relay_side,3_op,feature/hs,hs_circuitmap_get_rend_circ_relay_side,hs_circuitmap.h,core/src/main/kotlin/org/kotlintor/hs/HsCircuitmap.kt;core/src/main/kotlin/org/kotlintor/circuit/Circuit.kt,D3,HsParityElevationTest + HsCircuitmap.hsCircuitmapGetRendCircRelaySide,circuitmap rend relay thinner,
L3:feature/hs/hs_circuitmap_get_rend_circ_service_side,3_op,feature/hs,hs_circuitmap_get_rend_circ_service_side,hs_circuitmap.h,core/src/main/kotlin/org/kotlintor/hs/HsCircuitmap.kt;core/src/main/kotlin/org/kotlintor/circuit/Circuit.kt,D3,HsParityElevationTest + HsCircuitmap.hsCircuitmapGetRendCircServiceSide,circuitmap rend service thinner,
L3:feature/hs/hs_circuitmap_init,3_op,feature/hs,hs_circuitmap_init,hs_circuitmap.h,core/src/main/kotlin/org/kotlintor/hs/HsCircuitmap.kt;core/src/main/kotlin/org/kotlintor/circuit/Circuit.kt,D3,HsParityElevationTest + HsCircuitmap.hsCircuitmapInit,circuitmap init thinner,
L3:feature/hs/hs_circuitmap_register_intro_circ_v3_relay_side,3_op,feature/hs,hs_circuitmap_register_intro_circ_v3_relay_side,hs_circuitmap.h,core/src/main/kotlin/org/kotlintor/hs/HsCircuitmap.kt;core/src/main/kotlin/org/kotlintor/circuit/Circuit.kt,D3,HsParityElevationTest + HsCircuitmap.hsCircuitmapRegisterIntroCircV3RelaySide,circuitmap register intro relay thinner,
L3:feature/hs/hs_circuitmap_register_intro_circ_v3_service_side,3_op,feature/hs,hs_circuitmap_register_intro_circ_v3_service_side,hs_circuitmap.h,core/src/main/kotlin/org/kotlintor/hs/HsCircuitmap.kt;core/src/main/kotlin/org/kotlintor/circuit/Circuit.kt,D3,HsParityElevationTest + HsCircuitmap.hsCircuitmapRegisterIntroCircV3ServiceSide,circuitmap register intro service thinner,
L3:feature/hs/hs_circuitmap_register_rend_circ_client_side,3_op,feature/hs,hs_circuitmap_register_rend_circ_client_side,hs_circuitmap.h,core/src/main/kotlin/org/kotlintor/hs/HsCircuitmap.kt;core/src/main/kotlin/org/kotlintor/circuit/Circuit.kt,D3,HsParityElevationTest + HsCircuitmap.hsCircuitmapRegisterRendCircClientSide,circuitmap register rend client thinner,
L3:feature/hs/hs_circuitmap_register_rend_circ_relay_side,3_op,feature/hs,hs_circuitmap_register_rend_circ_relay_side,hs_circuitmap.h,core/src/main/kotlin/org/kotlintor/hs/HsCircuitmap.kt;core/src/main/kotlin/org/kotlintor/circuit/Circuit.kt,D3,HsParityElevationTest + HsCircuitmap.hsCircuitmapRegisterRendCircRelaySide,circuitmap register rend relay thinner,
L3:feature/hs/hs_circuitmap_register_rend_circ_service_side,3_op,feature/hs,hs_circuitmap_register_rend_circ_service_side,hs_circuitmap.h,core/src/main/kotlin/org/kotlintor/hs/HsCircuitmap.kt;core/src/main/kotlin/org/kotlintor/circuit/Circuit.kt,D3,HsParityElevationTest + HsCircuitmap.hsCircuitmapRegisterRendCircServiceSide,circuitmap register rend service thinner,
L3:feature/hs/hs_circuitmap_remove_circuit,3_op,feature/hs,hs_circuitmap_remove_circuit,hs_circuitmap.h,core/src/main/kotlin/org/kotlintor/hs/HsCircuitmap.kt;core/src/main/kotlin/org/kotlintor/circuit/Circuit.kt,D3,HsParityElevationTest + HsCircuitmap.hsCircuitmapRemoveCircuit,circuitmap remove thinner,
L3:feature/hs/auth_key_filename_is_valid,3_op,feature/hs,auth_key_filename_is_valid,hs_client.h,core/src/main/kotlin/org/kotlintor/hs/HsClient.kt;core/src/main/kotlin/org/kotlintor/hs/OnionClient.kt,D3,HsParityElevationTest + HsClient.authKeyFilenameIsValid,auth key filename thinner,
L3:feature/hs/client_get_random_intro,3_op,feature/hs,client_get_random_intro,hs_client.h,core/src/main/kotlin/org/kotlintor/hs/HsClient.kt;core/src/main/kotlin/org/kotlintor/hs/OnionClient.kt,D3,HsParityElevationTest + HsClient.clientGetRandomIntro,client random intro thinner,
L3:feature/hs/client_service_authorization_free_,3_op,feature/hs,client_service_authorization_free_,hs_client.h,core/src/main/kotlin/org/kotlintor/hs/HsClient.kt;core/src/main/kotlin/org/kotlintor/hs/OnionClient.kt,D3,HsParityElevationTest + HsClient.clientServiceAuthorizationFree_,client auth free thinner,
L3:feature/hs/desc_intro_point_to_extend_info,3_op,feature/hs,desc_intro_point_to_extend_info,hs_client.h,core/src/main/kotlin/org/kotlintor/hs/HsClient.kt;core/src/main/kotlin/org/kotlintor/hs/OnionClient.kt,D3,HsParityElevationTest + HsClient.descIntroPointToExtendInfo,intro to extend info thinner,
L3:feature/hs/find_desc_intro_point_by_ident,3_op,feature/hs,find_desc_intro_point_by_ident,hs_client.h,core/src/main/kotlin/org/kotlintor/hs/HsClient.kt;core/src/main/kotlin/org/kotlintor/hs/OnionClient.kt,D3,HsParityElevationTest + HsClient.findDescIntroPointByIdent,find intro by ident thinner,
L3:feature/hs/get_hs_client_auths_map,3_op,feature/hs,get_hs_client_auths_map,hs_client.h,core/src/main/kotlin/org/kotlintor/hs/HsClient.kt;core/src/main/kotlin/org/kotlintor/hs/OnionClient.kt,D3,HsParityElevationTest + HsClient.getHsClientAuthsMap,get client auths thinner,
L3:feature/hs/handle_rendezvous2,3_op,feature/hs,handle_rendezvous2,hs_client.h,core/src/main/kotlin/org/kotlintor/hs/HsClient.kt;core/src/main/kotlin/org/kotlintor/hs/OnionClient.kt,D3,HsParityElevationTest + HsClient.handleRendezvous2,handle rendezvous2 thinner,
L3:feature/hs/hs_client_any_intro_points_usable,3_op,feature/hs,hs_client_any_intro_points_usable,hs_client.h,core/src/main/kotlin/org/kotlintor/hs/HsClient.kt;core/src/main/kotlin/org/kotlintor/hs/OnionClient.kt,D3,HsParityElevationTest + HsClient.hsClientAnyIntroPointsUsable,client any intro usable thinner,
L3:feature/hs/hs_client_circuit_cleanup_on_close,3_op,feature/hs,hs_client_circuit_cleanup_on_close,hs_client.h,core/src/main/kotlin/org/kotlintor/hs/HsClient.kt;core/src/main/kotlin/org/kotlintor/hs/OnionClient.kt,D3,HsParityElevationTest + HsClient.hsClientCircuitCleanupOnClose,client circ cleanup close thinner,
L3:feature/hs/hs_client_circuit_cleanup_on_free,3_op,feature/hs,hs_client_circuit_cleanup_on_free,hs_client.h,core/src/main/kotlin/org/kotlintor/hs/HsClient.kt;core/src/main/kotlin/org/kotlintor/hs/OnionClient.kt,D3,HsParityElevationTest + HsClient.hsClientCircuitCleanupOnFree,client circ cleanup free thinner,
L3:feature/hs/hs_client_circuit_has_opened,3_op,feature/hs,hs_client_circuit_has_opened,hs_client.h,core/src/main/kotlin/org/kotlintor/hs/HsClient.kt;core/src/main/kotlin/org/kotlintor/hs/OnionClient.kt,D3,HsParityElevationTest + HsClient.hsClientCircuitHasOpened,client circ has opened thinner,
L3:feature/hs/hs_client_close_intro_circuits_from_desc,3_op,feature/hs,hs_client_close_intro_circuits_from_desc,hs_client.h,core/src/main/kotlin/org/kotlintor/hs/HsClient.kt;core/src/main/kotlin/org/kotlintor/hs/OnionClient.kt,D3,HsParityElevationTest + HsClient.hsClientCloseIntroCircuitsFromDesc,client close intro from desc thinner,
L3:feature/hs/hs_client_decode_descriptor,3_op,feature/hs,hs_client_decode_descriptor,hs_client.h,core/src/main/kotlin/org/kotlintor/hs/HsClient.kt;core/src/main/kotlin/org/kotlintor/hs/OnionClient.kt,D3,HsParityElevationTest + HsClient.hsClientDecodeDescriptor,client decode descriptor thinner,
L3:feature/hs/hs_client_dir_fetch_done,3_op,feature/hs,hs_client_dir_fetch_done,hs_client.h,core/src/main/kotlin/org/kotlintor/hs/HsClient.kt;core/src/main/kotlin/org/kotlintor/hs/OnionClient.kt,D3,HsParityElevationTest + HsClient.hsClientDirFetchDone,client dir fetch done thinner,
L3:feature/hs/hs_client_dir_info_changed,3_op,feature/hs,hs_client_dir_info_changed,hs_client.h,core/src/main/kotlin/org/kotlintor/hs/HsClient.kt;core/src/main/kotlin/org/kotlintor/hs/OnionClient.kt,D3,HsParityElevationTest + HsClient.hsClientDirInfoChanged,client dir info changed thinner,
L3:feature/hs/hs_client_free_all,3_op,feature/hs,hs_client_free_all,hs_client.h,core/src/main/kotlin/org/kotlintor/hs/HsClient.kt;core/src/main/kotlin/org/kotlintor/hs/OnionClient.kt,D3,HsParityElevationTest + HsClient.hsClientFreeAll,client free all thinner,
L3:feature/hs/hs_client_get_random_intro_from_edge,3_op,feature/hs,hs_client_get_random_intro_from_edge,hs_client.h,core/src/main/kotlin/org/kotlintor/hs/HsClient.kt;core/src/main/kotlin/org/kotlintor/hs/OnionClient.kt,D3,HsParityElevationTest + HsClient.hsClientGetRandomIntroFromEdge,client random intro edge thinner,
L3:feature/hs/hs_client_launch_v3_desc_fetch,3_op,feature/hs,hs_client_launch_v3_desc_fetch,hs_client.h,core/src/main/kotlin/org/kotlintor/hs/HsClient.kt;core/src/main/kotlin/org/kotlintor/hs/OnionClient.kt,D3,HsParityElevationTest + HsClient.hsClientLaunchV3DescFetch,client launch desc fetch thinner,
L3:feature/hs/hs_client_note_connection_attempt_succeeded,3_op,feature/hs,hs_client_note_connection_attempt_succeeded,hs_client.h,core/src/main/kotlin/org/kotlintor/hs/HsClient.kt;core/src/main/kotlin/org/kotlintor/hs/OnionClient.kt,D3,HsParityElevationTest + HsClient.hsClientNoteConnectionAttemptSucceeded,client note conn success thinner,
L3:feature/hs/hs_client_purge_state,3_op,feature/hs,hs_client_purge_state,hs_client.h,core/src/main/kotlin/org/kotlintor/hs/HsClient.kt;core/src/main/kotlin/org/kotlintor/hs/OnionClient.kt,D3,HsParityElevationTest + HsClient.hsClientPurgeState,client purge state thinner,
L3:feature/hs/hs_client_receive_introduce_ack,3_op,feature/hs,hs_client_receive_introduce_ack,hs_client.h,core/src/main/kotlin/org/kotlintor/hs/HsClient.kt;core/src/main/kotlin/org/kotlintor/hs/OnionClient.kt,D3,HsParityElevationTest + HsClient.hsClientReceiveIntroduceAck,client receive intro ack thinner,
L3:feature/hs/hs_client_receive_rendezvous2,3_op,feature/hs,hs_client_receive_rendezvous2,hs_client.h,core/src/main/kotlin/org/kotlintor/hs/HsClient.kt;core/src/main/kotlin/org/kotlintor/hs/OnionClient.kt,D3,HsParityElevationTest + HsClient.hsClientReceiveRendezvous2,client receive rend2 thinner,
L3:feature/hs/hs_client_receive_rendezvous_acked,3_op,feature/hs,hs_client_receive_rendezvous_acked,hs_client.h,core/src/main/kotlin/org/kotlintor/hs/HsClient.kt;core/src/main/kotlin/org/kotlintor/hs/OnionClient.kt,D3,HsParityElevationTest + HsClient.hsClientReceiveRendezvousAcked,client receive rend acked thinner,
L3:feature/hs/hs_client_reextend_intro_circuit,3_op,feature/hs,hs_client_reextend_intro_circuit,hs_client.h,core/src/main/kotlin/org/kotlintor/hs/HsClient.kt;core/src/main/kotlin/org/kotlintor/hs/OnionClient.kt,D3,HsParityElevationTest + HsClient.hsClientReextendIntroCircuit,client reextend intro thinner,
L3:feature/hs/hs_client_refetch_hsdesc,3_op,feature/hs,hs_client_refetch_hsdesc,hs_client.h,core/src/main/kotlin/org/kotlintor/hs/HsClient.kt;core/src/main/kotlin/org/kotlintor/hs/OnionClient.kt,D3,HsParityElevationTest + HsClient.hsClientRefetchHsdesc,client refetch hsdesc thinner,
L3:feature/hs/build_blinded_key_param,3_op,feature/hs,build_blinded_key_param,hs_common.h,core/src/main/kotlin/org/kotlintor/hs/HsCommon.kt;core/src/main/kotlin/org/kotlintor/hs/HsCommonConfigDos.kt,D3,HsParityElevationTest + HsCommon.buildBlindedKeyParam,blinded key param thinner,
L3:feature/hs/get_disaster_srv,3_op,feature/hs,get_disaster_srv,hs_common.h,core/src/main/kotlin/org/kotlintor/hs/HsCommon.kt;core/src/main/kotlin/org/kotlintor/hs/HsCommonConfigDos.kt,D3,HsParityElevationTest + HsCommon.getDisasterSrv,get disaster srv thinner,
L3:feature/hs/get_first_cached_disaster_srv,3_op,feature/hs,get_first_cached_disaster_srv,hs_common.h,core/src/main/kotlin/org/kotlintor/hs/HsCommon.kt;core/src/main/kotlin/org/kotlintor/hs/HsCommonConfigDos.kt,D3,HsParityElevationTest + HsCommon.getFirstCachedDisasterSrv,first disaster srv thinner,
L3:feature/hs/get_last_hid_serv_requests,3_op,feature/hs,get_last_hid_serv_requests,hs_common.h,core/src/main/kotlin/org/kotlintor/hs/HsCommon.kt;core/src/main/kotlin/org/kotlintor/hs/HsCommonConfigDos.kt,D3,HsParityElevationTest + HsCommon.getLastHidServRequests,last hid serv requests thinner,
L3:feature/hs/get_second_cached_disaster_srv,3_op,feature/hs,get_second_cached_disaster_srv,hs_common.h,core/src/main/kotlin/org/kotlintor/hs/HsCommon.kt;core/src/main/kotlin/org/kotlintor/hs/HsCommonConfigDos.kt,D3,HsParityElevationTest + HsCommon.getSecondCachedDisasterSrv,second disaster srv thinner,
L3:feature/hs/get_time_period_length,3_op,feature/hs,get_time_period_length,hs_common.h,core/src/main/kotlin/org/kotlintor/hs/HsCommon.kt;core/src/main/kotlin/org/kotlintor/hs/HsCommonConfigDos.kt,D3,HsParityElevationTest + HsCommon.getTimePeriodLength,time period length thinner,
L3:feature/hs/hs_address_is_valid,3_op,feature/hs,hs_address_is_valid,hs_common.h,core/src/main/kotlin/org/kotlintor/hs/HsCommon.kt;core/src/main/kotlin/org/kotlintor/hs/HsCommonConfigDos.kt,D3,HsParityElevationTest + HsCommon.hsAddressIsValid,hs address valid thinner,
L3:feature/hs/hs_build_address,3_op,feature/hs,hs_build_address,hs_common.h,core/src/main/kotlin/org/kotlintor/hs/HsCommon.kt;core/src/main/kotlin/org/kotlintor/hs/HsCommonConfigDos.kt,D3,HsParityElevationTest + HsCommon.hsBuildAddress,hs build address thinner,
L3:feature/hs/hs_build_blinded_keypair,3_op,feature/hs,hs_build_blinded_keypair,hs_common.h,core/src/main/kotlin/org/kotlintor/hs/HsCommon.kt;core/src/main/kotlin/org/kotlintor/hs/HsCommonConfigDos.kt,D3,HsParityElevationTest + HsCommon.hsBuildBlindedKeypair,hs build blinded keypair thinner,
L3:feature/hs/hs_build_blinded_pubkey,3_op,feature/hs,hs_build_blinded_pubkey,hs_common.h,core/src/main/kotlin/org/kotlintor/hs/HsCommon.kt;core/src/main/kotlin/org/kotlintor/hs/HsCommonConfigDos.kt,D3,HsParityElevationTest + HsCommon.hsBuildBlindedPubkey,hs build blinded pubkey thinner,
L3:feature/hs/hs_build_hs_index,3_op,feature/hs,hs_build_hs_index,hs_common.h,core/src/main/kotlin/org/kotlintor/hs/HsCommon.kt;core/src/main/kotlin/org/kotlintor/hs/HsCommonConfigDos.kt,D3,HsParityElevationTest + HsCommon.hsBuildHsIndex,hs build hs index thinner,
L3:feature/hs/hs_build_hsdir_index,3_op,feature/hs,hs_build_hsdir_index,hs_common.h,core/src/main/kotlin/org/kotlintor/hs/HsCommon.kt;core/src/main/kotlin/org/kotlintor/hs/HsCommonConfigDos.kt,D3,HsParityElevationTest + HsCommon.hsBuildHsdirIndex,hs build hsdir index thinner,
L3:feature/hs/hs_check_service_private_dir,3_op,feature/hs,hs_check_service_private_dir,hs_common.h,core/src/main/kotlin/org/kotlintor/hs/HsCommon.kt;core/src/main/kotlin/org/kotlintor/hs/HsCommonConfigDos.kt,D3,HsParityElevationTest + HsCommon.hsCheckServicePrivateDir,check service private dir thinner,
L3:feature/hs/hs_clean_last_hid_serv_requests,3_op,feature/hs,hs_clean_last_hid_serv_requests,hs_common.h,core/src/main/kotlin/org/kotlintor/hs/HsCommon.kt;core/src/main/kotlin/org/kotlintor/hs/HsCommonConfigDos.kt,D3,HsParityElevationTest + HsCommon.hsCleanLastHidServRequests,clean last hid serv thinner,
L3:feature/hs/hs_cleanup_circ,3_op,feature/hs,hs_cleanup_circ,hs_common.h,core/src/main/kotlin/org/kotlintor/hs/HsCommon.kt;core/src/main/kotlin/org/kotlintor/hs/HsCommonConfigDos.kt,D3,HsParityElevationTest + HsCommon.hsCleanupCirc,cleanup circ thinner,
L3:feature/hs/hs_dec_rdv_stream_counter,3_op,feature/hs,hs_dec_rdv_stream_counter,hs_common.h,core/src/main/kotlin/org/kotlintor/hs/HsCommon.kt;core/src/main/kotlin/org/kotlintor/hs/HsCommonConfigDos.kt,D3,HsParityElevationTest + HsCommon.hsDecRdvStreamCounter,dec rdv stream counter thinner,
L3:feature/hs/hs_free_all,3_op,feature/hs,hs_free_all,hs_common.h,core/src/main/kotlin/org/kotlintor/hs/HsCommon.kt;core/src/main/kotlin/org/kotlintor/hs/HsCommonConfigDos.kt,D3,HsParityElevationTest + HsCommon.hsFreeAll,hs free all thinner,
L3:feature/hs/hs_get_current_srv,3_op,feature/hs,hs_get_current_srv,hs_common.h,core/src/main/kotlin/org/kotlintor/hs/HsCommon.kt;core/src/main/kotlin/org/kotlintor/hs/HsCommonConfigDos.kt,D3,HsParityElevationTest + HsCommon.hsGetCurrentSrv,hs get current srv thinner,
L3:feature/hs/hs_get_extend_info_from_lspecs,3_op,feature/hs,hs_get_extend_info_from_lspecs,hs_common.h,core/src/main/kotlin/org/kotlintor/hs/HsCommon.kt;core/src/main/kotlin/org/kotlintor/hs/HsCommonConfigDos.kt,D3,HsParityElevationTest + HsCommon.hsGetExtendInfoFromLspecs,hs get extend info from lspecs thinner,
L3:feature/hs/hs_get_hsdir_n_replicas,3_op,feature/hs,hs_get_hsdir_n_replicas,hs_common.h,core/src/main/kotlin/org/kotlintor/hs/HsCommon.kt;core/src/main/kotlin/org/kotlintor/hs/HsCommonConfigDos.kt,D3,HsParityElevationTest + HsCommon.hsGetHsdirNReplicas,hs get hsdir n replicas thinner,
L3:feature/hs/hs_get_hsdir_spread_fetch,3_op,feature/hs,hs_get_hsdir_spread_fetch,hs_common.h,core/src/main/kotlin/org/kotlintor/hs/HsCommon.kt;core/src/main/kotlin/org/kotlintor/hs/HsCommonConfigDos.kt,D3,HsParityElevationTest + HsCommon.hsGetHsdirSpreadFetch,hs get hsdir spread fetch thinner,
L3:feature/hs/hs_get_hsdir_spread_store,3_op,feature/hs,hs_get_hsdir_spread_store,hs_common.h,core/src/main/kotlin/org/kotlintor/hs/HsCommon.kt;core/src/main/kotlin/org/kotlintor/hs/HsCommonConfigDos.kt,D3,HsParityElevationTest + HsCommon.hsGetHsdirSpreadStore,hs get hsdir spread store thinner,
L3:feature/hs/hs_get_next_time_period_num,3_op,feature/hs,hs_get_next_time_period_num,hs_common.h,core/src/main/kotlin/org/kotlintor/hs/HsCommon.kt;core/src/main/kotlin/org/kotlintor/hs/HsCommonConfigDos.kt,D3,HsParityElevationTest + HsCommon.hsGetNextTimePeriodNum,hs get next time period thinner,
L3:feature/hs/hs_get_previous_srv,3_op,feature/hs,hs_get_previous_srv,hs_common.h,core/src/main/kotlin/org/kotlintor/hs/HsCommon.kt;core/src/main/kotlin/org/kotlintor/hs/HsCommonConfigDos.kt,D3,HsParityElevationTest + HsCommon.hsGetPreviousSrv,hs get previous srv thinner,
L3:feature/hs/hs_get_previous_time_period_num,3_op,feature/hs,hs_get_previous_time_period_num,hs_common.h,core/src/main/kotlin/org/kotlintor/hs/HsCommon.kt;core/src/main/kotlin/org/kotlintor/hs/HsCommonConfigDos.kt,D3,HsParityElevationTest + HsCommon.hsGetPreviousTimePeriodNum,hs get previous time period thinner,
L3:feature/hs/hs_config_client_auth_all,3_op,feature/hs,hs_config_client_auth_all,hs_config.h,core/src/main/kotlin/org/kotlintor/hs/HsConfig.kt;core/src/main/kotlin/org/kotlintor/hs/HsCommonConfigDos.kt;core/src/main/kotlin/org/kotlintor/config/Config.kt,D3,HsParityElevationTest + HsConfig.hsConfigClientAuthAll,config client auth all thinner,
L3:feature/hs/hs_config_free_all,3_op,feature/hs,hs_config_free_all,hs_config.h,core/src/main/kotlin/org/kotlintor/hs/HsConfig.kt;core/src/main/kotlin/org/kotlintor/hs/HsCommonConfigDos.kt;core/src/main/kotlin/org/kotlintor/config/Config.kt,D3,HsParityElevationTest + HsConfig.hsConfigFreeAll,config free all thinner,
L3:feature/hs/hs_config_service_all,3_op,feature/hs,hs_config_service_all,hs_config.h,core/src/main/kotlin/org/kotlintor/hs/HsConfig.kt;core/src/main/kotlin/org/kotlintor/hs/HsCommonConfigDos.kt;core/src/main/kotlin/org/kotlintor/config/Config.kt,D3,HsParityElevationTest + HsConfig.hsConfigServiceAll,config service all thinner,
L3:feature/hs/hs_control_desc_event_content,3_op,feature/hs,hs_control_desc_event_content,hs_control.h,core/src/main/kotlin/org/kotlintor/hs/HsControl.kt;control/src/main/kotlin/org/kotlintor/control/Control.kt,D3,HsParityElevationTest + HsControl.hsControlDescEventContent,control desc content thinner,
L3:feature/hs/hs_control_desc_event_created,3_op,feature/hs,hs_control_desc_event_created,hs_control.h,core/src/main/kotlin/org/kotlintor/hs/HsControl.kt;control/src/main/kotlin/org/kotlintor/control/Control.kt,D3,HsParityElevationTest + HsControl.hsControlDescEventCreated,control desc created thinner,
L3:feature/hs/hs_control_desc_event_failed,3_op,feature/hs,hs_control_desc_event_failed,hs_control.h,core/src/main/kotlin/org/kotlintor/hs/HsControl.kt;control/src/main/kotlin/org/kotlintor/control/Control.kt,D3,HsParityElevationTest + HsControl.hsControlDescEventFailed,control desc failed thinner,
L3:feature/hs/hs_control_desc_event_received,3_op,feature/hs,hs_control_desc_event_received,hs_control.h,core/src/main/kotlin/org/kotlintor/hs/HsControl.kt;control/src/main/kotlin/org/kotlintor/control/Control.kt,D3,HsParityElevationTest + HsControl.hsControlDescEventReceived,control desc received thinner,
L3:feature/hs/hs_control_desc_event_requested,3_op,feature/hs,hs_control_desc_event_requested,hs_control.h,core/src/main/kotlin/org/kotlintor/hs/HsControl.kt;control/src/main/kotlin/org/kotlintor/control/Control.kt,D3,HsParityElevationTest + HsControl.hsControlDescEventRequested,control desc requested thinner,
L3:feature/hs/hs_control_desc_event_upload,3_op,feature/hs,hs_control_desc_event_upload,hs_control.h,core/src/main/kotlin/org/kotlintor/hs/HsControl.kt;control/src/main/kotlin/org/kotlintor/control/Control.kt,D3,HsParityElevationTest + HsControl.hsControlDescEventUpload,control desc upload thinner,
L3:feature/hs/hs_control_desc_event_uploaded,3_op,feature/hs,hs_control_desc_event_uploaded,hs_control.h,core/src/main/kotlin/org/kotlintor/hs/HsControl.kt;control/src/main/kotlin/org/kotlintor/control/Control.kt,D3,HsParityElevationTest + HsControl.hsControlDescEventUploaded,control desc uploaded thinner,
L3:feature/hs/hs_control_hsfetch_command,3_op,feature/hs,hs_control_hsfetch_command,hs_control.h,core/src/main/kotlin/org/kotlintor/hs/HsControl.kt;control/src/main/kotlin/org/kotlintor/control/Control.kt,D3,HsParityElevationTest + HsControl.hsControlHsfetchCommand,control hsfetch thinner,
L3:feature/hs/hs_control_hspost_command,3_op,feature/hs,hs_control_hspost_command,hs_control.h,core/src/main/kotlin/org/kotlintor/hs/HsControl.kt;control/src/main/kotlin/org/kotlintor/control/Control.kt,D3,HsParityElevationTest + HsControl.hsControlHspostCommand,control hspost thinner,
L3:feature/hs/build_plaintext_padding,3_op,feature/hs,build_plaintext_padding,hs_descriptor.h,core/src/main/kotlin/org/kotlintor/hs/HsDescriptor.kt,D3,HsParityElevationTest + HsDescriptor.buildPlaintextPadding,plaintext padding thinner,
L3:feature/hs/cert_is_valid,3_op,feature/hs,cert_is_valid,hs_descriptor.h,core/src/main/kotlin/org/kotlintor/hs/HsDescriptor.kt,D3,HsParityElevationTest + HsDescriptor.certIsValid,cert is valid thinner,
L3:feature/hs/decode_introduction_point,3_op,feature/hs,decode_introduction_point,hs_descriptor.h,core/src/main/kotlin/org/kotlintor/hs/HsDescriptor.kt,D3,HsParityElevationTest + HsDescriptor.decodeIntroductionPoint,decode intro point thinner,
L3:feature/hs/decode_link_specifiers,3_op,feature/hs,decode_link_specifiers,hs_descriptor.h,core/src/main/kotlin/org/kotlintor/hs/HsDescriptor.kt,D3,HsParityElevationTest + HsDescriptor.decodeLinkSpecifiers,decode link specs thinner,
L3:feature/hs/desc_decode_encrypted_v3,3_op,feature/hs,desc_decode_encrypted_v3,hs_descriptor.h,core/src/main/kotlin/org/kotlintor/hs/HsDescriptor.kt,D3,HsParityElevationTest + HsDescriptor.descDecodeEncryptedV3,desc decode encrypted thinner,
L3:feature/hs/desc_decode_superencrypted_v3,3_op,feature/hs,desc_decode_superencrypted_v3,hs_descriptor.h,core/src/main/kotlin/org/kotlintor/hs/HsDescriptor.kt,D3,HsParityElevationTest + HsDescriptor.descDecodeSuperencryptedV3,desc decode superencrypted thinner,
L3:feature/hs/desc_sig_is_valid,3_op,feature/hs,desc_sig_is_valid,hs_descriptor.h,core/src/main/kotlin/org/kotlintor/hs/HsDescriptor.kt,D3,HsParityElevationTest + HsDescriptor.descSigIsValid,desc sig valid thinner,
L3:feature/hs/encode_link_specifiers,3_op,feature/hs,encode_link_specifiers,hs_descriptor.h,core/src/main/kotlin/org/kotlintor/hs/HsDescriptor.kt,D3,HsParityElevationTest + HsDescriptor.encodeLinkSpecifiers,encode link specs thinner,
L3:feature/hs/encrypted_data_length_is_valid,3_op,feature/hs,encrypted_data_length_is_valid,hs_descriptor.h,core/src/main/kotlin/org/kotlintor/hs/HsDescriptor.kt,D3,HsParityElevationTest + HsDescriptor.encryptedDataLengthIsValid,encrypted len valid thinner,
L3:feature/hs/hs_desc_authorized_client_free_,3_op,feature/hs,hs_desc_authorized_client_free_,hs_descriptor.h,core/src/main/kotlin/org/kotlintor/hs/HsDescriptor.kt,D3,HsParityElevationTest + HsDescriptor.hsDescAuthorizedClientFree_,desc auth client free thinner,
L3:feature/hs/hs_desc_build_authorized_client,3_op,feature/hs,hs_desc_build_authorized_client,hs_descriptor.h,core/src/main/kotlin/org/kotlintor/hs/HsDescriptor.kt,D3,HsParityElevationTest + HsDescriptor.hsDescBuildAuthorizedClient,desc build auth client thinner,
L3:feature/hs/hs_desc_build_fake_authorized_client,3_op,feature/hs,hs_desc_build_fake_authorized_client,hs_descriptor.h,core/src/main/kotlin/org/kotlintor/hs/HsDescriptor.kt,D3,HsParityElevationTest + HsDescriptor.hsDescBuildFakeAuthorizedClient,desc build fake auth client thinner,
L3:feature/hs/hs_desc_decode_descriptor,3_op,feature/hs,hs_desc_decode_descriptor,hs_descriptor.h,core/src/main/kotlin/org/kotlintor/hs/HsDescriptor.kt,D3,HsParityElevationTest + HsDescriptor.hsDescDecodeDescriptor,desc decode descriptor thinner,
L3:feature/hs/hs_desc_decode_encrypted,3_op,feature/hs,hs_desc_decode_encrypted,hs_descriptor.h,core/src/main/kotlin/org/kotlintor/hs/HsDescriptor.kt,D3,HsParityElevationTest + HsDescriptor.hsDescDecodeEncrypted,desc decode encrypted thinner,
L3:feature/hs/hs_desc_decode_plaintext,3_op,feature/hs,hs_desc_decode_plaintext,hs_descriptor.h,core/src/main/kotlin/org/kotlintor/hs/HsDescriptor.kt,D3,HsParityElevationTest + HsDescriptor.hsDescDecodePlaintext,desc decode plaintext thinner,
L3:feature/hs/hs_desc_decode_superencrypted,3_op,feature/hs,hs_desc_decode_superencrypted,hs_descriptor.h,core/src/main/kotlin/org/kotlintor/hs/HsDescriptor.kt,D3,HsParityElevationTest + HsDescriptor.hsDescDecodeSuperencrypted,desc decode superencrypted thinner,
L3:feature/hs/hs_desc_encrypted_data_free_,3_op,feature/hs,hs_desc_encrypted_data_free_,hs_descriptor.h,core/src/main/kotlin/org/kotlintor/hs/HsDescriptor.kt,D3,HsParityElevationTest + HsDescriptor.hsDescEncryptedDataFree_,desc encrypted free thinner,
L3:feature/hs/hs_desc_encrypted_data_free_contents,3_op,feature/hs,hs_desc_encrypted_data_free_contents,hs_descriptor.h,core/src/main/kotlin/org/kotlintor/hs/HsDescriptor.kt,D3,HsParityElevationTest + HsDescriptor.hsDescEncryptedDataFreeContents,desc encrypted free contents thinner,
L3:feature/hs/hs_desc_intro_point_free_,3_op,feature/hs,hs_desc_intro_point_free_,hs_descriptor.h,core/src/main/kotlin/org/kotlintor/hs/HsDescriptor.kt,D3,HsParityElevationTest + HsDescriptor.hsDescIntroPointFree_,desc intro point free thinner,
L3:feature/hs/hs_desc_intro_point_new,3_op,feature/hs,hs_desc_intro_point_new,hs_descriptor.h,core/src/main/kotlin/org/kotlintor/hs/HsDescriptor.kt,D3,HsParityElevationTest + HsDescriptor.hsDescIntroPointNew,desc intro point new thinner,
L3:feature/hs/hs_desc_obj_size,3_op,feature/hs,hs_desc_obj_size,hs_descriptor.h,core/src/main/kotlin/org/kotlintor/hs/HsDescriptor.kt,D3,HsParityElevationTest + HsDescriptor.hsDescObjSize,desc obj size thinner,
L3:feature/hs/hs_desc_plaintext_data_free_,3_op,feature/hs,hs_desc_plaintext_data_free_,hs_descriptor.h,core/src/main/kotlin/org/kotlintor/hs/HsDescriptor.kt,D3,HsParityElevationTest + HsDescriptor.hsDescPlaintextDataFree_,desc plaintext free thinner,
L3:feature/hs/hs_desc_plaintext_data_free_contents,3_op,feature/hs,hs_desc_plaintext_data_free_contents,hs_descriptor.h,core/src/main/kotlin/org/kotlintor/hs/HsDescriptor.kt,D3,HsParityElevationTest + HsDescriptor.hsDescPlaintextDataFreeContents,desc plaintext free contents thinner,
L3:feature/hs/hs_desc_plaintext_obj_size,3_op,feature/hs,hs_desc_plaintext_obj_size,hs_descriptor.h,core/src/main/kotlin/org/kotlintor/hs/HsDescriptor.kt,D3,HsParityElevationTest + HsDescriptor.hsDescPlaintextObjSize,desc plaintext obj size thinner,
L3:feature/hs/hs_desc_superencrypted_data_free_,3_op,feature/hs,hs_desc_superencrypted_data_free_,hs_descriptor.h,core/src/main/kotlin/org/kotlintor/hs/HsDescriptor.kt,D3,HsParityElevationTest + HsDescriptor.hsDescSuperencryptedDataFree_,desc superencrypted free thinner,
L3:feature/hs/get_intro2_burst_consensus_param,3_op,feature/hs,get_intro2_burst_consensus_param,hs_dos.h,core/src/main/kotlin/org/kotlintor/hs/HsDos.kt;core/src/main/kotlin/org/kotlintor/hs/HsCommonConfigDos.kt;core/src/main/kotlin/org/kotlintor/relay/Dos.kt,D3,HsParityElevationTest + HsDos.getIntro2BurstConsensusParam,intro2 burst consensus param thinner,
L3:feature/hs/get_intro2_enable_consensus_param,3_op,feature/hs,get_intro2_enable_consensus_param,hs_dos.h,core/src/main/kotlin/org/kotlintor/hs/HsDos.kt;core/src/main/kotlin/org/kotlintor/hs/HsCommonConfigDos.kt;core/src/main/kotlin/org/kotlintor/relay/Dos.kt,D3,HsParityElevationTest + HsDos.getIntro2EnableConsensusParam,intro2 enable consensus param thinner,
L3:feature/hs/get_intro2_rate_consensus_param,3_op,feature/hs,get_intro2_rate_consensus_param,hs_dos.h,core/src/main/kotlin/org/kotlintor/hs/HsDos.kt;core/src/main/kotlin/org/kotlintor/hs/HsCommonConfigDos.kt;core/src/main/kotlin/org/kotlintor/relay/Dos.kt,D3,HsParityElevationTest + HsDos.getIntro2RateConsensusParam,intro2 rate consensus param thinner,
L3:feature/hs/hs_dos_can_send_intro2,3_op,feature/hs,hs_dos_can_send_intro2,hs_dos.h,core/src/main/kotlin/org/kotlintor/hs/HsDos.kt;core/src/main/kotlin/org/kotlintor/hs/HsCommonConfigDos.kt;core/src/main/kotlin/org/kotlintor/relay/Dos.kt,D3,HsParityElevationTest + HsDos.hsDosCanSendIntro2,dos can send intro2 thinner,
L3:feature/hs/hs_dos_consensus_has_changed,3_op,feature/hs,hs_dos_consensus_has_changed,hs_dos.h,core/src/main/kotlin/org/kotlintor/hs/HsDos.kt;core/src/main/kotlin/org/kotlintor/hs/HsCommonConfigDos.kt;core/src/main/kotlin/org/kotlintor/relay/Dos.kt,D3,HsParityElevationTest + HsDos.hsDosConsensusHasChanged,dos consensus changed thinner,
L3:feature/hs/hs_dos_get_intro2_rejected_count,3_op,feature/hs,hs_dos_get_intro2_rejected_count,hs_dos.h,core/src/main/kotlin/org/kotlintor/hs/HsDos.kt;core/src/main/kotlin/org/kotlintor/hs/HsCommonConfigDos.kt;core/src/main/kotlin/org/kotlintor/relay/Dos.kt,D3,HsParityElevationTest + HsDos.hsDosGetIntro2RejectedCount,dos intro2 rejected count thinner,
L3:feature/hs/hs_dos_init,3_op,feature/hs,hs_dos_init,hs_dos.h,core/src/main/kotlin/org/kotlintor/hs/HsDos.kt;core/src/main/kotlin/org/kotlintor/hs/HsCommonConfigDos.kt;core/src/main/kotlin/org/kotlintor/relay/Dos.kt,D3,HsParityElevationTest + HsDos.hsDosInit,dos init thinner,
L3:feature/hs/hs_dos_setup_default_intro2_defenses,3_op,feature/hs,hs_dos_setup_default_intro2_defenses,hs_dos.h,core/src/main/kotlin/org/kotlintor/hs/HsDos.kt;core/src/main/kotlin/org/kotlintor/hs/HsCommonConfigDos.kt;core/src/main/kotlin/org/kotlintor/relay/Dos.kt,D3,HsParityElevationTest + HsDos.hsDosSetupDefaultIntro2Defenses,dos setup default intro2 thinner,
L3:feature/hs/hs_ident_circuit_dup,3_op,feature/hs,hs_ident_circuit_dup,hs_ident.h,core/src/main/kotlin/org/kotlintor/hs/HsIdent.kt;core/src/main/kotlin/org/kotlintor/hs/HsCommonConfigDos.kt,D3,HsParityElevationTest + HsIdent.hsIdentCircuitDup,ident circuit dup thinner,
L3:feature/hs/hs_ident_circuit_free_,3_op,feature/hs,hs_ident_circuit_free_,hs_ident.h,core/src/main/kotlin/org/kotlintor/hs/HsIdent.kt;core/src/main/kotlin/org/kotlintor/hs/HsCommonConfigDos.kt,D3,HsParityElevationTest + HsIdent.hsIdentCircuitFree_,ident circuit free thinner,
L3:feature/hs/hs_ident_circuit_new,3_op,feature/hs,hs_ident_circuit_new,hs_ident.h,core/src/main/kotlin/org/kotlintor/hs/HsIdent.kt;core/src/main/kotlin/org/kotlintor/hs/HsCommonConfigDos.kt,D3,HsParityElevationTest + HsIdent.hsIdentCircuitNew,ident circuit new thinner,
L3:feature/hs/hs_ident_dir_conn_dup,3_op,feature/hs,hs_ident_dir_conn_dup,hs_ident.h,core/src/main/kotlin/org/kotlintor/hs/HsIdent.kt;core/src/main/kotlin/org/kotlintor/hs/HsCommonConfigDos.kt,D3,HsParityElevationTest + HsIdent.hsIdentDirConnDup,ident dir conn dup thinner,
L3:feature/hs/hs_ident_dir_conn_free_,3_op,feature/hs,hs_ident_dir_conn_free_,hs_ident.h,core/src/main/kotlin/org/kotlintor/hs/HsIdent.kt;core/src/main/kotlin/org/kotlintor/hs/HsCommonConfigDos.kt,D3,HsParityElevationTest + HsIdent.hsIdentDirConnFree_,ident dir conn free thinner,
L3:feature/hs/hs_ident_dir_conn_init,3_op,feature/hs,hs_ident_dir_conn_init,hs_ident.h,core/src/main/kotlin/org/kotlintor/hs/HsIdent.kt;core/src/main/kotlin/org/kotlintor/hs/HsCommonConfigDos.kt,D3,HsParityElevationTest + HsIdent.hsIdentDirConnInit,ident dir conn init thinner,
L3:feature/hs/hs_ident_edge_conn_free_,3_op,feature/hs,hs_ident_edge_conn_free_,hs_ident.h,core/src/main/kotlin/org/kotlintor/hs/HsIdent.kt;core/src/main/kotlin/org/kotlintor/hs/HsCommonConfigDos.kt,D3,HsParityElevationTest + HsIdent.hsIdentEdgeConnFree_,ident edge conn free thinner,
L3:feature/hs/hs_ident_edge_conn_new,3_op,feature/hs,hs_ident_edge_conn_new,hs_ident.h,core/src/main/kotlin/org/kotlintor/hs/HsIdent.kt;core/src/main/kotlin/org/kotlintor/hs/HsCommonConfigDos.kt,D3,HsParityElevationTest + HsIdent.hsIdentEdgeConnNew,ident edge conn new thinner,
L3:feature/hs/hs_ident_intro_circ_is_valid,3_op,feature/hs,hs_ident_intro_circ_is_valid,hs_ident.h,core/src/main/kotlin/org/kotlintor/hs/HsIdent.kt;core/src/main/kotlin/org/kotlintor/hs/HsCommonConfigDos.kt,D3,HsParityElevationTest + HsIdent.hsIdentIntroCircIsValid,ident intro circ valid thinner,
L3:feature/hs/hs_ident_server_dir_conn_new,3_op,feature/hs,hs_ident_server_dir_conn_new,hs_ident.h,core/src/main/kotlin/org/kotlintor/hs/HsIdent.kt;core/src/main/kotlin/org/kotlintor/hs/HsCommonConfigDos.kt,D3,HsParityElevationTest + HsIdent.hsIdentServerDirConnNew,ident server dir conn new thinner,
L3:feature/hs/cell_dos_extension_parameters_are_valid,3_op,feature/hs,cell_dos_extension_parameters_are_valid,hs_intropoint.h,core/src/main/kotlin/org/kotlintor/hs/HsIntropoint.kt;core/src/main/kotlin/org/kotlintor/hs/HsCommonConfigDos.kt,D3,HsParityElevationTest + HsIntropoint.cellDosExtensionParametersAreValid,cell dos params thinner,
L3:feature/hs/circuit_is_suitable_for_introduce1,3_op,feature/hs,circuit_is_suitable_for_introduce1,hs_intropoint.h,core/src/main/kotlin/org/kotlintor/hs/HsIntropoint.kt;core/src/main/kotlin/org/kotlintor/hs/HsCommonConfigDos.kt,D3,HsParityElevationTest + HsIntropoint.circuitIsSuitableForIntroduce1,circuit suitable intro1 thinner,
L3:feature/hs/get_auth_key_from_cell,3_op,feature/hs,get_auth_key_from_cell,hs_intropoint.h,core/src/main/kotlin/org/kotlintor/hs/HsIntropoint.kt;core/src/main/kotlin/org/kotlintor/hs/HsCommonConfigDos.kt,D3,HsParityElevationTest + HsIntropoint.getAuthKeyFromCell,get auth key cell thinner,
L3:feature/hs/handle_introduce1,3_op,feature/hs,handle_introduce1,hs_intropoint.h,core/src/main/kotlin/org/kotlintor/hs/HsIntropoint.kt;core/src/main/kotlin/org/kotlintor/hs/HsCommonConfigDos.kt,D3,HsParityElevationTest + HsIntropoint.handleIntroduce1,handle introduce1 thinner,
L3:feature/hs/hs_intro_circuit_is_suitable_for_establish_intro,3_op,feature/hs,hs_intro_circuit_is_suitable_for_establish_intro,hs_intropoint.h,core/src/main/kotlin/org/kotlintor/hs/HsIntropoint.kt;core/src/main/kotlin/org/kotlintor/hs/HsCommonConfigDos.kt,D3,HsParityElevationTest + HsIntropoint.hsIntroCircuitIsSuitableForEstablishIntro,intro circuit suitable establish thinner,
L3:feature/hs/hs_intro_new,3_op,feature/hs,hs_intro_new,hs_intropoint.h,core/src/main/kotlin/org/kotlintor/hs/HsIntropoint.kt;core/src/main/kotlin/org/kotlintor/hs/HsCommonConfigDos.kt,D3,HsParityElevationTest + HsIntropoint.hsIntroNew,intro new thinner,
L3:feature/hs/hs_intro_received_establish_intro,3_op,feature/hs,hs_intro_received_establish_intro,hs_intropoint.h,core/src/main/kotlin/org/kotlintor/hs/HsIntropoint.kt;core/src/main/kotlin/org/kotlintor/hs/HsCommonConfigDos.kt,D3,HsParityElevationTest + HsIntropoint.hsIntroReceivedEstablishIntro,intro received establish thinner,
L3:feature/hs/hs_intro_received_introduce1,3_op,feature/hs,hs_intro_received_introduce1,hs_intropoint.h,core/src/main/kotlin/org/kotlintor/hs/HsIntropoint.kt;core/src/main/kotlin/org/kotlintor/hs/HsCommonConfigDos.kt,D3,HsParityElevationTest + HsIntropoint.hsIntroReceivedIntroduce1,intro received introduce1 thinner,
L3:feature/hs/hs_intropoint_clear,3_op,feature/hs,hs_intropoint_clear,hs_intropoint.h,core/src/main/kotlin/org/kotlintor/hs/HsIntropoint.kt;core/src/main/kotlin/org/kotlintor/hs/HsCommonConfigDos.kt,D3,HsParityElevationTest + HsIntropoint.hsIntropointClear,intropoint clear thinner,
L3:feature/hs/validate_introduce1_parsed_cell,3_op,feature/hs,validate_introduce1_parsed_cell,hs_intropoint.h,core/src/main/kotlin/org/kotlintor/hs/HsIntropoint.kt;core/src/main/kotlin/org/kotlintor/hs/HsCommonConfigDos.kt,D3,HsParityElevationTest + HsIntropoint.validateIntroduce1ParsedCell,validate introduce1 parsed thinner,
L3:feature/hs/verify_establish_intro_cell,3_op,feature/hs,verify_establish_intro_cell,hs_intropoint.h,core/src/main/kotlin/org/kotlintor/hs/HsIntropoint.kt;core/src/main/kotlin/org/kotlintor/hs/HsCommonConfigDos.kt,D3,HsParityElevationTest + HsIntropoint.verifyEstablishIntroCell,verify establish intro thinner,
L3:feature/hs/hs_metrics_get_stores,3_op,feature/hs,hs_metrics_get_stores,hs_metrics.h,core/src/main/kotlin/org/kotlintor/hs/HsMetrics.kt;core/src/main/kotlin/org/kotlintor/metrics/Metrics.kt,D3,HsParityElevationTest + HsMetrics.hsMetricsGetStores,metrics get stores thinner,
L3:feature/hs/hs_metrics_service_free,3_op,feature/hs,hs_metrics_service_free,hs_metrics.h,core/src/main/kotlin/org/kotlintor/hs/HsMetrics.kt;core/src/main/kotlin/org/kotlintor/metrics/Metrics.kt,D3,HsParityElevationTest + HsMetrics.hsMetricsServiceFree,metrics service free thinner,
L3:feature/hs/hs_metrics_service_init,3_op,feature/hs,hs_metrics_service_init,hs_metrics.h,core/src/main/kotlin/org/kotlintor/hs/HsMetrics.kt;core/src/main/kotlin/org/kotlintor/metrics/Metrics.kt,D3,HsParityElevationTest + HsMetrics.hsMetricsServiceInit,metrics service init thinner,
L3:feature/hs/hs_metrics_update_by_ident,3_op,feature/hs,hs_metrics_update_by_ident,hs_metrics.h,core/src/main/kotlin/org/kotlintor/hs/HsMetrics.kt;core/src/main/kotlin/org/kotlintor/metrics/Metrics.kt,D3,HsParityElevationTest + HsMetrics.hsMetricsUpdateByIdent,metrics update by ident thinner,
L3:feature/hs/hs_metrics_update_by_service,3_op,feature/hs,hs_metrics_update_by_service,hs_metrics.h,core/src/main/kotlin/org/kotlintor/hs/HsMetrics.kt;core/src/main/kotlin/org/kotlintor/metrics/Metrics.kt,D3,HsParityElevationTest + HsMetrics.hsMetricsUpdateByService,metrics update by service thinner,
L3:feature/hs/compute_subcredentials,3_op,feature/hs,compute_subcredentials,hs_ob.h,core/src/main/kotlin/org/kotlintor/hs/HsOb.kt,D3,HsParityElevationTest + HsOb.computeSubcredentials,compute subcred thinner,
L3:feature/hs/hs_ob_free_all,3_op,feature/hs,hs_ob_free_all,hs_ob.h,core/src/main/kotlin/org/kotlintor/hs/HsOb.kt,D3,HsParityElevationTest + HsOb.hsObFreeAll,ob free all thinner,
L3:feature/hs/hs_ob_parse_config_file,3_op,feature/hs,hs_ob_parse_config_file,hs_ob.h,core/src/main/kotlin/org/kotlintor/hs/HsOb.kt,D3,HsParityElevationTest + HsOb.hsObParseConfigFile,ob parse config file thinner,
L3:feature/hs/hs_ob_refresh_keys,3_op,feature/hs,hs_ob_refresh_keys,hs_ob.h,core/src/main/kotlin/org/kotlintor/hs/HsOb.kt,D3,HsParityElevationTest + HsOb.hsObRefreshKeys,ob refresh keys thinner,
L3:feature/hs/hs_ob_service_is_instance,3_op,feature/hs,hs_ob_service_is_instance,hs_ob.h,core/src/main/kotlin/org/kotlintor/hs/HsOb.kt,D3,HsParityElevationTest + HsOb.hsObServiceIsInstance,ob service is instance thinner,
L3:feature/hs/hs_pow_free_service_state,3_op,feature/hs,hs_pow_free_service_state,hs_pow.h,core/src/main/kotlin/org/kotlintor/hs/HsPow.kt,D3,HsParityElevationTest + HsPow.hsPowFreeServiceState,pow free service state thinner,
L3:feature/hs/hs_pow_queue_work,3_op,feature/hs,hs_pow_queue_work,hs_pow.h,core/src/main/kotlin/org/kotlintor/hs/HsPow.kt,D3,HsParityElevationTest + HsPow.hsPowQueueWork,pow queue work thinner,
L3:feature/hs/hs_pow_remove_seed_from_cache,3_op,feature/hs,hs_pow_remove_seed_from_cache,hs_pow.h,core/src/main/kotlin/org/kotlintor/hs/HsPow.kt,D3,HsParityElevationTest + HsPow.hsPowRemoveSeedFromCache,pow remove seed thinner,
L3:feature/hs/hs_pow_solve,3_op,feature/hs,hs_pow_solve,hs_pow.h,core/src/main/kotlin/org/kotlintor/hs/HsPow.kt,D3,HsParityElevationTest + HsPow.hsPowSolve,pow solve thinner,
L3:feature/hs/hs_pow_verify,3_op,feature/hs,hs_pow_verify,hs_pow.h,core/src/main/kotlin/org/kotlintor/hs/HsPow.kt,D3,HsParityElevationTest + HsPow.hsPowVerify,pow verify thinner,
L3:feature/hs/build_all_descriptors,3_op,feature/hs,build_all_descriptors,hs_service.h,core/src/main/kotlin/org/kotlintor/hs/HsService.kt;core/src/main/kotlin/org/kotlintor/hs/OnionService.kt,D3,HsParityElevationTest + HsService.buildAllDescriptors,build all descriptors thinner,
L3:feature/hs/can_service_launch_intro_circuit,3_op,feature/hs,can_service_launch_intro_circuit,hs_service.h,core/src/main/kotlin/org/kotlintor/hs/HsService.kt;core/src/main/kotlin/org/kotlintor/hs/OnionService.kt,D3,HsParityElevationTest + HsService.canServiceLaunchIntroCircuit,can launch intro thinner,
L3:feature/hs/client_filename_is_valid,3_op,feature/hs,client_filename_is_valid,hs_service.h,core/src/main/kotlin/org/kotlintor/hs/HsService.kt;core/src/main/kotlin/org/kotlintor/hs/OnionService.kt,D3,HsParityElevationTest + HsService.clientFilenameIsValid,client filename thinner,
L3:feature/hs/find_service,3_op,feature/hs,find_service,hs_service.h,core/src/main/kotlin/org/kotlintor/hs/HsService.kt;core/src/main/kotlin/org/kotlintor/hs/OnionService.kt,D3,HsParityElevationTest + HsService.findService,find service thinner,
L3:feature/hs/get_first_service,3_op,feature/hs,get_first_service,hs_service.h,core/src/main/kotlin/org/kotlintor/hs/HsService.kt;core/src/main/kotlin/org/kotlintor/hs/OnionService.kt,D3,HsParityElevationTest + HsService.getFirstService,get first service thinner,
L3:feature/hs/get_hs_service_map,3_op,feature/hs,get_hs_service_map,hs_service.h,core/src/main/kotlin/org/kotlintor/hs/HsService.kt;core/src/main/kotlin/org/kotlintor/hs/OnionService.kt,D3,HsParityElevationTest + HsService.getHsServiceMap,get hs service map thinner,
L3:feature/hs/get_hs_service_map_size,3_op,feature/hs,get_hs_service_map_size,hs_service.h,core/src/main/kotlin/org/kotlintor/hs/HsService.kt;core/src/main/kotlin/org/kotlintor/hs/OnionService.kt,D3,HsParityElevationTest + HsService.getHsServiceMapSize,get hs service map size thinner,
L3:feature/hs/get_hs_service_staging_list_size,3_op,feature/hs,get_hs_service_staging_list_size,hs_service.h,core/src/main/kotlin/org/kotlintor/hs/HsService.kt;core/src/main/kotlin/org/kotlintor/hs/OnionService.kt,D3,HsParityElevationTest + HsService.getHsServiceStagingListSize,staging list size thinner,
L3:feature/hs/get_node_from_intro_point,3_op,feature/hs,get_node_from_intro_point,hs_service.h,core/src/main/kotlin/org/kotlintor/hs/HsService.kt;core/src/main/kotlin/org/kotlintor/hs/OnionService.kt,D3,HsParityElevationTest + HsService.getNodeFromIntroPoint,node from intro thinner,
L3:feature/hs/get_objects_from_ident,3_op,feature/hs,get_objects_from_ident,hs_service.h,core/src/main/kotlin/org/kotlintor/hs/HsService.kt;core/src/main/kotlin/org/kotlintor/hs/OnionService.kt,D3,HsParityElevationTest + HsService.getObjectsFromIdent,objects from ident thinner,
L3:feature/hs/hs_service_add_ephemeral,3_op,feature/hs,hs_service_add_ephemeral,hs_service.h,core/src/main/kotlin/org/kotlintor/hs/HsService.kt;core/src/main/kotlin/org/kotlintor/hs/OnionService.kt,D3,HsParityElevationTest + HsService.hsServiceAddEphemeral,service add ephemeral thinner,
L3:feature/hs/hs_service_allow_non_anonymous_connection,3_op,feature/hs,hs_service_allow_non_anonymous_connection,hs_service.h,core/src/main/kotlin/org/kotlintor/hs/HsService.kt;core/src/main/kotlin/org/kotlintor/hs/OnionService.kt,D3,HsParityElevationTest + HsService.hsServiceAllowNonAnonymousConnection,service allow non anon thinner,
L3:feature/hs/hs_service_circuit_cleanup_on_close,3_op,feature/hs,hs_service_circuit_cleanup_on_close,hs_service.h,core/src/main/kotlin/org/kotlintor/hs/HsService.kt;core/src/main/kotlin/org/kotlintor/hs/OnionService.kt,D3,HsParityElevationTest + HsService.hsServiceCircuitCleanupOnClose,service circ cleanup thinner,
L3:feature/hs/hs_service_circuit_has_opened,3_op,feature/hs,hs_service_circuit_has_opened,hs_service.h,core/src/main/kotlin/org/kotlintor/hs/HsService.kt;core/src/main/kotlin/org/kotlintor/hs/OnionService.kt,D3,HsParityElevationTest + HsService.hsServiceCircuitHasOpened,service circ opened thinner,
L3:feature/hs/hs_service_del_ephemeral,3_op,feature/hs,hs_service_del_ephemeral,hs_service.h,core/src/main/kotlin/org/kotlintor/hs/HsService.kt;core/src/main/kotlin/org/kotlintor/hs/OnionService.kt,D3,HsParityElevationTest + HsService.hsServiceDelEphemeral,service del ephemeral thinner,
L3:feature/hs/hs_service_dir_info_changed,3_op,feature/hs,hs_service_dir_info_changed,hs_service.h,core/src/main/kotlin/org/kotlintor/hs/HsService.kt;core/src/main/kotlin/org/kotlintor/hs/OnionService.kt,D3,HsParityElevationTest + HsService.hsServiceDirInfoChanged,service dir info changed thinner,
L3:feature/hs/hs_service_dump_stats,3_op,feature/hs,hs_service_dump_stats,hs_service.h,core/src/main/kotlin/org/kotlintor/hs/HsService.kt;core/src/main/kotlin/org/kotlintor/hs/OnionService.kt,D3,HsParityElevationTest + HsService.hsServiceDumpStats,service dump stats thinner,
L3:feature/hs/hs_service_exports_circuit_id,3_op,feature/hs,hs_service_exports_circuit_id,hs_service.h,core/src/main/kotlin/org/kotlintor/hs/HsService.kt;core/src/main/kotlin/org/kotlintor/hs/OnionService.kt,D3,HsParityElevationTest + HsService.hsServiceExportsCircuitId,service exports circ id thinner,
L3:feature/hs/hs_service_find,3_op,feature/hs,hs_service_find,hs_service.h,core/src/main/kotlin/org/kotlintor/hs/HsService.kt;core/src/main/kotlin/org/kotlintor/hs/OnionService.kt,D3,HsParityElevationTest + HsService.hsServiceFind,service find thinner,
L3:feature/hs/hs_service_free_,3_op,feature/hs,hs_service_free_,hs_service.h,core/src/main/kotlin/org/kotlintor/hs/HsService.kt;core/src/main/kotlin/org/kotlintor/hs/OnionService.kt,D3,HsParityElevationTest + HsService.hsServiceFree_,service free thinner,
L3:feature/hs/hs_service_free_all,3_op,feature/hs,hs_service_free_all,hs_service.h,core/src/main/kotlin/org/kotlintor/hs/HsService.kt;core/src/main/kotlin/org/kotlintor/hs/OnionService.kt,D3,HsParityElevationTest + HsService.hsServiceFreeAll,service free all thinner,
L3:feature/hs/hs_service_get_metrics_stores,3_op,feature/hs,hs_service_get_metrics_stores,hs_service.h,core/src/main/kotlin/org/kotlintor/hs/HsService.kt;core/src/main/kotlin/org/kotlintor/hs/OnionService.kt,D3,HsParityElevationTest + HsService.hsServiceGetMetricsStores,service get metrics stores thinner,
L3:feature/hs/hs_service_get_version_from_key,3_op,feature/hs,hs_service_get_version_from_key,hs_service.h,core/src/main/kotlin/org/kotlintor/hs/HsService.kt;core/src/main/kotlin/org/kotlintor/hs/OnionService.kt,D3,HsParityElevationTest + HsService.hsServiceGetVersionFromKey,service get version from key thinner,
L3:feature/hs/hs_service_init,3_op,feature/hs,hs_service_init,hs_service.h,core/src/main/kotlin/org/kotlintor/hs/HsService.kt;core/src/main/kotlin/org/kotlintor/hs/OnionService.kt,D3,HsParityElevationTest + HsService.hsServiceInit,service init thinner,
L3:feature/hs/hs_service_lists_fnames_for_sandbox,3_op,feature/hs,hs_service_lists_fnames_for_sandbox,hs_service.h,core/src/main/kotlin/org/kotlintor/hs/HsService.kt;core/src/main/kotlin/org/kotlintor/hs/OnionService.kt,D3,HsParityElevationTest + HsService.hsServiceListsFnamesForSandbox,service lists fnames sandbox thinner,
L3:feature/hs/hs_stats_get_n_introduce2_v3_cells,3_op,feature/hs,hs_stats_get_n_introduce2_v3_cells,hs_stats.h,core/src/main/kotlin/org/kotlintor/stats/HsStats.kt,D3,HsParityElevationTest + HsStats.hsStatsGetNIntroduce2V3Cells,stats introduce2 count thinner,
L3:feature/hs/hs_stats_get_n_rendezvous_launches,3_op,feature/hs,hs_stats_get_n_rendezvous_launches,hs_stats.h,core/src/main/kotlin/org/kotlintor/stats/HsStats.kt,D3,HsParityElevationTest + HsStats.hsStatsGetNRendezvousLaunches,stats rendezvous launches thinner,
L3:feature/hs/hs_stats_note_introduce2_cell,3_op,feature/hs,hs_stats_note_introduce2_cell,hs_stats.h,core/src/main/kotlin/org/kotlintor/stats/HsStats.kt,D3,HsParityElevationTest + HsStats.hsStatsNoteIntroduce2Cell,stats note introduce2 thinner,
L3:feature/hs/hs_stats_note_service_rendezvous_launch,3_op,feature/hs,hs_stats_note_service_rendezvous_launch,hs_stats.h,core/src/main/kotlin/org/kotlintor/stats/HsStats.kt,D3,HsParityElevationTest + HsStats.hsStatsNoteServiceRendezvousLaunch,stats note rendezvous launch thinner,
L3:feature/relay/circuit_choose_ip_ap_for_extend,3_op,feature/relay,circuit_choose_ip_ap_for_extend,circuitbuild_relay.h,core/src/main/kotlin/org/kotlintor/circuit/CircuitBuildRelay.kt;core/src/main/kotlin/org/kotlintor/circuit/Circuit.kt;core/src/main/kotlin/org/kotlintor/circuit/Relay.kt;core/src/main/kotlin/org/kotlintor/circuit/CircuitBuild.kt,D2,header circuitbuild_relay.h; module mirror; matched 4 path(s),op-level mapping unaudited for circuit_choose_ip_ap_for_extend,
L3:feature/relay/circuit_extend,3_op,feature/relay,circuit_extend,circuitbuild_relay.h,core/src/main/kotlin/org/kotlintor/circuit/CircuitBuildRelay.kt;core/src/main/kotlin/org/kotlintor/circuit/Circuit.kt;core/src/main/kotlin/org/kotlintor/circuit/Relay.kt;core/src/main/kotlin/org/kotlintor/circuit/CircuitBuild.kt,D2,header circuitbuild_relay.h; module mirror; matched 4 path(s),op-level mapping unaudited for circuit_extend,
L3:feature/relay/circuit_extend_add_ed25519_helper,3_op,feature/relay,circuit_extend_add_ed25519_helper,circuitbuild_relay.h,core/src/main/kotlin/org/kotlintor/circuit/CircuitBuildRelay.kt;core/src/main/kotlin/org/kotlintor/circuit/Circuit.kt;core/src/main/kotlin/org/kotlintor/circuit/Relay.kt;core/src/main/kotlin/org/kotlintor/circuit/CircuitBuild.kt,D2,header circuitbuild_relay.h; module mirror; matched 4 path(s),op-level mapping unaudited for circuit_extend_add_ed25519_helper,
L3:feature/relay/circuit_extend_add_ipv4_helper,3_op,feature/relay,circuit_extend_add_ipv4_helper,circuitbuild_relay.h,core/src/main/kotlin/org/kotlintor/circuit/CircuitBuildRelay.kt;core/src/main/kotlin/org/kotlintor/circuit/Circuit.kt;core/src/main/kotlin/org/kotlintor/circuit/Relay.kt;core/src/main/kotlin/org/kotlintor/circuit/CircuitBuild.kt,D2,header circuitbuild_relay.h; module mirror; matched 4 path(s),op-level mapping unaudited for circuit_extend_add_ipv4_helper,
L3:feature/relay/circuit_extend_add_ipv6_helper,3_op,feature/relay,circuit_extend_add_ipv6_helper,circuitbuild_relay.h,core/src/main/kotlin/org/kotlintor/circuit/CircuitBuildRelay.kt;core/src/main/kotlin/org/kotlintor/circuit/Circuit.kt;core/src/main/kotlin/org/kotlintor/circuit/Relay.kt;core/src/main/kotlin/org/kotlintor/circuit/CircuitBuild.kt,D2,header circuitbuild_relay.h; module mirror; matched 4 path(s),op-level mapping unaudited for circuit_extend_add_ipv6_helper,
L3:feature/relay/circuit_extend_lspec_valid_helper,3_op,feature/relay,circuit_extend_lspec_valid_helper,circuitbuild_relay.h,core/src/main/kotlin/org/kotlintor/circuit/CircuitBuildRelay.kt;core/src/main/kotlin/org/kotlintor/circuit/Circuit.kt;core/src/main/kotlin/org/kotlintor/circuit/Relay.kt;core/src/main/kotlin/org/kotlintor/circuit/CircuitBuild.kt,D2,header circuitbuild_relay.h; module mirror; matched 4 path(s),op-level mapping unaudited for circuit_extend_lspec_valid_helper,
L3:feature/relay/circuit_extend_state_valid_helper,3_op,feature/relay,circuit_extend_state_valid_helper,circuitbuild_relay.h,core/src/main/kotlin/org/kotlintor/circuit/CircuitBuildRelay.kt;core/src/main/kotlin/org/kotlintor/circuit/Circuit.kt;core/src/main/kotlin/org/kotlintor/circuit/Relay.kt;core/src/main/kotlin/org/kotlintor/circuit/CircuitBuild.kt,D2,header circuitbuild_relay.h; module mirror; matched 4 path(s),op-level mapping unaudited for circuit_extend_state_valid_helper,
L3:feature/relay/circuit_open_connection_for_extend,3_op,feature/relay,circuit_open_connection_for_extend,circuitbuild_relay.h,core/src/main/kotlin/org/kotlintor/circuit/CircuitBuildRelay.kt;core/src/main/kotlin/org/kotlintor/circuit/Circuit.kt;core/src/main/kotlin/org/kotlintor/circuit/Relay.kt;core/src/main/kotlin/org/kotlintor/circuit/CircuitBuild.kt,D2,header circuitbuild_relay.h; module mirror; matched 4 path(s),op-level mapping unaudited for circuit_open_connection_for_extend,
L3:feature/relay/circuitbuild_warn_client_extend,3_op,feature/relay,circuitbuild_warn_client_extend,circuitbuild_relay.h,core/src/main/kotlin/org/kotlintor/circuit/CircuitBuildRelay.kt;core/src/main/kotlin/org/kotlintor/circuit/Circuit.kt;core/src/main/kotlin/org/kotlintor/circuit/Relay.kt;core/src/main/kotlin/org/kotlintor/circuit/CircuitBuild.kt,D2,header circuitbuild_relay.h; module mirror; matched 4 path(s),op-level mapping unaudited for circuitbuild_warn_client_extend,
L3:feature/relay/onionskin_answer,3_op,feature/relay,onionskin_answer,circuitbuild_relay.h,core/src/main/kotlin/org/kotlintor/circuit/CircuitBuildRelay.kt;core/src/main/kotlin/org/kotlintor/circuit/Circuit.kt;core/src/main/kotlin/org/kotlintor/circuit/Relay.kt;core/src/main/kotlin/org/kotlintor/circuit/CircuitBuild.kt,D2,header circuitbuild_relay.h; module mirror; matched 4 path(s),op-level mapping unaudited for onionskin_answer,
L3:feature/relay/assert_connection_edge_not_dns_pending,3_op,feature/relay,assert_connection_edge_not_dns_pending,dns.h,core/src/main/kotlin/org/kotlintor/net/Dns.kt;core/src/main/kotlin/org/kotlintor/net/AutomapAndDnsCache.kt;core/src/main/kotlin/org/kotlintor/net/TcpDns.kt;core/src/main/kotlin/org/kotlintor/net/stack/FakeIpDnsCookies.kt;core/src/main/kotlin/org/kotlintor/net/stack/TunFakeDns.kt,D2,header dns.h; module mirror; matched 12 path(s),op-level mapping unaudited for assert_connection_edge_not_dns_pending,
L3:feature/relay/configured_nameserver_address,3_op,feature/relay,configured_nameserver_address,dns.h,core/src/main/kotlin/org/kotlintor/net/Dns.kt;core/src/main/kotlin/org/kotlintor/net/AutomapAndDnsCache.kt;core/src/main/kotlin/org/kotlintor/net/TcpDns.kt;core/src/main/kotlin/org/kotlintor/net/stack/FakeIpDnsCookies.kt;core/src/main/kotlin/org/kotlintor/net/stack/TunFakeDns.kt,D2,header dns.h; module mirror; matched 12 path(s),op-level mapping unaudited for configured_nameserver_address,
L3:feature/relay/connection_dns_remove,3_op,feature/relay,connection_dns_remove,dns.h,core/src/main/kotlin/org/kotlintor/net/Dns.kt;core/src/main/kotlin/org/kotlintor/net/AutomapAndDnsCache.kt;core/src/main/kotlin/org/kotlintor/net/TcpDns.kt;core/src/main/kotlin/org/kotlintor/net/stack/FakeIpDnsCookies.kt;core/src/main/kotlin/org/kotlintor/net/stack/TunFakeDns.kt,D2,header dns.h; module mirror; matched 12 path(s),op-level mapping unaudited for connection_dns_remove,
L3:feature/relay/dns_cache_handle_oom,3_op,feature/relay,dns_cache_handle_oom,dns.h,core/src/main/kotlin/org/kotlintor/net/Dns.kt;core/src/main/kotlin/org/kotlintor/net/AutomapAndDnsCache.kt;core/src/main/kotlin/org/kotlintor/net/TcpDns.kt;core/src/main/kotlin/org/kotlintor/net/stack/FakeIpDnsCookies.kt;core/src/main/kotlin/org/kotlintor/net/stack/TunFakeDns.kt,D2,header dns.h; module mirror; matched 12 path(s),op-level mapping unaudited for dns_cache_handle_oom,
L3:feature/relay/dns_cache_total_allocation,3_op,feature/relay,dns_cache_total_allocation,dns.h,core/src/main/kotlin/org/kotlintor/net/Dns.kt;core/src/main/kotlin/org/kotlintor/net/AutomapAndDnsCache.kt;core/src/main/kotlin/org/kotlintor/net/TcpDns.kt;core/src/main/kotlin/org/kotlintor/net/stack/FakeIpDnsCookies.kt;core/src/main/kotlin/org/kotlintor/net/stack/TunFakeDns.kt,D2,header dns.h; module mirror; matched 12 path(s),op-level mapping unaudited for dns_cache_total_allocation,
L3:feature/relay/dns_free_all,3_op,feature/relay,dns_free_all,dns.h,core/src/main/kotlin/org/kotlintor/net/Dns.kt;core/src/main/kotlin/org/kotlintor/net/AutomapAndDnsCache.kt;core/src/main/kotlin/org/kotlintor/net/TcpDns.kt;core/src/main/kotlin/org/kotlintor/net/stack/FakeIpDnsCookies.kt;core/src/main/kotlin/org/kotlintor/net/stack/TunFakeDns.kt,D2,header dns.h; module mirror; matched 12 path(s),op-level mapping unaudited for dns_free_all,
L3:feature/relay/dns_get_cache_entry,3_op,feature/relay,dns_get_cache_entry,dns.h,core/src/main/kotlin/org/kotlintor/net/Dns.kt;core/src/main/kotlin/org/kotlintor/net/AutomapAndDnsCache.kt;core/src/main/kotlin/org/kotlintor/net/TcpDns.kt;core/src/main/kotlin/org/kotlintor/net/stack/FakeIpDnsCookies.kt;core/src/main/kotlin/org/kotlintor/net/stack/TunFakeDns.kt,D2,header dns.h; module mirror; matched 12 path(s),op-level mapping unaudited for dns_get_cache_entry,
L3:feature/relay/dns_init,3_op,feature/relay,dns_init,dns.h,core/src/main/kotlin/org/kotlintor/net/Dns.kt;core/src/main/kotlin/org/kotlintor/net/AutomapAndDnsCache.kt;core/src/main/kotlin/org/kotlintor/net/TcpDns.kt;core/src/main/kotlin/org/kotlintor/net/stack/FakeIpDnsCookies.kt;core/src/main/kotlin/org/kotlintor/net/stack/TunFakeDns.kt,D2,header dns.h; module mirror; matched 12 path(s),op-level mapping unaudited for dns_init,
L3:feature/relay/dns_insert_cache_entry,3_op,feature/relay,dns_insert_cache_entry,dns.h,core/src/main/kotlin/org/kotlintor/net/Dns.kt;core/src/main/kotlin/org/kotlintor/net/AutomapAndDnsCache.kt;core/src/main/kotlin/org/kotlintor/net/TcpDns.kt;core/src/main/kotlin/org/kotlintor/net/stack/FakeIpDnsCookies.kt;core/src/main/kotlin/org/kotlintor/net/stack/TunFakeDns.kt,D2,header dns.h; module mirror; matched 12 path(s),op-level mapping unaudited for dns_insert_cache_entry,
L3:feature/relay/dns_launch_correctness_checks,3_op,feature/relay,dns_launch_correctness_checks,dns.h,core/src/main/kotlin/org/kotlintor/net/Dns.kt;core/src/main/kotlin/org/kotlintor/net/AutomapAndDnsCache.kt;core/src/main/kotlin/org/kotlintor/net/TcpDns.kt;core/src/main/kotlin/org/kotlintor/net/stack/FakeIpDnsCookies.kt;core/src/main/kotlin/org/kotlintor/net/stack/TunFakeDns.kt,D2,header dns.h; module mirror; matched 12 path(s),op-level mapping unaudited for dns_launch_correctness_checks,
L3:feature/relay/dns_new_consensus_params,3_op,feature/relay,dns_new_consensus_params,dns.h,core/src/main/kotlin/org/kotlintor/net/Dns.kt;core/src/main/kotlin/org/kotlintor/net/AutomapAndDnsCache.kt;core/src/main/kotlin/org/kotlintor/net/TcpDns.kt;core/src/main/kotlin/org/kotlintor/net/stack/FakeIpDnsCookies.kt;core/src/main/kotlin/org/kotlintor/net/stack/TunFakeDns.kt,D2,header dns.h; module mirror; matched 12 path(s),op-level mapping unaudited for dns_new_consensus_params,
L3:feature/relay/dns_reset,3_op,feature/relay,dns_reset,dns.h,core/src/main/kotlin/org/kotlintor/net/Dns.kt;core/src/main/kotlin/org/kotlintor/net/AutomapAndDnsCache.kt;core/src/main/kotlin/org/kotlintor/net/TcpDns.kt;core/src/main/kotlin/org/kotlintor/net/stack/FakeIpDnsCookies.kt;core/src/main/kotlin/org/kotlintor/net/stack/TunFakeDns.kt,D2,header dns.h; module mirror; matched 12 path(s),op-level mapping unaudited for dns_reset,
L3:feature/relay/dns_reset_correctness_checks,3_op,feature/relay,dns_reset_correctness_checks,dns.h,core/src/main/kotlin/org/kotlintor/net/Dns.kt;core/src/main/kotlin/org/kotlintor/net/AutomapAndDnsCache.kt;core/src/main/kotlin/org/kotlintor/net/TcpDns.kt;core/src/main/kotlin/org/kotlintor/net/stack/FakeIpDnsCookies.kt;core/src/main/kotlin/org/kotlintor/net/stack/TunFakeDns.kt,D2,header dns.h; module mirror; matched 12 path(s),op-level mapping unaudited for dns_reset_correctness_checks,
L3:feature/relay/dns_resolve,3_op,feature/relay,dns_resolve,dns.h,core/src/main/kotlin/org/kotlintor/net/Dns.kt;core/src/main/kotlin/org/kotlintor/net/AutomapAndDnsCache.kt;core/src/main/kotlin/org/kotlintor/net/TcpDns.kt;core/src/main/kotlin/org/kotlintor/net/stack/FakeIpDnsCookies.kt;core/src/main/kotlin/org/kotlintor/net/stack/TunFakeDns.kt,D2,header dns.h; module mirror; matched 12 path(s),op-level mapping unaudited for dns_resolve,
L3:feature/relay/dns_seems_to_be_broken,3_op,feature/relay,dns_seems_to_be_broken,dns.h,core/src/main/kotlin/org/kotlintor/net/Dns.kt;core/src/main/kotlin/org/kotlintor/net/AutomapAndDnsCache.kt;core/src/main/kotlin/org/kotlintor/net/TcpDns.kt;core/src/main/kotlin/org/kotlintor/net/stack/FakeIpDnsCookies.kt;core/src/main/kotlin/org/kotlintor/net/stack/TunFakeDns.kt,D2,header dns.h; module mirror; matched 12 path(s),op-level mapping unaudited for dns_seems_to_be_broken,
L3:feature/relay/dns_seems_to_be_broken_for_ipv6,3_op,feature/relay,dns_seems_to_be_broken_for_ipv6,dns.h,core/src/main/kotlin/org/kotlintor/net/Dns.kt;core/src/main/kotlin/org/kotlintor/net/AutomapAndDnsCache.kt;core/src/main/kotlin/org/kotlintor/net/TcpDns.kt;core/src/main/kotlin/org/kotlintor/net/stack/FakeIpDnsCookies.kt;core/src/main/kotlin/org/kotlintor/net/stack/TunFakeDns.kt,D2,header dns.h; module mirror; matched 12 path(s),op-level mapping unaudited for dns_seems_to_be_broken_for_ipv6,
L3:feature/relay/dns_send_resolved_error_cell,3_op,feature/relay,dns_send_resolved_error_cell,dns.h,core/src/main/kotlin/org/kotlintor/net/Dns.kt;core/src/main/kotlin/org/kotlintor/net/AutomapAndDnsCache.kt;core/src/main/kotlin/org/kotlintor/net/TcpDns.kt;core/src/main/kotlin/org/kotlintor/net/stack/FakeIpDnsCookies.kt;core/src/main/kotlin/org/kotlintor/net/stack/TunFakeDns.kt,D2,header dns.h; module mirror; matched 12 path(s),op-level mapping unaudited for dns_send_resolved_error_cell,
L3:feature/relay/dump_dns_mem_usage,3_op,feature/relay,dump_dns_mem_usage,dns.h,core/src/main/kotlin/org/kotlintor/net/Dns.kt;core/src/main/kotlin/org/kotlintor/net/AutomapAndDnsCache.kt;core/src/main/kotlin/org/kotlintor/net/TcpDns.kt;core/src/main/kotlin/org/kotlintor/net/stack/FakeIpDnsCookies.kt;core/src/main/kotlin/org/kotlintor/net/stack/TunFakeDns.kt,D2,header dns.h; module mirror; matched 12 path(s),op-level mapping unaudited for dump_dns_mem_usage,
L3:feature/relay/has_dns_init_failed,3_op,feature/relay,has_dns_init_failed,dns.h,core/src/main/kotlin/org/kotlintor/net/Dns.kt;core/src/main/kotlin/org/kotlintor/net/AutomapAndDnsCache.kt;core/src/main/kotlin/org/kotlintor/net/TcpDns.kt;core/src/main/kotlin/org/kotlintor/net/stack/FakeIpDnsCookies.kt;core/src/main/kotlin/org/kotlintor/net/stack/TunFakeDns.kt,D2,header dns.h; module mirror; matched 12 path(s),op-level mapping unaudited for has_dns_init_failed,
L3:feature/relay/number_of_configured_nameservers,3_op,feature/relay,number_of_configured_nameservers,dns.h,core/src/main/kotlin/org/kotlintor/net/Dns.kt;core/src/main/kotlin/org/kotlintor/net/AutomapAndDnsCache.kt;core/src/main/kotlin/org/kotlintor/net/TcpDns.kt;core/src/main/kotlin/org/kotlintor/net/stack/FakeIpDnsCookies.kt;core/src/main/kotlin/org/kotlintor/net/stack/TunFakeDns.kt,D2,header dns.h; module mirror; matched 12 path(s),op-level mapping unaudited for number_of_configured_nameservers,
L3:feature/relay/connection_ext_or_finished_flushing,3_op,feature/relay,connection_ext_or_finished_flushing,ext_orport.h,core/src/main/kotlin/org/kotlintor/pt/ExtOrPort.kt,D2,header ext_orport.h; module mirror; matched 1 path(s),op-level mapping unaudited for connection_ext_or_finished_flushing,
L3:feature/relay/connection_ext_or_process_inbuf,3_op,feature/relay,connection_ext_or_process_inbuf,ext_orport.h,core/src/main/kotlin/org/kotlintor/pt/ExtOrPort.kt,D2,header ext_orport.h; module mirror; matched 1 path(s),op-level mapping unaudited for connection_ext_or_process_inbuf,
L3:feature/relay/connection_ext_or_start_auth,3_op,feature/relay,connection_ext_or_start_auth,ext_orport.h,core/src/main/kotlin/org/kotlintor/pt/ExtOrPort.kt,D2,header ext_orport.h; module mirror; matched 1 path(s),op-level mapping unaudited for connection_ext_or_start_auth,
L3:feature/relay/connection_write_ext_or_command,3_op,feature/relay,connection_write_ext_or_command,ext_orport.h,core/src/main/kotlin/org/kotlintor/pt/ExtOrPort.kt,D2,header ext_orport.h; module mirror; matched 1 path(s),op-level mapping unaudited for connection_write_ext_or_command,
L3:feature/relay/ext_orport_free_all,3_op,feature/relay,ext_orport_free_all,ext_orport.h,core/src/main/kotlin/org/kotlintor/pt/ExtOrPort.kt,D2,header ext_orport.h; module mirror; matched 1 path(s),op-level mapping unaudited for ext_orport_free_all,
L3:feature/relay/get_ext_or_auth_cookie_file_name,3_op,feature/relay,get_ext_or_auth_cookie_file_name,ext_orport.h,core/src/main/kotlin/org/kotlintor/pt/ExtOrPort.kt,D2,header ext_orport.h; module mirror; matched 1 path(s),op-level mapping unaudited for get_ext_or_auth_cookie_file_name,
L3:feature/relay/handle_client_auth_nonce,3_op,feature/relay,handle_client_auth_nonce,ext_orport.h,core/src/main/kotlin/org/kotlintor/pt/ExtOrPort.kt,D2,header ext_orport.h; module mirror; matched 1 path(s),op-level mapping unaudited for handle_client_auth_nonce,
L3:feature/relay/init_ext_or_cookie_authentication,3_op,feature/relay,init_ext_or_cookie_authentication,ext_orport.h,core/src/main/kotlin/org/kotlintor/pt/ExtOrPort.kt,D2,header ext_orport.h; module mirror; matched 1 path(s),op-level mapping unaudited for init_ext_or_cookie_authentication,
L3:feature/relay/clear_pending_onions,3_op,feature/relay,clear_pending_onions,onion_queue.h,core/src/main/kotlin/org/kotlintor/relay/OnionQueue.kt;core/src/main/kotlin/org/kotlintor/circuit/Onion.kt,D2,header onion_queue.h; module mirror; matched 2 path(s),op-level mapping unaudited for clear_pending_onions,
L3:feature/relay/onion_consensus_has_changed,3_op,feature/relay,onion_consensus_has_changed,onion_queue.h,core/src/main/kotlin/org/kotlintor/relay/OnionQueue.kt;core/src/main/kotlin/org/kotlintor/circuit/Onion.kt,D2,header onion_queue.h; module mirror; matched 2 path(s),op-level mapping unaudited for onion_consensus_has_changed,
L3:feature/relay/onion_next_task,3_op,feature/relay,onion_next_task,onion_queue.h,core/src/main/kotlin/org/kotlintor/relay/OnionQueue.kt;core/src/main/kotlin/org/kotlintor/circuit/Onion.kt,D2,header onion_queue.h; module mirror; matched 2 path(s),op-level mapping unaudited for onion_next_task,
L3:feature/relay/onion_num_pending,3_op,feature/relay,onion_num_pending,onion_queue.h,core/src/main/kotlin/org/kotlintor/relay/OnionQueue.kt;core/src/main/kotlin/org/kotlintor/circuit/Onion.kt,D2,header onion_queue.h; module mirror; matched 2 path(s),op-level mapping unaudited for onion_num_pending,
L3:feature/relay/onion_pending_add,3_op,feature/relay,onion_pending_add,onion_queue.h,core/src/main/kotlin/org/kotlintor/relay/OnionQueue.kt;core/src/main/kotlin/org/kotlintor/circuit/Onion.kt,D2,header onion_queue.h; module mirror; matched 2 path(s),op-level mapping unaudited for onion_pending_add,
L3:feature/relay/onion_pending_remove,3_op,feature/relay,onion_pending_remove,onion_queue.h,core/src/main/kotlin/org/kotlintor/relay/OnionQueue.kt;core/src/main/kotlin/org/kotlintor/circuit/Onion.kt,D2,header onion_queue.h; module mirror; matched 2 path(s),op-level mapping unaudited for onion_pending_remove,
L3:feature/relay/check_bridge_distribution_setting,3_op,feature/relay,check_bridge_distribution_setting,relay_config.h,core/src/main/kotlin/org/kotlintor/relay/RelayConfig.kt;core/src/main/kotlin/org/kotlintor/config/Config.kt;core/src/main/kotlin/org/kotlintor/circuit/Relay.kt;core/src/main/kotlin/org/kotlintor/relay/RelayConfigView.kt,D2,header relay_config.h; module mirror; matched 4 path(s),op-level mapping unaudited for check_bridge_distribution_setting,
L3:feature/relay/describe_relay_port,3_op,feature/relay,describe_relay_port,relay_config.h,core/src/main/kotlin/org/kotlintor/relay/RelayConfig.kt;core/src/main/kotlin/org/kotlintor/config/Config.kt;core/src/main/kotlin/org/kotlintor/circuit/Relay.kt;core/src/main/kotlin/org/kotlintor/relay/RelayConfigView.kt,D2,header relay_config.h; module mirror; matched 4 path(s),op-level mapping unaudited for describe_relay_port,
L3:feature/relay/have_enough_mem_for_dircache,3_op,feature/relay,have_enough_mem_for_dircache,relay_config.h,core/src/main/kotlin/org/kotlintor/relay/RelayConfig.kt;core/src/main/kotlin/org/kotlintor/config/Config.kt;core/src/main/kotlin/org/kotlintor/circuit/Relay.kt;core/src/main/kotlin/org/kotlintor/relay/RelayConfigView.kt,D2,header relay_config.h; module mirror; matched 4 path(s),op-level mapping unaudited for have_enough_mem_for_dircache,
L3:feature/relay/options_act_bridge_stats,3_op,feature/relay,options_act_bridge_stats,relay_config.h,core/src/main/kotlin/org/kotlintor/relay/RelayConfig.kt;core/src/main/kotlin/org/kotlintor/config/Config.kt;core/src/main/kotlin/org/kotlintor/circuit/Relay.kt;core/src/main/kotlin/org/kotlintor/relay/RelayConfigView.kt,D2,header relay_config.h; module mirror; matched 4 path(s),op-level mapping unaudited for options_act_bridge_stats,
L3:feature/relay/options_act_relay,3_op,feature/relay,options_act_relay,relay_config.h,core/src/main/kotlin/org/kotlintor/relay/RelayConfig.kt;core/src/main/kotlin/org/kotlintor/config/Config.kt;core/src/main/kotlin/org/kotlintor/circuit/Relay.kt;core/src/main/kotlin/org/kotlintor/relay/RelayConfigView.kt,D2,header relay_config.h; module mirror; matched 4 path(s),op-level mapping unaudited for options_act_relay,
L3:feature/relay/options_act_relay_accounting,3_op,feature/relay,options_act_relay_accounting,relay_config.h,core/src/main/kotlin/org/kotlintor/relay/RelayConfig.kt;core/src/main/kotlin/org/kotlintor/config/Config.kt;core/src/main/kotlin/org/kotlintor/circuit/Relay.kt;core/src/main/kotlin/org/kotlintor/relay/RelayConfigView.kt,D2,header relay_config.h; module mirror; matched 4 path(s),op-level mapping unaudited for options_act_relay_accounting,
L3:feature/relay/options_act_relay_bandwidth,3_op,feature/relay,options_act_relay_bandwidth,relay_config.h,core/src/main/kotlin/org/kotlintor/relay/RelayConfig.kt;core/src/main/kotlin/org/kotlintor/config/Config.kt;core/src/main/kotlin/org/kotlintor/circuit/Relay.kt;core/src/main/kotlin/org/kotlintor/relay/RelayConfigView.kt,D2,header relay_config.h; module mirror; matched 4 path(s),op-level mapping unaudited for options_act_relay_bandwidth,
L3:feature/relay/options_act_relay_desc,3_op,feature/relay,options_act_relay_desc,relay_config.h,core/src/main/kotlin/org/kotlintor/relay/RelayConfig.kt;core/src/main/kotlin/org/kotlintor/config/Config.kt;core/src/main/kotlin/org/kotlintor/circuit/Relay.kt;core/src/main/kotlin/org/kotlintor/relay/RelayConfigView.kt,D2,header relay_config.h; module mirror; matched 4 path(s),op-level mapping unaudited for options_act_relay_desc,
L3:feature/relay/options_act_relay_dir,3_op,feature/relay,options_act_relay_dir,relay_config.h,core/src/main/kotlin/org/kotlintor/relay/RelayConfig.kt;core/src/main/kotlin/org/kotlintor/config/Config.kt;core/src/main/kotlin/org/kotlintor/circuit/Relay.kt;core/src/main/kotlin/org/kotlintor/relay/RelayConfigView.kt,D2,header relay_config.h; module mirror; matched 4 path(s),op-level mapping unaudited for options_act_relay_dir,
L3:feature/relay/options_act_relay_dos,3_op,feature/relay,options_act_relay_dos,relay_config.h,core/src/main/kotlin/org/kotlintor/relay/RelayConfig.kt;core/src/main/kotlin/org/kotlintor/config/Config.kt;core/src/main/kotlin/org/kotlintor/circuit/Relay.kt;core/src/main/kotlin/org/kotlintor/relay/RelayConfigView.kt,D2,header relay_config.h; module mirror; matched 4 path(s),op-level mapping unaudited for options_act_relay_dos,
L3:feature/relay/options_act_relay_stats,3_op,feature/relay,options_act_relay_stats,relay_config.h,core/src/main/kotlin/org/kotlintor/relay/RelayConfig.kt;core/src/main/kotlin/org/kotlintor/config/Config.kt;core/src/main/kotlin/org/kotlintor/circuit/Relay.kt;core/src/main/kotlin/org/kotlintor/relay/RelayConfigView.kt,D2,header relay_config.h; module mirror; matched 4 path(s),op-level mapping unaudited for options_act_relay_stats,
L3:feature/relay/options_act_relay_stats_msg,3_op,feature/relay,options_act_relay_stats_msg,relay_config.h,core/src/main/kotlin/org/kotlintor/relay/RelayConfig.kt;core/src/main/kotlin/org/kotlintor/config/Config.kt;core/src/main/kotlin/org/kotlintor/circuit/Relay.kt;core/src/main/kotlin/org/kotlintor/relay/RelayConfigView.kt,D2,header relay_config.h; module mirror; matched 4 path(s),op-level mapping unaudited for options_act_relay_stats_msg,
L3:feature/relay/options_validate_publish_server,3_op,feature/relay,options_validate_publish_server,relay_config.h,core/src/main/kotlin/org/kotlintor/relay/RelayConfig.kt;core/src/main/kotlin/org/kotlintor/config/Config.kt;core/src/main/kotlin/org/kotlintor/circuit/Relay.kt;core/src/main/kotlin/org/kotlintor/relay/RelayConfigView.kt,D2,header relay_config.h; module mirror; matched 4 path(s),op-level mapping unaudited for options_validate_publish_server,
L3:feature/relay/options_validate_relay_accounting,3_op,feature/relay,options_validate_relay_accounting,relay_config.h,core/src/main/kotlin/org/kotlintor/relay/RelayConfig.kt;core/src/main/kotlin/org/kotlintor/config/Config.kt;core/src/main/kotlin/org/kotlintor/circuit/Relay.kt;core/src/main/kotlin/org/kotlintor/relay/RelayConfigView.kt,D2,header relay_config.h; module mirror; matched 4 path(s),op-level mapping unaudited for options_validate_relay_accounting,
L3:feature/relay/options_validate_relay_bandwidth,3_op,feature/relay,options_validate_relay_bandwidth,relay_config.h,core/src/main/kotlin/org/kotlintor/relay/RelayConfig.kt;core/src/main/kotlin/org/kotlintor/config/Config.kt;core/src/main/kotlin/org/kotlintor/circuit/Relay.kt;core/src/main/kotlin/org/kotlintor/relay/RelayConfigView.kt,D2,header relay_config.h; module mirror; matched 4 path(s),op-level mapping unaudited for options_validate_relay_bandwidth,
L3:feature/relay/options_validate_relay_info,3_op,feature/relay,options_validate_relay_info,relay_config.h,core/src/main/kotlin/org/kotlintor/relay/RelayConfig.kt;core/src/main/kotlin/org/kotlintor/config/Config.kt;core/src/main/kotlin/org/kotlintor/circuit/Relay.kt;core/src/main/kotlin/org/kotlintor/relay/RelayConfigView.kt,D2,header relay_config.h; module mirror; matched 4 path(s),op-level mapping unaudited for options_validate_relay_info,
L3:feature/relay/options_validate_relay_mode,3_op,feature/relay,options_validate_relay_mode,relay_config.h,core/src/main/kotlin/org/kotlintor/relay/RelayConfig.kt;core/src/main/kotlin/org/kotlintor/config/Config.kt;core/src/main/kotlin/org/kotlintor/circuit/Relay.kt;core/src/main/kotlin/org/kotlintor/relay/RelayConfigView.kt,D2,header relay_config.h; module mirror; matched 4 path(s),op-level mapping unaudited for options_validate_relay_mode,
L3:feature/relay/options_validate_relay_os,3_op,feature/relay,options_validate_relay_os,relay_config.h,core/src/main/kotlin/org/kotlintor/relay/RelayConfig.kt;core/src/main/kotlin/org/kotlintor/config/Config.kt;core/src/main/kotlin/org/kotlintor/circuit/Relay.kt;core/src/main/kotlin/org/kotlintor/relay/RelayConfigView.kt,D2,header relay_config.h; module mirror; matched 4 path(s),op-level mapping unaudited for options_validate_relay_os,
L3:feature/relay/options_validate_relay_padding,3_op,feature/relay,options_validate_relay_padding,relay_config.h,core/src/main/kotlin/org/kotlintor/relay/RelayConfig.kt;core/src/main/kotlin/org/kotlintor/config/Config.kt;core/src/main/kotlin/org/kotlintor/circuit/Relay.kt;core/src/main/kotlin/org/kotlintor/relay/RelayConfigView.kt,D2,header relay_config.h; module mirror; matched 4 path(s),op-level mapping unaudited for options_validate_relay_padding,
L3:feature/relay/options_validate_relay_testing,3_op,feature/relay,options_validate_relay_testing,relay_config.h,core/src/main/kotlin/org/kotlintor/relay/RelayConfig.kt;core/src/main/kotlin/org/kotlintor/config/Config.kt;core/src/main/kotlin/org/kotlintor/circuit/Relay.kt;core/src/main/kotlin/org/kotlintor/relay/RelayConfigView.kt,D2,header relay_config.h; module mirror; matched 4 path(s),op-level mapping unaudited for options_validate_relay_testing,
L3:feature/relay/port_parse_ports_relay,3_op,feature/relay,port_parse_ports_relay,relay_config.h,core/src/main/kotlin/org/kotlintor/relay/RelayConfig.kt;core/src/main/kotlin/org/kotlintor/config/Config.kt;core/src/main/kotlin/org/kotlintor/circuit/Relay.kt;core/src/main/kotlin/org/kotlintor/relay/RelayConfigView.kt,D2,header relay_config.h; module mirror; matched 4 path(s),op-level mapping unaudited for port_parse_ports_relay,
L3:feature/relay/port_update_port_set_relay,3_op,feature/relay,port_update_port_set_relay,relay_config.h,core/src/main/kotlin/org/kotlintor/relay/RelayConfig.kt;core/src/main/kotlin/org/kotlintor/config/Config.kt;core/src/main/kotlin/org/kotlintor/circuit/Relay.kt;core/src/main/kotlin/org/kotlintor/relay/RelayConfigView.kt,D2,header relay_config.h; module mirror; matched 4 path(s),op-level mapping unaudited for port_update_port_set_relay,
L3:feature/relay/port_warn_nonlocal_ext_orports,3_op,feature/relay,port_warn_nonlocal_ext_orports,relay_config.h,core/src/main/kotlin/org/kotlintor/relay/RelayConfig.kt;core/src/main/kotlin/org/kotlintor/config/Config.kt;core/src/main/kotlin/org/kotlintor/circuit/Relay.kt;core/src/main/kotlin/org/kotlintor/relay/RelayConfigView.kt,D2,header relay_config.h; module mirror; matched 4 path(s),op-level mapping unaudited for port_warn_nonlocal_ext_orports,
L3:feature/relay/relay_config_free_all,3_op,feature/relay,relay_config_free_all,relay_config.h,core/src/main/kotlin/org/kotlintor/relay/RelayConfig.kt;core/src/main/kotlin/org/kotlintor/config/Config.kt;core/src/main/kotlin/org/kotlintor/circuit/Relay.kt;core/src/main/kotlin/org/kotlintor/relay/RelayConfigView.kt,D2,header relay_config.h; module mirror; matched 4 path(s),op-level mapping unaudited for relay_config_free_all,
L3:feature/relay/relay_get_effective_bwburst,3_op,feature/relay,relay_get_effective_bwburst,relay_config.h,core/src/main/kotlin/org/kotlintor/relay/RelayConfig.kt;core/src/main/kotlin/org/kotlintor/config/Config.kt;core/src/main/kotlin/org/kotlintor/circuit/Relay.kt;core/src/main/kotlin/org/kotlintor/relay/RelayConfigView.kt,D2,header relay_config.h; module mirror; matched 4 path(s),op-level mapping unaudited for relay_get_effective_bwburst,
L3:feature/relay/relay_addr_learn_from_dirauth,3_op,feature/relay,relay_addr_learn_from_dirauth,relay_find_addr.h,core/src/main/kotlin/org/kotlintor/relay/RelayFindAddr.kt;core/src/main/kotlin/org/kotlintor/circuit/Relay.kt,D2,header relay_find_addr.h; module mirror; matched 2 path(s),op-level mapping unaudited for relay_addr_learn_from_dirauth,
L3:feature/relay/relay_address_new_suggestion,3_op,feature/relay,relay_address_new_suggestion,relay_find_addr.h,core/src/main/kotlin/org/kotlintor/relay/RelayFindAddr.kt;core/src/main/kotlin/org/kotlintor/circuit/Relay.kt,D2,header relay_find_addr.h; module mirror; matched 2 path(s),op-level mapping unaudited for relay_address_new_suggestion,
L3:feature/relay/authchallenge_type_is_better,3_op,feature/relay,authchallenge_type_is_better,relay_handshake.h,core/src/main/kotlin/org/kotlintor/relay/RelayHandshake.kt;core/src/main/kotlin/org/kotlintor/circuit/Relay.kt,D2,header relay_handshake.h; module mirror; matched 2 path(s),op-level mapping unaudited for authchallenge_type_is_better,
L3:feature/relay/authchallenge_type_is_supported,3_op,feature/relay,authchallenge_type_is_supported,relay_handshake.h,core/src/main/kotlin/org/kotlintor/relay/RelayHandshake.kt;core/src/main/kotlin/org/kotlintor/circuit/Relay.kt,D2,header relay_handshake.h; module mirror; matched 2 path(s),op-level mapping unaudited for authchallenge_type_is_supported,
L3:feature/relay/connection_or_compute_authenticate_cell_body,3_op,feature/relay,connection_or_compute_authenticate_cell_body,relay_handshake.h,core/src/main/kotlin/org/kotlintor/relay/RelayHandshake.kt;core/src/main/kotlin/org/kotlintor/circuit/Relay.kt,D2,header relay_handshake.h; module mirror; matched 2 path(s),op-level mapping unaudited for connection_or_compute_authenticate_cell_body,
L3:feature/relay/connection_or_send_auth_challenge_cell,3_op,feature/relay,connection_or_send_auth_challenge_cell,relay_handshake.h,core/src/main/kotlin/org/kotlintor/relay/RelayHandshake.kt;core/src/main/kotlin/org/kotlintor/circuit/Relay.kt,D2,header relay_handshake.h; module mirror; matched 2 path(s),op-level mapping unaudited for connection_or_send_auth_challenge_cell,
L3:feature/relay/connection_or_send_certs_cell,3_op,feature/relay,connection_or_send_certs_cell,relay_handshake.h,core/src/main/kotlin/org/kotlintor/relay/RelayHandshake.kt;core/src/main/kotlin/org/kotlintor/circuit/Relay.kt,D2,header relay_handshake.h; module mirror; matched 2 path(s),op-level mapping unaudited for connection_or_send_certs_cell,
L3:feature/relay/relay_increment_est_intro_action,3_op,feature/relay,relay_increment_est_intro_action,relay_metrics.h,core/src/main/kotlin/org/kotlintor/relay/RelayMetrics.kt;core/src/main/kotlin/org/kotlintor/circuit/Relay.kt;core/src/main/kotlin/org/kotlintor/metrics/Metrics.kt,D2,header relay_metrics.h; module mirror; matched 3 path(s),op-level mapping unaudited for relay_increment_est_intro_action,
L3:feature/relay/relay_increment_est_rend_action,3_op,feature/relay,relay_increment_est_rend_action,relay_metrics.h,core/src/main/kotlin/org/kotlintor/relay/RelayMetrics.kt;core/src/main/kotlin/org/kotlintor/circuit/Relay.kt;core/src/main/kotlin/org/kotlintor/metrics/Metrics.kt,D2,header relay_metrics.h; module mirror; matched 3 path(s),op-level mapping unaudited for relay_increment_est_rend_action,
L3:feature/relay/relay_increment_intro1_action,3_op,feature/relay,relay_increment_intro1_action,relay_metrics.h,core/src/main/kotlin/org/kotlintor/relay/RelayMetrics.kt;core/src/main/kotlin/org/kotlintor/circuit/Relay.kt;core/src/main/kotlin/org/kotlintor/metrics/Metrics.kt,D2,header relay_metrics.h; module mirror; matched 3 path(s),op-level mapping unaudited for relay_increment_intro1_action,
L3:feature/relay/relay_increment_rend1_action,3_op,feature/relay,relay_increment_rend1_action,relay_metrics.h,core/src/main/kotlin/org/kotlintor/relay/RelayMetrics.kt;core/src/main/kotlin/org/kotlintor/circuit/Relay.kt;core/src/main/kotlin/org/kotlintor/metrics/Metrics.kt,D2,header relay_metrics.h; module mirror; matched 3 path(s),op-level mapping unaudited for relay_increment_rend1_action,
L3:feature/relay/relay_metrics_free,3_op,feature/relay,relay_metrics_free,relay_metrics.h,core/src/main/kotlin/org/kotlintor/relay/RelayMetrics.kt;core/src/main/kotlin/org/kotlintor/circuit/Relay.kt;core/src/main/kotlin/org/kotlintor/metrics/Metrics.kt,D2,header relay_metrics.h; module mirror; matched 3 path(s),op-level mapping unaudited for relay_metrics_free,
L3:feature/relay/relay_metrics_get_stores,3_op,feature/relay,relay_metrics_get_stores,relay_metrics.h,core/src/main/kotlin/org/kotlintor/relay/RelayMetrics.kt;core/src/main/kotlin/org/kotlintor/circuit/Relay.kt;core/src/main/kotlin/org/kotlintor/metrics/Metrics.kt,D2,header relay_metrics.h; module mirror; matched 3 path(s),op-level mapping unaudited for relay_metrics_get_stores,
L3:feature/relay/relay_metrics_init,3_op,feature/relay,relay_metrics_init,relay_metrics.h,core/src/main/kotlin/org/kotlintor/relay/RelayMetrics.kt;core/src/main/kotlin/org/kotlintor/circuit/Relay.kt;core/src/main/kotlin/org/kotlintor/metrics/Metrics.kt,D2,header relay_metrics.h; module mirror; matched 3 path(s),op-level mapping unaudited for relay_metrics_init,
L3:feature/relay/relay_register_periodic_events,3_op,feature/relay,relay_register_periodic_events,relay_periodic.h,core/src/main/kotlin/org/kotlintor/relay/RelayPeriodic.kt;core/src/main/kotlin/org/kotlintor/circuit/Relay.kt;core/src/main/kotlin/org/kotlintor/mainloop/Periodic.kt,D2,header relay_periodic.h; module mirror; matched 3 path(s),op-level mapping unaudited for relay_register_periodic_events,
L3:feature/relay/reschedule_descriptor_update_check,3_op,feature/relay,reschedule_descriptor_update_check,relay_periodic.h,core/src/main/kotlin/org/kotlintor/relay/RelayPeriodic.kt;core/src/main/kotlin/org/kotlintor/circuit/Relay.kt;core/src/main/kotlin/org/kotlintor/mainloop/Periodic.kt,D2,header relay_periodic.h; module mirror; matched 3 path(s),op-level mapping unaudited for reschedule_descriptor_update_check,
L3:feature/relay/check_descriptor_bandwidth_changed,3_op,feature/relay,check_descriptor_bandwidth_changed,router.h,core/src/main/kotlin/org/kotlintor/relay/Router.kt;core/src/main/kotlin/org/kotlintor/dir/FmtRouterStatus.kt;core/src/main/kotlin/org/kotlintor/dir/RouterParse.kt;core/src/main/kotlin/org/kotlintor/dir/RouterList.kt;core/src/main/kotlin/org/kotlintor/dir/RouterSet.kt,D2,header router.h; module mirror; matched 9 path(s),op-level mapping unaudited for check_descriptor_bandwidth_changed,
L3:feature/relay/check_descriptor_ipaddress_changed,3_op,feature/relay,check_descriptor_ipaddress_changed,router.h,core/src/main/kotlin/org/kotlintor/relay/Router.kt;core/src/main/kotlin/org/kotlintor/dir/FmtRouterStatus.kt;core/src/main/kotlin/org/kotlintor/dir/RouterParse.kt;core/src/main/kotlin/org/kotlintor/dir/RouterList.kt;core/src/main/kotlin/org/kotlintor/dir/RouterSet.kt,D2,header router.h; module mirror; matched 9 path(s),op-level mapping unaudited for check_descriptor_ipaddress_changed,
L3:feature/relay/client_identity_key_is_set,3_op,feature/relay,client_identity_key_is_set,router.h,core/src/main/kotlin/org/kotlintor/relay/Router.kt;core/src/main/kotlin/org/kotlintor/dir/FmtRouterStatus.kt;core/src/main/kotlin/org/kotlintor/dir/RouterParse.kt;core/src/main/kotlin/org/kotlintor/dir/RouterList.kt;core/src/main/kotlin/org/kotlintor/dir/RouterSet.kt,D2,header router.h; module mirror; matched 9 path(s),op-level mapping unaudited for client_identity_key_is_set,
L3:feature/relay/consider_publishable_server,3_op,feature/relay,consider_publishable_server,router.h,core/src/main/kotlin/org/kotlintor/relay/Router.kt;core/src/main/kotlin/org/kotlintor/dir/FmtRouterStatus.kt;core/src/main/kotlin/org/kotlintor/dir/RouterParse.kt;core/src/main/kotlin/org/kotlintor/dir/RouterList.kt;core/src/main/kotlin/org/kotlintor/dir/RouterSet.kt,D2,header router.h; module mirror; matched 9 path(s),op-level mapping unaudited for consider_publishable_server,
L3:feature/relay/construct_ntor_key_map,3_op,feature/relay,construct_ntor_key_map,router.h,core/src/main/kotlin/org/kotlintor/relay/Router.kt;core/src/main/kotlin/org/kotlintor/dir/FmtRouterStatus.kt;core/src/main/kotlin/org/kotlintor/dir/RouterParse.kt;core/src/main/kotlin/org/kotlintor/dir/RouterList.kt;core/src/main/kotlin/org/kotlintor/dir/RouterSet.kt,D2,header router.h; module mirror; matched 9 path(s),op-level mapping unaudited for construct_ntor_key_map,
L3:feature/relay/dup_onion_keys,3_op,feature/relay,dup_onion_keys,router.h,core/src/main/kotlin/org/kotlintor/relay/Router.kt;core/src/main/kotlin/org/kotlintor/dir/FmtRouterStatus.kt;core/src/main/kotlin/org/kotlintor/dir/RouterParse.kt;core/src/main/kotlin/org/kotlintor/dir/RouterList.kt;core/src/main/kotlin/org/kotlintor/dir/RouterSet.kt,D2,header router.h; module mirror; matched 9 path(s),op-level mapping unaudited for dup_onion_keys,
L3:feature/relay/expire_old_onion_keys,3_op,feature/relay,expire_old_onion_keys,router.h,core/src/main/kotlin/org/kotlintor/relay/Router.kt;core/src/main/kotlin/org/kotlintor/dir/FmtRouterStatus.kt;core/src/main/kotlin/org/kotlintor/dir/RouterParse.kt;core/src/main/kotlin/org/kotlintor/dir/RouterList.kt;core/src/main/kotlin/org/kotlintor/dir/RouterSet.kt,D2,header router.h; module mirror; matched 9 path(s),op-level mapping unaudited for expire_old_onion_keys,
L3:feature/relay/extrainfo_dump_to_string,3_op,feature/relay,extrainfo_dump_to_string,router.h,core/src/main/kotlin/org/kotlintor/relay/Router.kt;core/src/main/kotlin/org/kotlintor/dir/FmtRouterStatus.kt;core/src/main/kotlin/org/kotlintor/dir/RouterParse.kt;core/src/main/kotlin/org/kotlintor/dir/RouterList.kt;core/src/main/kotlin/org/kotlintor/dir/RouterSet.kt,D2,header router.h; module mirror; matched 9 path(s),op-level mapping unaudited for extrainfo_dump_to_string,
L3:feature/relay/get_my_declared_family,3_op,feature/relay,get_my_declared_family,router.h,core/src/main/kotlin/org/kotlintor/relay/Router.kt;core/src/main/kotlin/org/kotlintor/dir/FmtRouterStatus.kt;core/src/main/kotlin/org/kotlintor/dir/RouterParse.kt;core/src/main/kotlin/org/kotlintor/dir/RouterList.kt;core/src/main/kotlin/org/kotlintor/dir/RouterSet.kt,D2,header router.h; module mirror; matched 9 path(s),op-level mapping unaudited for get_my_declared_family,
L3:feature/relay/get_my_v3_authority_signing_key,3_op,feature/relay,get_my_v3_authority_signing_key,router.h,core/src/main/kotlin/org/kotlintor/relay/Router.kt;core/src/main/kotlin/org/kotlintor/dir/FmtRouterStatus.kt;core/src/main/kotlin/org/kotlintor/dir/RouterParse.kt;core/src/main/kotlin/org/kotlintor/dir/RouterList.kt;core/src/main/kotlin/org/kotlintor/dir/RouterSet.kt,D2,header router.h; module mirror; matched 9 path(s),op-level mapping unaudited for get_my_v3_authority_signing_key,
L3:feature/relay/get_my_v3_legacy_cert,3_op,feature/relay,get_my_v3_legacy_cert,router.h,core/src/main/kotlin/org/kotlintor/relay/Router.kt;core/src/main/kotlin/org/kotlintor/dir/FmtRouterStatus.kt;core/src/main/kotlin/org/kotlintor/dir/RouterParse.kt;core/src/main/kotlin/org/kotlintor/dir/RouterList.kt;core/src/main/kotlin/org/kotlintor/dir/RouterSet.kt,D2,header router.h; module mirror; matched 9 path(s),op-level mapping unaudited for get_my_v3_legacy_cert,
L3:feature/relay/get_my_v3_legacy_signing_key,3_op,feature/relay,get_my_v3_legacy_signing_key,router.h,core/src/main/kotlin/org/kotlintor/relay/Router.kt;core/src/main/kotlin/org/kotlintor/dir/FmtRouterStatus.kt;core/src/main/kotlin/org/kotlintor/dir/RouterParse.kt;core/src/main/kotlin/org/kotlintor/dir/RouterList.kt;core/src/main/kotlin/org/kotlintor/dir/RouterSet.kt,D2,header router.h; module mirror; matched 9 path(s),op-level mapping unaudited for get_my_v3_legacy_signing_key,
L3:feature/relay/get_onion_key_grace_period,3_op,feature/relay,get_onion_key_grace_period,router.h,core/src/main/kotlin/org/kotlintor/relay/Router.kt;core/src/main/kotlin/org/kotlintor/dir/FmtRouterStatus.kt;core/src/main/kotlin/org/kotlintor/dir/RouterParse.kt;core/src/main/kotlin/org/kotlintor/dir/RouterList.kt;core/src/main/kotlin/org/kotlintor/dir/RouterSet.kt,D2,header router.h; module mirror; matched 9 path(s),op-level mapping unaudited for get_onion_key_grace_period,
L3:feature/relay/get_onion_key_lifetime,3_op,feature/relay,get_onion_key_lifetime,router.h,core/src/main/kotlin/org/kotlintor/relay/Router.kt;core/src/main/kotlin/org/kotlintor/dir/FmtRouterStatus.kt;core/src/main/kotlin/org/kotlintor/dir/RouterParse.kt;core/src/main/kotlin/org/kotlintor/dir/RouterList.kt;core/src/main/kotlin/org/kotlintor/dir/RouterSet.kt,D2,header router.h; module mirror; matched 9 path(s),op-level mapping unaudited for get_onion_key_lifetime,
L3:feature/relay/get_onion_key_set_at,3_op,feature/relay,get_onion_key_set_at,router.h,core/src/main/kotlin/org/kotlintor/relay/Router.kt;core/src/main/kotlin/org/kotlintor/dir/FmtRouterStatus.kt;core/src/main/kotlin/org/kotlintor/dir/RouterParse.kt;core/src/main/kotlin/org/kotlintor/dir/RouterList.kt;core/src/main/kotlin/org/kotlintor/dir/RouterSet.kt,D2,header router.h; module mirror; matched 9 path(s),op-level mapping unaudited for get_onion_key_set_at,
L3:feature/relay/get_platform_str,3_op,feature/relay,get_platform_str,router.h,core/src/main/kotlin/org/kotlintor/relay/Router.kt;core/src/main/kotlin/org/kotlintor/dir/FmtRouterStatus.kt;core/src/main/kotlin/org/kotlintor/dir/RouterParse.kt;core/src/main/kotlin/org/kotlintor/dir/RouterList.kt;core/src/main/kotlin/org/kotlintor/dir/RouterSet.kt,D2,header router.h; module mirror; matched 9 path(s),op-level mapping unaudited for get_platform_str,
L3:feature/relay/get_tlsclient_identity_key,3_op,feature/relay,get_tlsclient_identity_key,router.h,core/src/main/kotlin/org/kotlintor/relay/Router.kt;core/src/main/kotlin/org/kotlintor/dir/FmtRouterStatus.kt;core/src/main/kotlin/org/kotlintor/dir/RouterParse.kt;core/src/main/kotlin/org/kotlintor/dir/RouterList.kt;core/src/main/kotlin/org/kotlintor/dir/RouterSet.kt,D2,header router.h; module mirror; matched 9 path(s),op-level mapping unaudited for get_tlsclient_identity_key,
L3:feature/relay/init_curve25519_keypair_from_file,3_op,feature/relay,init_curve25519_keypair_from_file,router.h,core/src/main/kotlin/org/kotlintor/relay/Router.kt;core/src/main/kotlin/org/kotlintor/dir/FmtRouterStatus.kt;core/src/main/kotlin/org/kotlintor/dir/RouterParse.kt;core/src/main/kotlin/org/kotlintor/dir/RouterList.kt;core/src/main/kotlin/org/kotlintor/dir/RouterSet.kt,D2,header router.h; module mirror; matched 9 path(s),op-level mapping unaudited for init_curve25519_keypair_from_file,
L3:feature/relay/init_keys,3_op,feature/relay,init_keys,router.h,core/src/main/kotlin/org/kotlintor/relay/Router.kt;core/src/main/kotlin/org/kotlintor/dir/FmtRouterStatus.kt;core/src/main/kotlin/org/kotlintor/dir/RouterParse.kt;core/src/main/kotlin/org/kotlintor/dir/RouterList.kt;core/src/main/kotlin/org/kotlintor/dir/RouterSet.kt,D2,header router.h; module mirror; matched 9 path(s),op-level mapping unaudited for init_keys,
L3:feature/relay/init_keys_client,3_op,feature/relay,init_keys_client,router.h,core/src/main/kotlin/org/kotlintor/relay/Router.kt;core/src/main/kotlin/org/kotlintor/dir/FmtRouterStatus.kt;core/src/main/kotlin/org/kotlintor/dir/RouterParse.kt;core/src/main/kotlin/org/kotlintor/dir/RouterList.kt;core/src/main/kotlin/org/kotlintor/dir/RouterSet.kt,D2,header router.h; module mirror; matched 9 path(s),op-level mapping unaudited for init_keys_client,
L3:feature/relay/load_stats_file,3_op,feature/relay,load_stats_file,router.h,core/src/main/kotlin/org/kotlintor/relay/Router.kt;core/src/main/kotlin/org/kotlintor/dir/FmtRouterStatus.kt;core/src/main/kotlin/org/kotlintor/dir/RouterParse.kt;core/src/main/kotlin/org/kotlintor/dir/RouterList.kt;core/src/main/kotlin/org/kotlintor/dir/RouterSet.kt,D2,header router.h; module mirror; matched 9 path(s),op-level mapping unaudited for load_stats_file,
L3:feature/relay/log_addr_has_changed,3_op,feature/relay,log_addr_has_changed,router.h,core/src/main/kotlin/org/kotlintor/relay/Router.kt;core/src/main/kotlin/org/kotlintor/dir/FmtRouterStatus.kt;core/src/main/kotlin/org/kotlintor/dir/RouterParse.kt;core/src/main/kotlin/org/kotlintor/dir/RouterList.kt;core/src/main/kotlin/org/kotlintor/dir/RouterSet.kt,D2,header router.h; module mirror; matched 9 path(s),op-level mapping unaudited for log_addr_has_changed,
L3:feature/relay/mark_my_descriptor_dirty,3_op,feature/relay,mark_my_descriptor_dirty,router.h,core/src/main/kotlin/org/kotlintor/relay/Router.kt;core/src/main/kotlin/org/kotlintor/dir/FmtRouterStatus.kt;core/src/main/kotlin/org/kotlintor/dir/RouterParse.kt;core/src/main/kotlin/org/kotlintor/dir/RouterList.kt;core/src/main/kotlin/org/kotlintor/dir/RouterSet.kt,D2,header router.h; module mirror; matched 9 path(s),op-level mapping unaudited for mark_my_descriptor_dirty,
L3:feature/relay/mark_my_descriptor_dirty_if_too_old,3_op,feature/relay,mark_my_descriptor_dirty_if_too_old,router.h,core/src/main/kotlin/org/kotlintor/relay/Router.kt;core/src/main/kotlin/org/kotlintor/dir/FmtRouterStatus.kt;core/src/main/kotlin/org/kotlintor/dir/RouterParse.kt;core/src/main/kotlin/org/kotlintor/dir/RouterList.kt;core/src/main/kotlin/org/kotlintor/dir/RouterSet.kt,D2,header router.h; module mirror; matched 9 path(s),op-level mapping unaudited for mark_my_descriptor_dirty_if_too_old,
L3:feature/relay/mark_my_descriptor_if_omit_ipv6_changes,3_op,feature/relay,mark_my_descriptor_if_omit_ipv6_changes,router.h,core/src/main/kotlin/org/kotlintor/relay/Router.kt;core/src/main/kotlin/org/kotlintor/dir/FmtRouterStatus.kt;core/src/main/kotlin/org/kotlintor/dir/RouterParse.kt;core/src/main/kotlin/org/kotlintor/dir/RouterList.kt;core/src/main/kotlin/org/kotlintor/dir/RouterSet.kt,D2,header router.h; module mirror; matched 9 path(s),op-level mapping unaudited for mark_my_descriptor_if_omit_ipv6_changes,
L3:feature/relay/create_family_id_key,3_op,feature/relay,create_family_id_key,routerkeys.h,core/src/main/kotlin/org/kotlintor/relay/RouterKeys.kt;core/src/main/kotlin/org/kotlintor/relay/Router.kt,D2,header routerkeys.h; module mirror; matched 2 path(s),op-level mapping unaudited for create_family_id_key,
L3:feature/relay/generate_ed_link_cert,3_op,feature/relay,generate_ed_link_cert,routerkeys.h,core/src/main/kotlin/org/kotlintor/relay/RouterKeys.kt;core/src/main/kotlin/org/kotlintor/relay/Router.kt,D2,header routerkeys.h; module mirror; matched 2 path(s),op-level mapping unaudited for generate_ed_link_cert,
L3:feature/relay/get_current_auth_key_cert,3_op,feature/relay,get_current_auth_key_cert,routerkeys.h,core/src/main/kotlin/org/kotlintor/relay/RouterKeys.kt;core/src/main/kotlin/org/kotlintor/relay/Router.kt,D2,header routerkeys.h; module mirror; matched 2 path(s),op-level mapping unaudited for get_current_auth_key_cert,
L3:feature/relay/get_current_auth_keypair,3_op,feature/relay,get_current_auth_keypair,routerkeys.h,core/src/main/kotlin/org/kotlintor/relay/RouterKeys.kt;core/src/main/kotlin/org/kotlintor/relay/Router.kt,D2,header routerkeys.h; module mirror; matched 2 path(s),op-level mapping unaudited for get_current_auth_keypair,
L3:feature/relay/get_current_family_id_keys,3_op,feature/relay,get_current_family_id_keys,routerkeys.h,core/src/main/kotlin/org/kotlintor/relay/RouterKeys.kt;core/src/main/kotlin/org/kotlintor/relay/Router.kt,D2,header routerkeys.h; module mirror; matched 2 path(s),op-level mapping unaudited for get_current_family_id_keys,
L3:feature/relay/get_current_link_cert_cert,3_op,feature/relay,get_current_link_cert_cert,routerkeys.h,core/src/main/kotlin/org/kotlintor/relay/RouterKeys.kt;core/src/main/kotlin/org/kotlintor/relay/Router.kt,D2,header routerkeys.h; module mirror; matched 2 path(s),op-level mapping unaudited for get_current_link_cert_cert,
L3:feature/relay/get_master_identity_key,3_op,feature/relay,get_master_identity_key,routerkeys.h,core/src/main/kotlin/org/kotlintor/relay/RouterKeys.kt;core/src/main/kotlin/org/kotlintor/relay/Router.kt,D2,header routerkeys.h; module mirror; matched 2 path(s),op-level mapping unaudited for get_master_identity_key,
L3:feature/relay/get_master_identity_keypair,3_op,feature/relay,get_master_identity_keypair,routerkeys.h,core/src/main/kotlin/org/kotlintor/relay/RouterKeys.kt;core/src/main/kotlin/org/kotlintor/relay/Router.kt,D2,header routerkeys.h; module mirror; matched 2 path(s),op-level mapping unaudited for get_master_identity_keypair,
L3:feature/relay/get_master_rsa_crosscert,3_op,feature/relay,get_master_rsa_crosscert,routerkeys.h,core/src/main/kotlin/org/kotlintor/relay/RouterKeys.kt;core/src/main/kotlin/org/kotlintor/relay/Router.kt,D2,header routerkeys.h; module mirror; matched 2 path(s),op-level mapping unaudited for get_master_rsa_crosscert,
L3:feature/relay/init_mock_ed_keys,3_op,feature/relay,init_mock_ed_keys,routerkeys.h,core/src/main/kotlin/org/kotlintor/relay/RouterKeys.kt;core/src/main/kotlin/org/kotlintor/relay/Router.kt,D2,header routerkeys.h; module mirror; matched 2 path(s),op-level mapping unaudited for init_mock_ed_keys,
L3:feature/relay/is_family_key_fname,3_op,feature/relay,is_family_key_fname,routerkeys.h,core/src/main/kotlin/org/kotlintor/relay/RouterKeys.kt;core/src/main/kotlin/org/kotlintor/relay/Router.kt,D2,header routerkeys.h; module mirror; matched 2 path(s),op-level mapping unaudited for is_family_key_fname,
L3:feature/relay/list_family_key_files,3_op,feature/relay,list_family_key_files,routerkeys.h,core/src/main/kotlin/org/kotlintor/relay/RouterKeys.kt;core/src/main/kotlin/org/kotlintor/relay/Router.kt,D2,header routerkeys.h; module mirror; matched 2 path(s),op-level mapping unaudited for list_family_key_files,
L3:feature/relay/load_ed_keys,3_op,feature/relay,load_ed_keys,routerkeys.h,core/src/main/kotlin/org/kotlintor/relay/RouterKeys.kt;core/src/main/kotlin/org/kotlintor/relay/Router.kt,D2,header routerkeys.h; module mirror; matched 2 path(s),op-level mapping unaudited for load_ed_keys,
L3:feature/relay/load_family_id_keys,3_op,feature/relay,load_family_id_keys,routerkeys.h,core/src/main/kotlin/org/kotlintor/relay/RouterKeys.kt;core/src/main/kotlin/org/kotlintor/relay/Router.kt,D2,header routerkeys.h; module mirror; matched 2 path(s),op-level mapping unaudited for load_family_id_keys,
L3:feature/relay/load_family_id_keys_impl,3_op,feature/relay,load_family_id_keys_impl,routerkeys.h,core/src/main/kotlin/org/kotlintor/relay/RouterKeys.kt;core/src/main/kotlin/org/kotlintor/relay/Router.kt,D2,header routerkeys.h; module mirror; matched 2 path(s),op-level mapping unaudited for load_family_id_keys_impl,
L3:feature/relay/log_cert_expiration,3_op,feature/relay,log_cert_expiration,routerkeys.h,core/src/main/kotlin/org/kotlintor/relay/RouterKeys.kt;core/src/main/kotlin/org/kotlintor/relay/Router.kt,D2,header routerkeys.h; module mirror; matched 2 path(s),op-level mapping unaudited for log_cert_expiration,
L3:feature/relay/make_ntor_onion_key_crosscert,3_op,feature/relay,make_ntor_onion_key_crosscert,routerkeys.h,core/src/main/kotlin/org/kotlintor/relay/RouterKeys.kt;core/src/main/kotlin/org/kotlintor/relay/Router.kt,D2,header routerkeys.h; module mirror; matched 2 path(s),op-level mapping unaudited for make_ntor_onion_key_crosscert,
L3:feature/relay/make_tap_onion_key_crosscert,3_op,feature/relay,make_tap_onion_key_crosscert,routerkeys.h,core/src/main/kotlin/org/kotlintor/relay/RouterKeys.kt;core/src/main/kotlin/org/kotlintor/relay/Router.kt,D2,header routerkeys.h; module mirror; matched 2 path(s),op-level mapping unaudited for make_tap_onion_key_crosscert,
L3:feature/relay/router_ed25519_id_is_me,3_op,feature/relay,router_ed25519_id_is_me,routerkeys.h,core/src/main/kotlin/org/kotlintor/relay/RouterKeys.kt;core/src/main/kotlin/org/kotlintor/relay/Router.kt,D2,header routerkeys.h; module mirror; matched 2 path(s),op-level mapping unaudited for router_ed25519_id_is_me,
L3:feature/relay/routerkeys_free_all,3_op,feature/relay,routerkeys_free_all,routerkeys.h,core/src/main/kotlin/org/kotlintor/relay/RouterKeys.kt;core/src/main/kotlin/org/kotlintor/relay/Router.kt,D2,header routerkeys.h; module mirror; matched 2 path(s),op-level mapping unaudited for routerkeys_free_all,
L3:feature/relay/set_family_id_keys,3_op,feature/relay,set_family_id_keys,routerkeys.h,core/src/main/kotlin/org/kotlintor/relay/RouterKeys.kt;core/src/main/kotlin/org/kotlintor/relay/Router.kt,D2,header routerkeys.h; module mirror; matched 2 path(s),op-level mapping unaudited for set_family_id_keys,
L3:feature/relay/should_make_new_ed_keys,3_op,feature/relay,should_make_new_ed_keys,routerkeys.h,core/src/main/kotlin/org/kotlintor/relay/RouterKeys.kt;core/src/main/kotlin/org/kotlintor/relay/Router.kt,D2,header routerkeys.h; module mirror; matched 2 path(s),op-level mapping unaudited for should_make_new_ed_keys,
L3:feature/relay/warn_about_family_id_config,3_op,feature/relay,warn_about_family_id_config,routerkeys.h,core/src/main/kotlin/org/kotlintor/relay/RouterKeys.kt;core/src/main/kotlin/org/kotlintor/relay/Router.kt,D2,header routerkeys.h; module mirror; matched 2 path(s),op-level mapping unaudited for warn_about_family_id_config,
L3:feature/relay/dir_server_mode,3_op,feature/relay,dir_server_mode,routermode.h,core/src/main/kotlin/org/kotlintor/relay/RouterMode.kt;core/src/main/kotlin/org/kotlintor/relay/Router.kt,D2,header routermode.h; module mirror; matched 2 path(s),op-level mapping unaudited for dir_server_mode,
L3:feature/relay/set_server_advertised,3_op,feature/relay,set_server_advertised,routermode.h,core/src/main/kotlin/org/kotlintor/relay/RouterMode.kt;core/src/main/kotlin/org/kotlintor/relay/Router.kt,D2,header routermode.h; module mirror; matched 2 path(s),op-level mapping unaudited for set_server_advertised,
L3:feature/relay/router_do_reachability_checks,3_op,feature/relay,router_do_reachability_checks,selftest.h,core/src/main/kotlin/org/kotlintor/relay/Selftest.kt,D2,header selftest.h; module mirror; matched 1 path(s),op-level mapping unaudited for router_do_reachability_checks,
L3:feature/relay/router_orport_found_reachable,3_op,feature/relay,router_orport_found_reachable,selftest.h,core/src/main/kotlin/org/kotlintor/relay/Selftest.kt,D2,header selftest.h; module mirror; matched 1 path(s),op-level mapping unaudited for router_orport_found_reachable,
L3:feature/relay/router_orport_seems_reachable,3_op,feature/relay,router_orport_seems_reachable,selftest.h,core/src/main/kotlin/org/kotlintor/relay/Selftest.kt,D2,header selftest.h; module mirror; matched 1 path(s),op-level mapping unaudited for router_orport_seems_reachable,
L3:feature/relay/router_perform_bandwidth_test,3_op,feature/relay,router_perform_bandwidth_test,selftest.h,core/src/main/kotlin/org/kotlintor/relay/Selftest.kt,D2,header selftest.h; module mirror; matched 1 path(s),op-level mapping unaudited for router_perform_bandwidth_test,
L3:feature/relay/router_reset_reachability,3_op,feature/relay,router_reset_reachability,selftest.h,core/src/main/kotlin/org/kotlintor/relay/Selftest.kt,D2,header selftest.h; module mirror; matched 1 path(s),op-level mapping unaudited for router_reset_reachability,
L3:feature/relay/get_options_from_transport_options_line,3_op,feature/relay,get_options_from_transport_options_line,transport_config.h,core/src/main/kotlin/org/kotlintor/relay/TransportConfig.kt;core/src/main/kotlin/org/kotlintor/config/Config.kt,D2,header transport_config.h; module mirror; matched 2 path(s),op-level mapping unaudited for get_options_from_transport_options_line,
L3:feature/relay/options_act_server_transport,3_op,feature/relay,options_act_server_transport,transport_config.h,core/src/main/kotlin/org/kotlintor/relay/TransportConfig.kt;core/src/main/kotlin/org/kotlintor/config/Config.kt,D2,header transport_config.h; module mirror; matched 2 path(s),op-level mapping unaudited for options_act_server_transport,
L3:feature/relay/options_validate_server_transport,3_op,feature/relay,options_validate_server_transport,transport_config.h,core/src/main/kotlin/org/kotlintor/relay/TransportConfig.kt;core/src/main/kotlin/org/kotlintor/config/Config.kt,D2,header transport_config.h; module mirror; matched 2 path(s),op-level mapping unaudited for options_validate_server_transport,
L3:feature/relay/pt_get_bindaddr_from_config,3_op,feature/relay,pt_get_bindaddr_from_config,transport_config.h,core/src/main/kotlin/org/kotlintor/relay/TransportConfig.kt;core/src/main/kotlin/org/kotlintor/config/Config.kt,D2,header transport_config.h; module mirror; matched 2 path(s),op-level mapping unaudited for pt_get_bindaddr_from_config,
L3:feature/relay/pt_get_options_for_server_transport,3_op,feature/relay,pt_get_options_for_server_transport,transport_config.h,core/src/main/kotlin/org/kotlintor/relay/TransportConfig.kt;core/src/main/kotlin/org/kotlintor/config/Config.kt,D2,header transport_config.h; module mirror; matched 2 path(s),op-level mapping unaudited for pt_get_options_for_server_transport,
L3:feature/client/address_is_in_virtual_range,3_op,feature/client,address_is_in_virtual_range,addressmap.h,core/src/main/kotlin/org/kotlintor/net/AddressMap.kt;core/src/main/kotlin/org/kotlintor/net/AutomapAndDnsCache.kt,D3,L3OpElevationTest + AddressMap.addressIsInVirtualRange,full CIDR match thinner,
L3:feature/client/addressmap_address_should_automap,3_op,feature/client,addressmap_address_should_automap,addressmap.h,core/src/main/kotlin/org/kotlintor/net/AddressMap.kt;core/src/main/kotlin/org/kotlintor/net/AutomapAndDnsCache.kt,D3,L3OpElevationTest + AddressMap.addressShouldAutomap,suffix matrix thinner,
L3:feature/client/addressmap_clean,3_op,feature/client,addressmap_clean,addressmap.h,core/src/main/kotlin/org/kotlintor/net/AddressMap.kt;core/src/main/kotlin/org/kotlintor/net/AutomapAndDnsCache.kt,D3,L3OpElevationTest + AddressMap.clean,expiry sweep thinner,
L3:feature/client/addressmap_clear_configured,3_op,feature/client,addressmap_clear_configured,addressmap.h,core/src/main/kotlin/org/kotlintor/net/AddressMap.kt;core/src/main/kotlin/org/kotlintor/net/AutomapAndDnsCache.kt,D3,L3OpElevationTest + AddressMap.clearConfigured,configured vs automap split thinner,
L3:feature/client/addressmap_clear_excluded_trackexithosts,3_op,feature/client,addressmap_clear_excluded_trackexithosts,addressmap.h,core/src/main/kotlin/org/kotlintor/net/AddressMap.kt;core/src/main/kotlin/org/kotlintor/net/AutomapAndDnsCache.kt,D3,L3OpElevationTest + AddressMap.addressmapClearExcludedTrackexithosts,addrmap clear trackexit thinner,
L3:feature/client/addressmap_clear_invalid_automaps,3_op,feature/client,addressmap_clear_invalid_automaps,addressmap.h,core/src/main/kotlin/org/kotlintor/net/AddressMap.kt;core/src/main/kotlin/org/kotlintor/net/AutomapAndDnsCache.kt,D3,L3OpElevationTest + AddressMap.addressmapClearInvalidAutomaps,addrmap clear invalid thinner,
L3:feature/client/addressmap_clear_transient,3_op,feature/client,addressmap_clear_transient,addressmap.h,core/src/main/kotlin/org/kotlintor/net/AddressMap.kt;core/src/main/kotlin/org/kotlintor/net/AutomapAndDnsCache.kt,D3,L3OpElevationTest + AddressMap.addressmapClearTransient,addrmap clear transient thinner,
L3:feature/client/addressmap_free_all,3_op,feature/client,addressmap_free_all,addressmap.h,core/src/main/kotlin/org/kotlintor/net/AddressMap.kt;core/src/main/kotlin/org/kotlintor/net/AutomapAndDnsCache.kt,D3,L3OpElevationTest + AddressMap.addressmapFreeAll,addrmap free thinner,
L3:feature/client/addressmap_get_mappings,3_op,feature/client,addressmap_get_mappings,addressmap.h,core/src/main/kotlin/org/kotlintor/net/AddressMap.kt;core/src/main/kotlin/org/kotlintor/net/AutomapAndDnsCache.kt,D3,L3OpElevationTest + AddressMap.addressmapGetMappings,addrmap get thinner,
L3:feature/client/addressmap_have_mapping,3_op,feature/client,addressmap_have_mapping,addressmap.h,core/src/main/kotlin/org/kotlintor/net/AddressMap.kt;core/src/main/kotlin/org/kotlintor/net/AutomapAndDnsCache.kt,D3,L3OpElevationTest + AddressMap.addressmapHaveMapping,addrmap have thinner,
L3:feature/client/addressmap_init,3_op,feature/client,addressmap_init,addressmap.h,core/src/main/kotlin/org/kotlintor/net/AddressMap.kt;core/src/main/kotlin/org/kotlintor/net/AutomapAndDnsCache.kt,D3,L3OpElevationTest + AddressMap.addressmapInit,addrmap init thinner,
L3:feature/client/addressmap_register,3_op,feature/client,addressmap_register,addressmap.h,core/src/main/kotlin/org/kotlintor/net/AddressMap.kt;core/src/main/kotlin/org/kotlintor/net/AutomapAndDnsCache.kt,D3,L3OpElevationTest + AddressMap.addressmapRegister,addrmap register thinner,
L3:feature/client/addressmap_register_virtual_address,3_op,feature/client,addressmap_register_virtual_address,addressmap.h,core/src/main/kotlin/org/kotlintor/net/AddressMap.kt;core/src/main/kotlin/org/kotlintor/net/AutomapAndDnsCache.kt,D3,L3OpElevationTest + AddressMap.addressmapRegisterVirtualAddress,addrmap virt thinner,
L3:feature/client/addressmap_rewrite,3_op,feature/client,addressmap_rewrite,addressmap.h,core/src/main/kotlin/org/kotlintor/net/AddressMap.kt;core/src/main/kotlin/org/kotlintor/net/AutomapAndDnsCache.kt,D3,L3OpElevationTest + AddressMap.addressmapRewrite,addrmap rewrite thinner,
L3:feature/client/addressmap_rewrite_reverse,3_op,feature/client,addressmap_rewrite_reverse,addressmap.h,core/src/main/kotlin/org/kotlintor/net/AddressMap.kt;core/src/main/kotlin/org/kotlintor/net/AutomapAndDnsCache.kt,D3,L3OpElevationTest + AddressMap.addressmapRewriteReverse,addrmap rewrite rev thinner,
L3:feature/client/clear_trackexithost_mappings,3_op,feature/client,clear_trackexithost_mappings,addressmap.h,core/src/main/kotlin/org/kotlintor/net/AddressMap.kt;core/src/main/kotlin/org/kotlintor/net/AutomapAndDnsCache.kt,D3,L3OpElevationTest + AddressMap.clearTrackexithostMappings,clear trackexit thinner,
L3:feature/client/client_dns_clear_failures,3_op,feature/client,client_dns_clear_failures,addressmap.h,core/src/main/kotlin/org/kotlintor/net/AddressMap.kt;core/src/main/kotlin/org/kotlintor/net/AutomapAndDnsCache.kt,D3,L3OpElevationTest + AddressMap.clientDnsClearFailures,dns clear fail thinner,
L3:feature/client/client_dns_incr_failures,3_op,feature/client,client_dns_incr_failures,addressmap.h,core/src/main/kotlin/org/kotlintor/net/AddressMap.kt;core/src/main/kotlin/org/kotlintor/net/AutomapAndDnsCache.kt,D3,L3OpElevationTest + AddressMap.clientDnsIncrFailures,dns incr fail thinner,
L3:feature/client/client_dns_set_addressmap,3_op,feature/client,client_dns_set_addressmap,addressmap.h,core/src/main/kotlin/org/kotlintor/net/AddressMap.kt;core/src/main/kotlin/org/kotlintor/net/AutomapAndDnsCache.kt,D3,L3OpElevationTest + AddressMap.clientDnsSetAddressmap,dns set map thinner,
L3:feature/client/client_dns_set_reverse_addressmap,3_op,feature/client,client_dns_set_reverse_addressmap,addressmap.h,core/src/main/kotlin/org/kotlintor/net/AddressMap.kt;core/src/main/kotlin/org/kotlintor/net/AutomapAndDnsCache.kt,D3,L3OpElevationTest + AddressMap.clientDnsSetReverseAddressmap,dns set rev thinner,
L3:feature/client/get_random_virtual_addr,3_op,feature/client,get_random_virtual_addr,addressmap.h,core/src/main/kotlin/org/kotlintor/net/AddressMap.kt;core/src/main/kotlin/org/kotlintor/net/AutomapAndDnsCache.kt,D3,L3OpElevationTest + AddressMap.getRandomVirtualAddr,random virt addr thinner,
L3:feature/client/parse_virtual_addr_network,3_op,feature/client,parse_virtual_addr_network,addressmap.h,core/src/main/kotlin/org/kotlintor/net/AddressMap.kt;core/src/main/kotlin/org/kotlintor/net/AutomapAndDnsCache.kt,D3,L3OpElevationTest + AddressMap.parseVirtualAddrNetwork,parse virt net thinner,
L3:feature/client/addr_is_a_configured_bridge,3_op,feature/client,addr_is_a_configured_bridge,bridges.h,core/src/main/kotlin/org/kotlintor/pt/Bridges.kt,D3,L3OpElevationTest + Bridges.addrIsAConfiguredBridge,bridge addr thinner,
L3:feature/client/any_bridges_dont_support_microdescriptors,3_op,feature/client,any_bridges_dont_support_microdescriptors,bridges.h,core/src/main/kotlin/org/kotlintor/pt/Bridges.kt,D3,L3OpElevationTest + Bridges.anyBridgesDontSupportMicrodescriptors,bridge microdesc thinner,
L3:feature/client/bridge_add_from_config,3_op,feature/client,bridge_add_from_config,bridges.h,core/src/main/kotlin/org/kotlintor/pt/Bridges.kt,D3,L3OpElevationTest + Bridges.bridgeAddFromConfig,bridge add thinner,
L3:feature/client/bridge_get_addr_port,3_op,feature/client,bridge_get_addr_port,bridges.h,core/src/main/kotlin/org/kotlintor/pt/Bridges.kt,D3,L3OpElevationTest + Bridges.bridgeGetAddrPort,bridge addrport thinner,
L3:feature/client/bridge_get_rsa_id_digest,3_op,feature/client,bridge_get_rsa_id_digest,bridges.h,core/src/main/kotlin/org/kotlintor/pt/Bridges.kt,D3,L3OpElevationTest + Bridges.bridgeGetRsaIdDigest,bridge rsa digest thinner,
L3:feature/client/bridge_has_invalid_transport,3_op,feature/client,bridge_has_invalid_transport,bridges.h,core/src/main/kotlin/org/kotlintor/pt/Bridges.kt,D3,L3OpElevationTest + Bridges.bridgeHasInvalidTransport,bridge invalid transport thinner,
L3:feature/client/bridge_list_get,3_op,feature/client,bridge_list_get,bridges.h,core/src/main/kotlin/org/kotlintor/pt/Bridges.kt,D3,L3OpElevationTest + Bridges.bridgeListGet,bridge list thinner,
L3:feature/client/bridge_resolve_conflicts,3_op,feature/client,bridge_resolve_conflicts,bridges.h,core/src/main/kotlin/org/kotlintor/pt/Bridges.kt,D3,L3OpElevationTest + Bridges.bridgeResolveConflicts,bridge conflicts thinner,
L3:feature/client/bridges_free_all,3_op,feature/client,bridges_free_all,bridges.h,core/src/main/kotlin/org/kotlintor/pt/Bridges.kt,D3,L3OpElevationTest + Bridges.bridgesFreeAll,bridges free thinner,
L3:feature/client/bridget_get_transport_name,3_op,feature/client,bridget_get_transport_name,bridges.h,core/src/main/kotlin/org/kotlintor/pt/Bridges.kt,D3,L3OpElevationTest + Bridges.bridgetGetTransportName,bridget transport thinner,
L3:feature/client/clear_bridge_list,3_op,feature/client,clear_bridge_list,bridges.h,core/src/main/kotlin/org/kotlintor/pt/Bridges.kt,D3,L3OpElevationTest + Bridges.clearBridgeList,clear bridges thinner,
L3:feature/client/conflux_can_exclude_used_bridges,3_op,feature/client,conflux_can_exclude_used_bridges,bridges.h,core/src/main/kotlin/org/kotlintor/pt/Bridges.kt,D3,L3OpElevationTest + Bridges.confluxCanExcludeUsedBridges,conflux exclude bridges thinner,
L3:feature/client/extend_info_is_a_configured_bridge,3_op,feature/client,extend_info_is_a_configured_bridge,bridges.h,core/src/main/kotlin/org/kotlintor/pt/Bridges.kt,D3,L3OpElevationTest + Bridges.extendInfoIsAConfiguredBridge,extend bridge thinner,
L3:feature/client/fetch_bridge_descriptors,3_op,feature/client,fetch_bridge_descriptors,bridges.h,core/src/main/kotlin/org/kotlintor/pt/Bridges.kt,D3,L3OpElevationTest + Bridges.fetchBridgeDescriptors,fetch bridges thinner,
L3:feature/client/find_bridge_by_digest,3_op,feature/client,find_bridge_by_digest,bridges.h,core/src/main/kotlin/org/kotlintor/pt/Bridges.kt,D3,L3OpElevationTest + Bridges.findBridgeByDigest,find bridge thinner,
L3:feature/client/find_transport_name_by_bridge_addrport,3_op,feature/client,find_transport_name_by_bridge_addrport,bridges.h,core/src/main/kotlin/org/kotlintor/pt/Bridges.kt,D3,L3OpElevationTest + Bridges.findTransportNameByBridgeAddrport,find transport thinner,
L3:feature/client/get_configured_bridge_by_addr_port_digest,3_op,feature/client,get_configured_bridge_by_addr_port_digest,bridges.h,core/src/main/kotlin/org/kotlintor/pt/Bridges.kt,D3,L3OpElevationTest + Bridges.getConfiguredBridgeByAddrPortDigest,get bridge addr thinner,
L3:feature/client/get_configured_bridge_by_exact_addr_port_digest,3_op,feature/client,get_configured_bridge_by_exact_addr_port_digest,bridges.h,core/src/main/kotlin/org/kotlintor/pt/Bridges.kt,D3,L3OpElevationTest + Bridges.getConfiguredBridgeByExactAddrPortDigest,get bridge exact thinner,
L3:feature/client/get_configured_bridge_by_orports_digest,3_op,feature/client,get_configured_bridge_by_orports_digest,bridges.h,core/src/main/kotlin/org/kotlintor/pt/Bridges.kt,D3,L3OpElevationTest + Bridges.getConfiguredBridgeByOrportsDigest,get bridge orports thinner,
L3:feature/client/get_socks_args_by_bridge_addrport,3_op,feature/client,get_socks_args_by_bridge_addrport,bridges.h,core/src/main/kotlin/org/kotlintor/pt/Bridges.kt,D3,L3OpElevationTest + Bridges.getSocksArgsByBridgeAddrport,bridge socks args thinner,
L3:feature/client/get_transport_by_bridge_addrport,3_op,feature/client,get_transport_by_bridge_addrport,bridges.h,core/src/main/kotlin/org/kotlintor/pt/Bridges.kt,D3,L3OpElevationTest + Bridges.getTransportByBridgeAddrport,bridge transport thinner,
L3:feature/client/learned_bridge_descriptor,3_op,feature/client,learned_bridge_descriptor,bridges.h,core/src/main/kotlin/org/kotlintor/pt/Bridges.kt,D3,L3OpElevationTest + Bridges.learnedBridgeDescriptor,learned bridge thinner,
L3:feature/client/learned_router_identity,3_op,feature/client,learned_router_identity,bridges.h,core/src/main/kotlin/org/kotlintor/pt/Bridges.kt,D3,L3OpElevationTest + Bridges.learnedRouterIdentity,learned identity thinner,
L3:feature/client/mark_bridge_list,3_op,feature/client,mark_bridge_list,bridges.h,core/src/main/kotlin/org/kotlintor/pt/Bridges.kt,D3,L3OpElevationTest + Bridges.markBridgeList,mark bridges thinner,
L3:feature/client/node_is_a_configured_bridge,3_op,feature/client,node_is_a_configured_bridge,bridges.h,core/src/main/kotlin/org/kotlintor/pt/Bridges.kt,D3,L3OpElevationTest + Bridges.nodeIsAConfiguredBridge,node bridge thinner,
L3:feature/client/pathbias_check_close,3_op,feature/client,pathbias_check_close,circpathbias.h,core/src/main/kotlin/org/kotlintor/path/CircPathBias.kt;core/src/main/kotlin/org/kotlintor/path/PathBias.kt;core/src/main/kotlin/org/kotlintor/config/PathBiasOptions.kt,D3,L3OpElevationTest + CircPathBias.pathbiasCheckClose,pathbias close thinner,
L3:feature/client/pathbias_check_probe_response,3_op,feature/client,pathbias_check_probe_response,circpathbias.h,core/src/main/kotlin/org/kotlintor/path/CircPathBias.kt;core/src/main/kotlin/org/kotlintor/path/PathBias.kt;core/src/main/kotlin/org/kotlintor/config/PathBiasOptions.kt,D3,L3OpElevationTest + CircPathBias.pathbiasCheckProbeResponse,pathbias probe thinner,
L3:feature/client/pathbias_count_build_attempt,3_op,feature/client,pathbias_count_build_attempt,circpathbias.h,core/src/main/kotlin/org/kotlintor/path/CircPathBias.kt;core/src/main/kotlin/org/kotlintor/path/PathBias.kt;core/src/main/kotlin/org/kotlintor/config/PathBiasOptions.kt,D3,L3OpElevationTest + CircPathBias.pathbiasCountBuildAttempt,pathbias build attempt thinner,
L3:feature/client/pathbias_count_build_success,3_op,feature/client,pathbias_count_build_success,circpathbias.h,core/src/main/kotlin/org/kotlintor/path/CircPathBias.kt;core/src/main/kotlin/org/kotlintor/path/PathBias.kt;core/src/main/kotlin/org/kotlintor/config/PathBiasOptions.kt,D3,L3OpElevationTest + CircPathBias.pathbiasCountBuildSuccess,pathbias build success thinner,
L3:feature/client/pathbias_count_timeout,3_op,feature/client,pathbias_count_timeout,circpathbias.h,core/src/main/kotlin/org/kotlintor/path/CircPathBias.kt;core/src/main/kotlin/org/kotlintor/path/PathBias.kt;core/src/main/kotlin/org/kotlintor/config/PathBiasOptions.kt,D3,L3OpElevationTest + CircPathBias.pathbiasCountTimeout,pathbias timeout thinner,
L3:feature/client/pathbias_count_use_attempt,3_op,feature/client,pathbias_count_use_attempt,circpathbias.h,core/src/main/kotlin/org/kotlintor/path/CircPathBias.kt;core/src/main/kotlin/org/kotlintor/path/PathBias.kt;core/src/main/kotlin/org/kotlintor/config/PathBiasOptions.kt,D3,L3OpElevationTest + CircPathBias.pathbiasCountUseAttempt,pathbias use attempt thinner,
L3:feature/client/pathbias_count_valid_cells,3_op,feature/client,pathbias_count_valid_cells,circpathbias.h,core/src/main/kotlin/org/kotlintor/path/CircPathBias.kt;core/src/main/kotlin/org/kotlintor/path/PathBias.kt;core/src/main/kotlin/org/kotlintor/config/PathBiasOptions.kt,D3,L3OpElevationTest + CircPathBias.pathbiasCountValidCells,pathbias valid cells thinner,
L3:feature/client/pathbias_get_dropguards,3_op,feature/client,pathbias_get_dropguards,circpathbias.h,core/src/main/kotlin/org/kotlintor/path/CircPathBias.kt;core/src/main/kotlin/org/kotlintor/path/PathBias.kt;core/src/main/kotlin/org/kotlintor/config/PathBiasOptions.kt,D3,L3OpElevationTest + CircPathBias.pathbiasGetDropguards,pathbias dropguards thinner,
L3:feature/client/pathbias_get_extreme_rate,3_op,feature/client,pathbias_get_extreme_rate,circpathbias.h,core/src/main/kotlin/org/kotlintor/path/CircPathBias.kt;core/src/main/kotlin/org/kotlintor/path/PathBias.kt;core/src/main/kotlin/org/kotlintor/config/PathBiasOptions.kt,D3,L3OpElevationTest + CircPathBias.pathbiasGetExtremeRate,pathbias extreme rate thinner,
L3:feature/client/pathbias_get_extreme_use_rate,3_op,feature/client,pathbias_get_extreme_use_rate,circpathbias.h,core/src/main/kotlin/org/kotlintor/path/CircPathBias.kt;core/src/main/kotlin/org/kotlintor/path/PathBias.kt;core/src/main/kotlin/org/kotlintor/config/PathBiasOptions.kt,D3,L3OpElevationTest + CircPathBias.pathbiasGetExtremeUseRate,pathbias extreme use rate thinner,
L3:feature/client/pathbias_mark_use_rollback,3_op,feature/client,pathbias_mark_use_rollback,circpathbias.h,core/src/main/kotlin/org/kotlintor/path/CircPathBias.kt;core/src/main/kotlin/org/kotlintor/path/PathBias.kt;core/src/main/kotlin/org/kotlintor/config/PathBiasOptions.kt,D3,L3OpElevationTest + CircPathBias.pathbiasMarkUseRollback,pathbias use rollback thinner,
L3:feature/client/pathbias_mark_use_success,3_op,feature/client,pathbias_mark_use_success,circpathbias.h,core/src/main/kotlin/org/kotlintor/path/CircPathBias.kt;core/src/main/kotlin/org/kotlintor/path/PathBias.kt;core/src/main/kotlin/org/kotlintor/config/PathBiasOptions.kt,D3,L3OpElevationTest + CircPathBias.pathbiasMarkUseSuccess,pathbias use success thinner,
L3:feature/client/pathbias_state_to_string,3_op,feature/client,pathbias_state_to_string,circpathbias.h,core/src/main/kotlin/org/kotlintor/path/CircPathBias.kt;core/src/main/kotlin/org/kotlintor/path/PathBias.kt;core/src/main/kotlin/org/kotlintor/config/PathBiasOptions.kt,D3,L3OpElevationTest + CircPathBias.pathbiasStateToString,pathbias state string thinner,
L3:feature/client/dnsserv_close_listener,3_op,feature/client,dnsserv_close_listener,dnsserv.h,proxy/src/main/kotlin/org/kotlintor/proxy/DnsServ.kt;core/src/main/kotlin/org/kotlintor/net/Dns.kt,D3,DnsServL3ElevationTest + DnsServ.dnsservCloseListener,dnsserv close thinner,
L3:feature/client/dnsserv_configure_listener,3_op,feature/client,dnsserv_configure_listener,dnsserv.h,proxy/src/main/kotlin/org/kotlintor/proxy/DnsServ.kt;core/src/main/kotlin/org/kotlintor/net/Dns.kt,D3,DnsServL3ElevationTest + DnsServ.dnsservConfigureListener,dnsserv configure thinner,
L3:feature/client/dnsserv_launch_request,3_op,feature/client,dnsserv_launch_request,dnsserv.h,proxy/src/main/kotlin/org/kotlintor/proxy/DnsServ.kt;core/src/main/kotlin/org/kotlintor/net/Dns.kt,D3,DnsServL3ElevationTest + DnsServ.dnsservLaunchRequest,dnsserv launch thinner,
L3:feature/client/dnsserv_reject_request,3_op,feature/client,dnsserv_reject_request,dnsserv.h,proxy/src/main/kotlin/org/kotlintor/proxy/DnsServ.kt;core/src/main/kotlin/org/kotlintor/net/Dns.kt,D3,DnsServL3ElevationTest + DnsServ.dnsservRejectRequest,dnsserv reject thinner,
L3:feature/client/dnsserv_resolved,3_op,feature/client,dnsserv_resolved,dnsserv.h,proxy/src/main/kotlin/org/kotlintor/proxy/DnsServ.kt;core/src/main/kotlin/org/kotlintor/net/Dns.kt,D3,DnsServL3ElevationTest + DnsServ.dnsservResolved,dnsserv resolved thinner,
L3:feature/client/choose_guard_selection,3_op,feature/client,choose_guard_selection,entrynodes.h,core/src/main/kotlin/org/kotlintor/path/EntryNodes.kt;core/src/main/kotlin/org/kotlintor/path/EntryGuardFsm.kt;core/src/main/kotlin/org/kotlintor/dir/Node.kt,D3,L3OpElevationTest + EntryNodes.chooseGuardSelection,guard selection name thinner,
L3:feature/client/circuit_guard_state_free_,3_op,feature/client,circuit_guard_state_free_,entrynodes.h,core/src/main/kotlin/org/kotlintor/path/EntryNodes.kt;core/src/main/kotlin/org/kotlintor/path/EntryGuardFsm.kt;core/src/main/kotlin/org/kotlintor/dir/Node.kt,D3,L3OpElevationTest + EntryNodes.circuitGuardStateFree_,circ guard free thinner,
L3:feature/client/entries_known_but_down,3_op,feature/client,entries_known_but_down,entrynodes.h,core/src/main/kotlin/org/kotlintor/path/EntryNodes.kt;core/src/main/kotlin/org/kotlintor/path/EntryGuardFsm.kt;core/src/main/kotlin/org/kotlintor/dir/Node.kt,D3,L3OpElevationTest + EntryNodes.entriesKnownButDown,entries down thinner,
L3:feature/client/entries_retry_all,3_op,feature/client,entries_retry_all,entrynodes.h,core/src/main/kotlin/org/kotlintor/path/EntryNodes.kt;core/src/main/kotlin/org/kotlintor/path/EntryGuardFsm.kt;core/src/main/kotlin/org/kotlintor/dir/Node.kt,D3,L3OpElevationTest + EntryNodes.entriesRetryAll,entries retry thinner,
L3:feature/client/entry_guard_add_to_sample,3_op,feature/client,entry_guard_add_to_sample,entrynodes.h,core/src/main/kotlin/org/kotlintor/path/EntryNodes.kt;core/src/main/kotlin/org/kotlintor/path/EntryGuardFsm.kt;core/src/main/kotlin/org/kotlintor/dir/Node.kt,D3,L3OpElevationTest + EntryNodes.entryGuardAddToSample,add sample thinner,
L3:feature/client/entry_guard_cancel,3_op,feature/client,entry_guard_cancel,entrynodes.h,core/src/main/kotlin/org/kotlintor/path/EntryNodes.kt;core/src/main/kotlin/org/kotlintor/path/EntryGuardFsm.kt;core/src/main/kotlin/org/kotlintor/dir/Node.kt,D3,L3OpElevationTest + EntryNodes.entryGuardCancel,guard cancel thinner,
L3:feature/client/entry_guard_chan_failed,3_op,feature/client,entry_guard_chan_failed,entrynodes.h,core/src/main/kotlin/org/kotlintor/path/EntryNodes.kt;core/src/main/kotlin/org/kotlintor/path/EntryGuardFsm.kt;core/src/main/kotlin/org/kotlintor/dir/Node.kt,D3,L3OpElevationTest + EntryNodes.entryGuardChanFailed,chan failed thinner,
L3:feature/client/entry_guard_consider_retry,3_op,feature/client,entry_guard_consider_retry,entrynodes.h,core/src/main/kotlin/org/kotlintor/path/EntryNodes.kt;core/src/main/kotlin/org/kotlintor/path/EntryGuardFsm.kt;core/src/main/kotlin/org/kotlintor/dir/Node.kt,D3,L3OpElevationTest + EntryNodes.entryGuardConsiderRetry,consider retry thinner,
L3:feature/client/entry_guard_could_succeed,3_op,feature/client,entry_guard_could_succeed,entrynodes.h,core/src/main/kotlin/org/kotlintor/path/EntryNodes.kt;core/src/main/kotlin/org/kotlintor/path/EntryGuardFsm.kt;core/src/main/kotlin/org/kotlintor/dir/Node.kt,D3,L3OpElevationTest + EntryNodes.entryGuardCouldSucceed,could succeed thinner,
L3:feature/client/entry_guard_describe,3_op,feature/client,entry_guard_describe,entrynodes.h,core/src/main/kotlin/org/kotlintor/path/EntryNodes.kt;core/src/main/kotlin/org/kotlintor/path/EntryGuardFsm.kt;core/src/main/kotlin/org/kotlintor/dir/Node.kt,D3,L3OpElevationTest + EntryNodes.entryGuardDescribe,guard describe thinner,
L3:feature/client/entry_guard_encode_for_state,3_op,feature/client,entry_guard_encode_for_state,entrynodes.h,core/src/main/kotlin/org/kotlintor/path/EntryNodes.kt;core/src/main/kotlin/org/kotlintor/path/EntryGuardFsm.kt;core/src/main/kotlin/org/kotlintor/dir/Node.kt,D3,L3OpElevationTest + EntryNodes.entryGuardEncodeForState,encode state thinner,
L3:feature/client/entry_guard_failed,3_op,feature/client,entry_guard_failed,entrynodes.h,core/src/main/kotlin/org/kotlintor/path/EntryNodes.kt;core/src/main/kotlin/org/kotlintor/path/EntryGuardFsm.kt;core/src/main/kotlin/org/kotlintor/dir/Node.kt,D3,L3OpElevationTest + EntryNodes.entryGuardFailed,guard failed thinner,
L3:feature/client/entry_guard_find_node,3_op,feature/client,entry_guard_find_node,entrynodes.h,core/src/main/kotlin/org/kotlintor/path/EntryNodes.kt;core/src/main/kotlin/org/kotlintor/path/EntryGuardFsm.kt;core/src/main/kotlin/org/kotlintor/dir/Node.kt,D3,L3OpElevationTest + EntryNodes.entryGuardFindNode,find node thinner,
L3:feature/client/entry_guard_free_,3_op,feature/client,entry_guard_free_,entrynodes.h,core/src/main/kotlin/org/kotlintor/path/EntryNodes.kt;core/src/main/kotlin/org/kotlintor/path/EntryGuardFsm.kt;core/src/main/kotlin/org/kotlintor/dir/Node.kt,D3,L3OpElevationTest + EntryNodes.entryGuardFree_,guard free thinner,
L3:feature/client/entry_guard_get_by_id_digest,3_op,feature/client,entry_guard_get_by_id_digest,entrynodes.h,core/src/main/kotlin/org/kotlintor/path/EntryNodes.kt;core/src/main/kotlin/org/kotlintor/path/EntryGuardFsm.kt;core/src/main/kotlin/org/kotlintor/dir/Node.kt,D3,L3OpElevationTest + EntryNodes.entryGuardGetByIdDigest,get by digest thinner,
L3:feature/client/entry_guard_get_by_id_digest_for_guard_selection,3_op,feature/client,entry_guard_get_by_id_digest_for_guard_selection,entrynodes.h,core/src/main/kotlin/org/kotlintor/path/EntryNodes.kt;core/src/main/kotlin/org/kotlintor/path/EntryGuardFsm.kt;core/src/main/kotlin/org/kotlintor/dir/Node.kt,D3,L3OpElevationTest + EntryNodes.entryGuardGetByIdDigestForGuardSelection,get by digest gs thinner,
L3:feature/client/entry_guard_get_pathbias_state,3_op,feature/client,entry_guard_get_pathbias_state,entrynodes.h,core/src/main/kotlin/org/kotlintor/path/EntryNodes.kt;core/src/main/kotlin/org/kotlintor/path/EntryGuardFsm.kt;core/src/main/kotlin/org/kotlintor/dir/Node.kt,D3,L3OpElevationTest + EntryNodes.entryGuardGetPathbiasState,pathbias state thinner,
L3:feature/client/entry_guard_get_rsa_id_digest,3_op,feature/client,entry_guard_get_rsa_id_digest,entrynodes.h,core/src/main/kotlin/org/kotlintor/path/EntryNodes.kt;core/src/main/kotlin/org/kotlintor/path/EntryGuardFsm.kt;core/src/main/kotlin/org/kotlintor/dir/Node.kt,D3,L3OpElevationTest + EntryNodes.entryGuardGetRsaIdDigest,rsa id digest thinner,
L3:feature/client/entry_guard_has_higher_priority,3_op,feature/client,entry_guard_has_higher_priority,entrynodes.h,core/src/main/kotlin/org/kotlintor/path/EntryNodes.kt;core/src/main/kotlin/org/kotlintor/path/EntryGuardFsm.kt;core/src/main/kotlin/org/kotlintor/dir/Node.kt,D3,L3OpElevationTest + EntryNodes.entryGuardHasHigherPriority,higher priority thinner,
L3:feature/client/entry_guard_learned_bridge_identity,3_op,feature/client,entry_guard_learned_bridge_identity,entrynodes.h,core/src/main/kotlin/org/kotlintor/path/EntryNodes.kt;core/src/main/kotlin/org/kotlintor/path/EntryGuardFsm.kt;core/src/main/kotlin/org/kotlintor/dir/Node.kt,D3,L3OpElevationTest + EntryNodes.entryGuardLearnedBridgeIdentity,learned bridge id thinner,
L3:feature/client/entry_guard_parse_from_state,3_op,feature/client,entry_guard_parse_from_state,entrynodes.h,core/src/main/kotlin/org/kotlintor/path/EntryNodes.kt;core/src/main/kotlin/org/kotlintor/path/EntryGuardFsm.kt;core/src/main/kotlin/org/kotlintor/dir/Node.kt,D3,L3OpElevationTest + EntryNodes.entryGuardParseFromState,parse state thinner,
L3:feature/client/entry_guard_pick_for_circuit,3_op,feature/client,entry_guard_pick_for_circuit,entrynodes.h,core/src/main/kotlin/org/kotlintor/path/EntryNodes.kt;core/src/main/kotlin/org/kotlintor/path/EntryGuardFsm.kt;core/src/main/kotlin/org/kotlintor/dir/Node.kt,D3,L3OpElevationTest + EntryNodes.entryGuardPickForCircuit,pick for circuit thinner,
L3:feature/client/entry_guard_restriction_free_,3_op,feature/client,entry_guard_restriction_free_,entrynodes.h,core/src/main/kotlin/org/kotlintor/path/EntryNodes.kt;core/src/main/kotlin/org/kotlintor/path/EntryGuardFsm.kt;core/src/main/kotlin/org/kotlintor/dir/Node.kt,D3,L3OpElevationTest + EntryNodes.entryGuardRestrictionFree_,restriction free thinner,
L3:feature/client/entry_guard_state_should_expire,3_op,feature/client,entry_guard_state_should_expire,entrynodes.h,core/src/main/kotlin/org/kotlintor/path/EntryNodes.kt;core/src/main/kotlin/org/kotlintor/path/EntryGuardFsm.kt;core/src/main/kotlin/org/kotlintor/dir/Node.kt,D3,L3OpElevationTest + EntryNodes.entryGuardStateShouldExpire,state expire thinner,
L3:feature/client/entry_guard_succeeded,3_op,feature/client,entry_guard_succeeded,entrynodes.h,core/src/main/kotlin/org/kotlintor/path/EntryNodes.kt;core/src/main/kotlin/org/kotlintor/path/EntryGuardFsm.kt;core/src/main/kotlin/org/kotlintor/dir/Node.kt,D3,L3OpElevationTest + EntryNodes.entryGuardSucceeded,guard succeeded thinner,
L3:feature/client/proxy_mode,3_op,feature/client,proxy_mode,proxymode.h,proxy/src/main/kotlin/org/kotlintor/proxy/ProxyMode.kt,D3,DnsServProxyModeElevationTest + ProxyMode.proxyMode,proxy_mode thinner,
L3:feature/client/configure_proxy,3_op,feature/client,configure_proxy,transports.h,core/src/main/kotlin/org/kotlintor/pt/Transports.kt,D3,L3OpElevationTest + Transports.configureProxy,configure proxy thinner,
L3:feature/client/free_execve_args,3_op,feature/client,free_execve_args,transports.h,core/src/main/kotlin/org/kotlintor/pt/Transports.kt,D3,L3OpElevationTest + Transports.freeExecveArgs,free execve thinner,
L3:feature/client/get_pt_proxy_uri,3_op,feature/client,get_pt_proxy_uri,transports.h,core/src/main/kotlin/org/kotlintor/pt/Transports.kt,D3,L3OpElevationTest + Transports.getPtProxyUri,pt proxy uri thinner,
L3:feature/client/get_transport_options_for_server_proxy,3_op,feature/client,get_transport_options_for_server_proxy,transports.h,core/src/main/kotlin/org/kotlintor/pt/Transports.kt,D3,L3OpElevationTest + Transports.getTransportOptionsForServerProxy,server transport opts thinner,
L3:feature/client/get_transport_proxy_ports,3_op,feature/client,get_transport_proxy_ports,transports.h,core/src/main/kotlin/org/kotlintor/pt/Transports.kt,D3,L3OpElevationTest + Transports.getTransportProxyPorts,transport ports thinner,
L3:feature/client/handle_proxy_line,3_op,feature/client,handle_proxy_line,transports.h,core/src/main/kotlin/org/kotlintor/pt/Transports.kt,D3,L3OpElevationTest + Transports.handleProxyLine,handle proxy line thinner,
L3:feature/client/handle_status_message,3_op,feature/client,handle_status_message,transports.h,core/src/main/kotlin/org/kotlintor/pt/Transports.kt,D3,L3OpElevationTest + Transports.handleStatusMessage,status message thinner,
L3:feature/client/launch_proxy_ev,3_op,feature/client,launch_proxy_ev,transports.h,core/src/main/kotlin/org/kotlintor/pt/Transports.kt,D3,L3OpElevationTest + Transports.launchProxyEv,launch proxy thinner,
L3:feature/client/managed_proxy_create,3_op,feature/client,managed_proxy_create,transports.h,core/src/main/kotlin/org/kotlintor/pt/Transports.kt,D3,L3OpElevationTest + Transports.managedProxyCreate,mp create thinner,
L3:feature/client/managed_proxy_destroy,3_op,feature/client,managed_proxy_destroy,transports.h,core/src/main/kotlin/org/kotlintor/pt/Transports.kt,D3,L3OpElevationTest + Transports.managedProxyDestroy,mp destroy thinner,
L3:feature/client/managed_proxy_exit_callback,3_op,feature/client,managed_proxy_exit_callback,transports.h,core/src/main/kotlin/org/kotlintor/pt/Transports.kt,D3,L3OpElevationTest + Transports.managedProxyExitCallback,mp exit thinner,
L3:feature/client/managed_proxy_has_transport,3_op,feature/client,managed_proxy_has_transport,transports.h,core/src/main/kotlin/org/kotlintor/pt/Transports.kt,D3,L3OpElevationTest + Transports.managedProxyHasTransport,mp has transport thinner,
L3:feature/client/managed_proxy_outbound_address,3_op,feature/client,managed_proxy_outbound_address,transports.h,core/src/main/kotlin/org/kotlintor/pt/Transports.kt,D3,L3OpElevationTest + Transports.managedProxyOutboundAddress,mp outbound thinner,
L3:feature/client/managed_proxy_set_state,3_op,feature/client,managed_proxy_set_state,transports.h,core/src/main/kotlin/org/kotlintor/pt/Transports.kt,D3,L3OpElevationTest + Transports.managedProxySetState,mp set state thinner,
L3:feature/client/managed_proxy_severity_parse,3_op,feature/client,managed_proxy_severity_parse,transports.h,core/src/main/kotlin/org/kotlintor/pt/Transports.kt,D3,L3OpElevationTest + Transports.managedProxySeverityParse,mp severity thinner,
L3:feature/client/managed_proxy_state_to_string,3_op,feature/client,managed_proxy_state_to_string,transports.h,core/src/main/kotlin/org/kotlintor/pt/Transports.kt,D3,L3OpElevationTest + Transports.managedProxyStateToString,mp state string thinner,
L3:feature/client/managed_proxy_stderr_callback,3_op,feature/client,managed_proxy_stderr_callback,transports.h,core/src/main/kotlin/org/kotlintor/pt/Transports.kt,D3,L3OpElevationTest + Transports.managedProxyStderrCallback,mp stderr thinner,
L3:feature/client/managed_proxy_stdout_callback,3_op,feature/client,managed_proxy_stdout_callback,transports.h,core/src/main/kotlin/org/kotlintor/pt/Transports.kt,D3,L3OpElevationTest + Transports.managedProxyStdoutCallback,mp stdout thinner,
L3:feature/client/mark_transport_list,3_op,feature/client,mark_transport_list,transports.h,core/src/main/kotlin/org/kotlintor/pt/Transports.kt,D3,L3OpElevationTest + Transports.markTransportList,mark transport thinner,
L3:feature/client/parse_cmethod_line,3_op,feature/client,parse_cmethod_line,transports.h,core/src/main/kotlin/org/kotlintor/pt/Transports.kt,D3,L3OpElevationTest + Transports.parseCmethodLine,parse cmethod thinner,
L3:feature/client/parse_env_error,3_op,feature/client,parse_env_error,transports.h,core/src/main/kotlin/org/kotlintor/pt/Transports.kt,D3,L3OpElevationTest + Transports.parseEnvError,parse env error thinner,
L3:feature/client/parse_log_line,3_op,feature/client,parse_log_line,transports.h,core/src/main/kotlin/org/kotlintor/pt/Transports.kt,D3,L3OpElevationTest + Transports.parseLogLine,parse log thinner,
L3:feature/client/parse_proxy_error,3_op,feature/client,parse_proxy_error,transports.h,core/src/main/kotlin/org/kotlintor/pt/Transports.kt,D3,L3OpElevationTest + Transports.parseProxyError,parse proxy error thinner,
L3:feature/client/parse_smethod_line,3_op,feature/client,parse_smethod_line,transports.h,core/src/main/kotlin/org/kotlintor/pt/Transports.kt,D3,L3OpElevationTest + Transports.parseSmethodLine,parse smethod thinner,
L3:feature/client/parse_status_line,3_op,feature/client,parse_status_line,transports.h,core/src/main/kotlin/org/kotlintor/pt/Transports.kt,D3,L3OpElevationTest + Transports.parseStatusLine,parse status thinner,
L3:feature/control/btrack_circ_add_pubsub,3_op,feature/control,btrack_circ_add_pubsub,btrack_circuit.h,control/src/main/kotlin/org/kotlintor/control/BtrackCircuit.kt;core/src/main/kotlin/org/kotlintor/circuit/Circuit.kt;control/src/main/kotlin/org/kotlintor/control/Btrack.kt,D3,ControlParityElevationTest + BtrackCircuit.btrackCircAddPubsub,btrack circ pubsub thinner,
L3:feature/control/btrack_circ_fini,3_op,feature/control,btrack_circ_fini,btrack_circuit.h,control/src/main/kotlin/org/kotlintor/control/BtrackCircuit.kt;core/src/main/kotlin/org/kotlintor/circuit/Circuit.kt;control/src/main/kotlin/org/kotlintor/control/Btrack.kt,D3,ControlParityElevationTest + BtrackCircuit.btrackCircFini,btrack circ fini thinner,
L3:feature/control/btrack_circ_init,3_op,feature/control,btrack_circ_init,btrack_circuit.h,control/src/main/kotlin/org/kotlintor/control/BtrackCircuit.kt;core/src/main/kotlin/org/kotlintor/circuit/Circuit.kt;control/src/main/kotlin/org/kotlintor/control/Btrack.kt,D3,ControlParityElevationTest + BtrackCircuit.btrackCircInit,btrack circ init thinner,
L3:feature/control/btrack_orconn_add_pubsub,3_op,feature/control,btrack_orconn_add_pubsub,btrack_orconn.h,control/src/main/kotlin/org/kotlintor/control/BtrackOrconn.kt;control/src/main/kotlin/org/kotlintor/control/Btrack.kt;control/src/main/kotlin/org/kotlintor/control/BtrackOrconnCevent.kt;control/src/main/kotlin/org/kotlintor/control/BtrackOrconnMaps.kt,D3,ControlParityElevationTest + BtrackOrconn.btrackOrconnAddPubsub,btrack orconn pubsub thinner,
L3:feature/control/btrack_orconn_fini,3_op,feature/control,btrack_orconn_fini,btrack_orconn.h,control/src/main/kotlin/org/kotlintor/control/BtrackOrconn.kt;control/src/main/kotlin/org/kotlintor/control/Btrack.kt;control/src/main/kotlin/org/kotlintor/control/BtrackOrconnCevent.kt;control/src/main/kotlin/org/kotlintor/control/BtrackOrconnMaps.kt,D3,ControlParityElevationTest + BtrackOrconn.btrackOrconnFini,btrack orconn fini thinner,
L3:feature/control/btrack_orconn_init,3_op,feature/control,btrack_orconn_init,btrack_orconn.h,control/src/main/kotlin/org/kotlintor/control/BtrackOrconn.kt;control/src/main/kotlin/org/kotlintor/control/Btrack.kt;control/src/main/kotlin/org/kotlintor/control/BtrackOrconnCevent.kt;control/src/main/kotlin/org/kotlintor/control/BtrackOrconnMaps.kt,D3,ControlParityElevationTest + BtrackOrconn.btrackOrconnInit,btrack orconn init thinner,
L3:feature/control/bto_cevent_anyconn,3_op,feature/control,bto_cevent_anyconn,btrack_orconn_cevent.h,control/src/main/kotlin/org/kotlintor/control/BtrackOrconnCevent.kt;control/src/main/kotlin/org/kotlintor/control/Btrack.kt;control/src/main/kotlin/org/kotlintor/control/BtrackOrconn.kt,D3,ControlParityElevationTest + BtrackOrconnCevent.btoCeventAnyconn,bto anyconn thinner,
L3:feature/control/bto_cevent_apconn,3_op,feature/control,bto_cevent_apconn,btrack_orconn_cevent.h,control/src/main/kotlin/org/kotlintor/control/BtrackOrconnCevent.kt;control/src/main/kotlin/org/kotlintor/control/Btrack.kt;control/src/main/kotlin/org/kotlintor/control/BtrackOrconn.kt,D3,ControlParityElevationTest + BtrackOrconnCevent.btoCeventApconn,bto apconn thinner,
L3:feature/control/bto_cevent_reset,3_op,feature/control,bto_cevent_reset,btrack_orconn_cevent.h,control/src/main/kotlin/org/kotlintor/control/BtrackOrconnCevent.kt;control/src/main/kotlin/org/kotlintor/control/Btrack.kt;control/src/main/kotlin/org/kotlintor/control/BtrackOrconn.kt,D3,ControlParityElevationTest + BtrackOrconnCevent.btoCeventReset,bto cevent reset thinner,
L3:feature/control/bto_clear_maps,3_op,feature/control,bto_clear_maps,btrack_orconn_maps.h,control/src/main/kotlin/org/kotlintor/control/BtrackOrconnMaps.kt;control/src/main/kotlin/org/kotlintor/control/Btrack.kt;control/src/main/kotlin/org/kotlintor/control/BtrackOrconn.kt,D3,ControlParityElevationTest + BtrackOrconnMaps.btoClearMaps,bto clear maps thinner,
L3:feature/control/bto_delete,3_op,feature/control,bto_delete,btrack_orconn_maps.h,control/src/main/kotlin/org/kotlintor/control/BtrackOrconnMaps.kt;control/src/main/kotlin/org/kotlintor/control/Btrack.kt;control/src/main/kotlin/org/kotlintor/control/BtrackOrconn.kt,D3,ControlParityElevationTest + BtrackOrconnMaps.btoDelete,bto delete thinner,
L3:feature/control/bto_find_or_new,3_op,feature/control,bto_find_or_new,btrack_orconn_maps.h,control/src/main/kotlin/org/kotlintor/control/BtrackOrconnMaps.kt;control/src/main/kotlin/org/kotlintor/control/Btrack.kt;control/src/main/kotlin/org/kotlintor/control/BtrackOrconn.kt,D3,ControlParityElevationTest + BtrackOrconnMaps.btoFindOrNew,bto find or new thinner,
L3:feature/control/bto_init_maps,3_op,feature/control,bto_init_maps,btrack_orconn_maps.h,control/src/main/kotlin/org/kotlintor/control/BtrackOrconnMaps.kt;control/src/main/kotlin/org/kotlintor/control/Btrack.kt;control/src/main/kotlin/org/kotlintor/control/BtrackOrconn.kt,D3,ControlParityElevationTest + BtrackOrconnMaps.btoInitMaps,bto init maps thinner,
L3:feature/control/connection_control_closed,3_op,feature/control,connection_control_closed,control.h,control/src/main/kotlin/org/kotlintor/control/Control.kt;core/src/main/kotlin/org/kotlintor/crypto/ControlS2k.kt;core/src/main/kotlin/org/kotlintor/circuit/CircuitFlowControl.kt;core/src/main/kotlin/org/kotlintor/circuit/CongestionControl.kt;core/src/main/kotlin/org/kotlintor/trunnel/CongestionControl.kt,D3,ControlParityElevationTest + Control.connectionControlClosed,control closed thinner,
L3:feature/control/connection_control_finished_flushing,3_op,feature/control,connection_control_finished_flushing,control.h,control/src/main/kotlin/org/kotlintor/control/Control.kt;core/src/main/kotlin/org/kotlintor/crypto/ControlS2k.kt;core/src/main/kotlin/org/kotlintor/circuit/CircuitFlowControl.kt;core/src/main/kotlin/org/kotlintor/circuit/CongestionControl.kt;core/src/main/kotlin/org/kotlintor/trunnel/CongestionControl.kt,D3,ControlParityElevationTest + Control.connectionControlFinishedFlushing,control flush thinner,
L3:feature/control/connection_control_process_inbuf,3_op,feature/control,connection_control_process_inbuf,control.h,control/src/main/kotlin/org/kotlintor/control/Control.kt;core/src/main/kotlin/org/kotlintor/crypto/ControlS2k.kt;core/src/main/kotlin/org/kotlintor/circuit/CircuitFlowControl.kt;core/src/main/kotlin/org/kotlintor/circuit/CongestionControl.kt;core/src/main/kotlin/org/kotlintor/trunnel/CongestionControl.kt,D3,ControlParityElevationTest + Control.connectionControlProcessInbuf,control inbuf thinner,
L3:feature/control/connection_control_reached_eof,3_op,feature/control,connection_control_reached_eof,control.h,control/src/main/kotlin/org/kotlintor/control/Control.kt;core/src/main/kotlin/org/kotlintor/crypto/ControlS2k.kt;core/src/main/kotlin/org/kotlintor/circuit/CircuitFlowControl.kt;core/src/main/kotlin/org/kotlintor/circuit/CongestionControl.kt;core/src/main/kotlin/org/kotlintor/trunnel/CongestionControl.kt,D3,ControlParityElevationTest + Control.connectionControlReachedEof,control eof thinner,
L3:feature/control/control_connection_add_local_fd,3_op,feature/control,control_connection_add_local_fd,control.h,control/src/main/kotlin/org/kotlintor/control/Control.kt;core/src/main/kotlin/org/kotlintor/crypto/ControlS2k.kt;core/src/main/kotlin/org/kotlintor/circuit/CircuitFlowControl.kt;core/src/main/kotlin/org/kotlintor/circuit/CongestionControl.kt;core/src/main/kotlin/org/kotlintor/trunnel/CongestionControl.kt,D3,ControlParityElevationTest + Control.controlConnectionAddLocalFd,add local fd thinner,
L3:feature/control/control_free_all,3_op,feature/control,control_free_all,control.h,control/src/main/kotlin/org/kotlintor/control/Control.kt;core/src/main/kotlin/org/kotlintor/crypto/ControlS2k.kt;core/src/main/kotlin/org/kotlintor/circuit/CircuitFlowControl.kt;core/src/main/kotlin/org/kotlintor/circuit/CongestionControl.kt;core/src/main/kotlin/org/kotlintor/trunnel/CongestionControl.kt,D3,ControlParityElevationTest + Control.controlFreeAll,control free all thinner,
L3:feature/control/control_ports_write_to_file,3_op,feature/control,control_ports_write_to_file,control.h,control/src/main/kotlin/org/kotlintor/control/Control.kt;core/src/main/kotlin/org/kotlintor/crypto/ControlS2k.kt;core/src/main/kotlin/org/kotlintor/circuit/CircuitFlowControl.kt;core/src/main/kotlin/org/kotlintor/circuit/CongestionControl.kt;core/src/main/kotlin/org/kotlintor/trunnel/CongestionControl.kt,D3,ControlParityElevationTest + Control.controlPortsWriteToFile,control ports file thinner,
L3:feature/control/control_split_incoming_command,3_op,feature/control,control_split_incoming_command,control.h,control/src/main/kotlin/org/kotlintor/control/Control.kt;core/src/main/kotlin/org/kotlintor/crypto/ControlS2k.kt;core/src/main/kotlin/org/kotlintor/circuit/CircuitFlowControl.kt;core/src/main/kotlin/org/kotlintor/circuit/CongestionControl.kt;core/src/main/kotlin/org/kotlintor/trunnel/CongestionControl.kt,D3,ControlParityElevationTest + ControlProto.controlSplitIncomingCommand,split command thinner,
L3:feature/control/disable_control_logging,3_op,feature/control,disable_control_logging,control.h,control/src/main/kotlin/org/kotlintor/control/Control.kt;core/src/main/kotlin/org/kotlintor/crypto/ControlS2k.kt;core/src/main/kotlin/org/kotlintor/circuit/CircuitFlowControl.kt;core/src/main/kotlin/org/kotlintor/circuit/CongestionControl.kt;core/src/main/kotlin/org/kotlintor/trunnel/CongestionControl.kt,D3,ControlParityElevationTest + Control.disableControlLogging,disable logging thinner,
L3:feature/control/enable_control_logging,3_op,feature/control,enable_control_logging,control.h,control/src/main/kotlin/org/kotlintor/control/Control.kt;core/src/main/kotlin/org/kotlintor/crypto/ControlS2k.kt;core/src/main/kotlin/org/kotlintor/circuit/CircuitFlowControl.kt;core/src/main/kotlin/org/kotlintor/circuit/CongestionControl.kt;core/src/main/kotlin/org/kotlintor/trunnel/CongestionControl.kt,D3,ControlParityElevationTest + Control.enableControlLogging,enable logging thinner,
L3:feature/control/get_cached_network_liveness,3_op,feature/control,get_cached_network_liveness,control.h,control/src/main/kotlin/org/kotlintor/control/Control.kt;core/src/main/kotlin/org/kotlintor/crypto/ControlS2k.kt;core/src/main/kotlin/org/kotlintor/circuit/CircuitFlowControl.kt;core/src/main/kotlin/org/kotlintor/circuit/CongestionControl.kt;core/src/main/kotlin/org/kotlintor/trunnel/CongestionControl.kt,D3,ControlParityElevationTest + ControlGetinfo.getCachedNetworkLiveness,network liveness thinner,
L3:feature/control/monitor_owning_controller_process,3_op,feature/control,monitor_owning_controller_process,control.h,control/src/main/kotlin/org/kotlintor/control/Control.kt;core/src/main/kotlin/org/kotlintor/crypto/ControlS2k.kt;core/src/main/kotlin/org/kotlintor/circuit/CircuitFlowControl.kt;core/src/main/kotlin/org/kotlintor/circuit/CongestionControl.kt;core/src/main/kotlin/org/kotlintor/trunnel/CongestionControl.kt,D3,ControlParityElevationTest + Control.monitorOwningControllerProcess,monitor owning thinner,
L3:feature/control/rend_auth_type_to_string,3_op,feature/control,rend_auth_type_to_string,control.h,control/src/main/kotlin/org/kotlintor/control/Control.kt;core/src/main/kotlin/org/kotlintor/crypto/ControlS2k.kt;core/src/main/kotlin/org/kotlintor/circuit/CircuitFlowControl.kt;core/src/main/kotlin/org/kotlintor/circuit/CongestionControl.kt;core/src/main/kotlin/org/kotlintor/trunnel/CongestionControl.kt,D3,ControlParityElevationTest + ControlEvents.rendAuthTypeToString,rend auth type thinner,
L3:feature/control/set_cached_network_liveness,3_op,feature/control,set_cached_network_liveness,control.h,control/src/main/kotlin/org/kotlintor/control/Control.kt;core/src/main/kotlin/org/kotlintor/crypto/ControlS2k.kt;core/src/main/kotlin/org/kotlintor/circuit/CircuitFlowControl.kt;core/src/main/kotlin/org/kotlintor/circuit/CongestionControl.kt;core/src/main/kotlin/org/kotlintor/trunnel/CongestionControl.kt,D3,ControlParityElevationTest + ControlGetinfo.setCachedNetworkLiveness,set liveness thinner,
L3:feature/control/control_auth_free_all,3_op,feature/control,control_auth_free_all,control_auth.h,control/src/main/kotlin/org/kotlintor/control/ControlAuth.kt;control/src/main/kotlin/org/kotlintor/control/Control.kt,D3,ControlParityElevationTest + ControlAuth.controlAuthFreeAll,control auth free thinner,
L3:feature/control/control_remove_authenticated_connection,3_op,feature/control,control_remove_authenticated_connection,control_auth.h,control/src/main/kotlin/org/kotlintor/control/ControlAuth.kt;control/src/main/kotlin/org/kotlintor/control/Control.kt,D3,ControlParityElevationTest + Control.controlRemoveAuthenticatedConnection,remove auth conn thinner,
L3:feature/control/decode_hashed_passwords,3_op,feature/control,decode_hashed_passwords,control_auth.h,control/src/main/kotlin/org/kotlintor/control/ControlAuth.kt;control/src/main/kotlin/org/kotlintor/control/Control.kt,D3,ControlParityElevationTest + ControlAuth.decodeHashedPasswords,decode hashed pw thinner,
L3:feature/control/get_controller_cookie_file_name,3_op,feature/control,get_controller_cookie_file_name,control_auth.h,control/src/main/kotlin/org/kotlintor/control/ControlAuth.kt;control/src/main/kotlin/org/kotlintor/control/Control.kt,D3,ControlParityElevationTest + ControlGetinfo.getControllerCookieFileName,cookie file name thinner,
L3:feature/control/handle_control_authchallenge,3_op,feature/control,handle_control_authchallenge,control_auth.h,control/src/main/kotlin/org/kotlintor/control/ControlAuth.kt;control/src/main/kotlin/org/kotlintor/control/Control.kt,D3,ControlParityElevationTest + ControlAuth.handleControlAuthchallenge,handle authchallenge thinner,
L3:feature/control/handle_control_authenticate,3_op,feature/control,handle_control_authenticate,control_auth.h,control/src/main/kotlin/org/kotlintor/control/ControlAuth.kt;control/src/main/kotlin/org/kotlintor/control/Control.kt,D3,ControlParityElevationTest + ControlAuth.handleControlAuthenticate,handle authenticate thinner,
L3:feature/control/init_control_cookie_authentication,3_op,feature/control,init_control_cookie_authentication,control_auth.h,control/src/main/kotlin/org/kotlintor/control/ControlAuth.kt;control/src/main/kotlin/org/kotlintor/control/Control.kt,D3,ControlParityElevationTest + ControlAuth.initControlCookieAuthentication,init cookie auth thinner,
L3:feature/control/add_onion_helper_add_service,3_op,feature/control,add_onion_helper_add_service,control_cmd.h,control/src/main/kotlin/org/kotlintor/control/ControlCmd.kt;core/src/main/kotlin/org/kotlintor/or/ControlCmdArgs.kt;control/src/main/kotlin/org/kotlintor/control/Control.kt,D3,ControlParityElevationTest + ControlCmd.addOnionHelperAddService,add onion helper thinner,
L3:feature/control/add_onion_helper_keyarg,3_op,feature/control,add_onion_helper_keyarg,control_cmd.h,control/src/main/kotlin/org/kotlintor/control/ControlCmd.kt;core/src/main/kotlin/org/kotlintor/or/ControlCmdArgs.kt;control/src/main/kotlin/org/kotlintor/control/Control.kt,D3,ControlParityElevationTest + ControlCmd.addOnionHelperKeyarg,add onion keyarg thinner,
L3:feature/control/control_cmd_args_free_,3_op,feature/control,control_cmd_args_free_,control_cmd.h,control/src/main/kotlin/org/kotlintor/control/ControlCmd.kt;core/src/main/kotlin/org/kotlintor/or/ControlCmdArgs.kt;control/src/main/kotlin/org/kotlintor/control/Control.kt,D3,ControlParityElevationTest + ControlCmd.controlCmdArgsFree_,cmd args free thinner,
L3:feature/control/control_cmd_args_wipe,3_op,feature/control,control_cmd_args_wipe,control_cmd.h,control/src/main/kotlin/org/kotlintor/control/ControlCmd.kt;core/src/main/kotlin/org/kotlintor/or/ControlCmdArgs.kt;control/src/main/kotlin/org/kotlintor/control/Control.kt,D3,ControlParityElevationTest + ControlCmd.controlCmdArgsWipe,cmd args wipe thinner,
L3:feature/control/control_cmd_free_all,3_op,feature/control,control_cmd_free_all,control_cmd.h,control/src/main/kotlin/org/kotlintor/control/ControlCmd.kt;core/src/main/kotlin/org/kotlintor/or/ControlCmdArgs.kt;control/src/main/kotlin/org/kotlintor/control/Control.kt,D3,ControlParityElevationTest + ControlCmd.controlCmdFreeAll,cmd free all thinner,
L3:feature/control/control_cmd_parse_args,3_op,feature/control,control_cmd_parse_args,control_cmd.h,control/src/main/kotlin/org/kotlintor/control/ControlCmd.kt;core/src/main/kotlin/org/kotlintor/or/ControlCmdArgs.kt;control/src/main/kotlin/org/kotlintor/control/Control.kt,D3,ControlParityElevationTest + ControlCmd.controlCmdParseArgs,cmd parse args thinner,
L3:feature/control/get_detached_onion_services,3_op,feature/control,get_detached_onion_services,control_cmd.h,control/src/main/kotlin/org/kotlintor/control/ControlCmd.kt;core/src/main/kotlin/org/kotlintor/or/ControlCmdArgs.kt;control/src/main/kotlin/org/kotlintor/control/Control.kt,D3,ControlParityElevationTest + ControlGetinfo.getDetachedOnionServices,detached onions thinner,
L3:feature/control/handle_control_command,3_op,feature/control,handle_control_command,control_cmd.h,control/src/main/kotlin/org/kotlintor/control/ControlCmd.kt;core/src/main/kotlin/org/kotlintor/or/ControlCmdArgs.kt;control/src/main/kotlin/org/kotlintor/control/Control.kt,D3,ControlParityElevationTest + ControlCmd.handleControlCommand,handle command thinner,
L3:feature/control/append_cell_stats_by_command,3_op,feature/control,append_cell_stats_by_command,control_events.h,control/src/main/kotlin/org/kotlintor/control/ControlEvents.kt;control/src/main/kotlin/org/kotlintor/control/Control.kt,D3,ControlParityElevationTest + ControlEvents.appendCellStatsByCommand,cell stats thinner,
L3:feature/control/cbt_control_event_buildtimeout_set,3_op,feature/control,cbt_control_event_buildtimeout_set,control_events.h,control/src/main/kotlin/org/kotlintor/control/ControlEvents.kt;control/src/main/kotlin/org/kotlintor/control/Control.kt,D3,ControlParityElevationTest + ControlEvents.cbtControlEventBuildtimeoutSet,cbt buildtimeout thinner,
L3:feature/control/control_adjust_event_log_severity,3_op,feature/control,control_adjust_event_log_severity,control_events.h,control/src/main/kotlin/org/kotlintor/control/ControlEvents.kt;control/src/main/kotlin/org/kotlintor/control/Control.kt,D3,ControlParityElevationTest + ControlEvents.controlAdjustEventLogSeverity,event log severity thinner,
L3:feature/control/control_any_per_second_event_enabled,3_op,feature/control,control_any_per_second_event_enabled,control_events.h,control/src/main/kotlin/org/kotlintor/control/ControlEvents.kt;control/src/main/kotlin/org/kotlintor/control/Control.kt,D3,ControlParityElevationTest + ControlEvents.controlAnyPerSecondEventEnabled,per second events thinner,
L3:feature/control/control_event_address_mapped,3_op,feature/control,control_event_address_mapped,control_events.h,control/src/main/kotlin/org/kotlintor/control/ControlEvents.kt;control/src/main/kotlin/org/kotlintor/control/Control.kt,D3,ControlParityElevationTest + ControlEvents.controlEventAddressMapped,addr map event thinner,
L3:feature/control/control_event_bandwidth_used,3_op,feature/control,control_event_bandwidth_used,control_events.h,control/src/main/kotlin/org/kotlintor/control/ControlEvents.kt;control/src/main/kotlin/org/kotlintor/control/Control.kt,D3,ControlParityElevationTest + ControlEvents.controlEventBandwidthUsed,bw event thinner,
L3:feature/control/control_event_boot_dir,3_op,feature/control,control_event_boot_dir,control_events.h,control/src/main/kotlin/org/kotlintor/control/ControlEvents.kt;control/src/main/kotlin/org/kotlintor/control/Control.kt,D3,ControlParityElevationTest + ControlEvents.controlEventBootDir,boot dir event thinner,
L3:feature/control/control_event_boot_first_orconn,3_op,feature/control,control_event_boot_first_orconn,control_events.h,control/src/main/kotlin/org/kotlintor/control/ControlEvents.kt;control/src/main/kotlin/org/kotlintor/control/Control.kt,D3,ControlParityElevationTest + ControlEvents.controlEventBootFirstOrconn,boot first orconn thinner,
L3:feature/control/control_event_boot_last_msg,3_op,feature/control,control_event_boot_last_msg,control_events.h,control/src/main/kotlin/org/kotlintor/control/ControlEvents.kt;control/src/main/kotlin/org/kotlintor/control/Control.kt,D3,ControlParityElevationTest + ControlEvents.controlEventBootLastMsg,boot last msg thinner,
L3:feature/control/control_event_bootstrap,3_op,feature/control,control_event_bootstrap,control_events.h,control/src/main/kotlin/org/kotlintor/control/ControlEvents.kt;control/src/main/kotlin/org/kotlintor/control/Control.kt,D3,ControlParityElevationTest + ControlEvents.controlEventBootstrap,bootstrap event thinner,
L3:feature/control/control_event_bootstrap_problem,3_op,feature/control,control_event_bootstrap_problem,control_events.h,control/src/main/kotlin/org/kotlintor/control/ControlEvents.kt;control/src/main/kotlin/org/kotlintor/control/Control.kt,D3,ControlParityElevationTest + ControlEvents.controlEventBootstrapProblem,bootstrap problem thinner,
L3:feature/control/control_event_bootstrap_reset,3_op,feature/control,control_event_bootstrap_reset,control_events.h,control/src/main/kotlin/org/kotlintor/control/ControlEvents.kt;control/src/main/kotlin/org/kotlintor/control/Control.kt,D3,ControlParityElevationTest + ControlEvents.controlEventBootstrapReset,bootstrap reset thinner,
L3:feature/control/control_event_buildtimeout_set,3_op,feature/control,control_event_buildtimeout_set,control_events.h,control/src/main/kotlin/org/kotlintor/control/ControlEvents.kt;control/src/main/kotlin/org/kotlintor/control/Control.kt,D3,ControlParityElevationTest + ControlEvents.controlEventBuildtimeoutSet,buildtimeout set thinner,
L3:feature/control/control_event_circ_bandwidth_used,3_op,feature/control,control_event_circ_bandwidth_used,control_events.h,control/src/main/kotlin/org/kotlintor/control/ControlEvents.kt;control/src/main/kotlin/org/kotlintor/control/Control.kt,D3,ControlParityElevationTest + ControlEvents.controlEventCircBandwidthUsed,circ bw thinner,
L3:feature/control/control_event_circ_bandwidth_used_for_circ,3_op,feature/control,control_event_circ_bandwidth_used_for_circ,control_events.h,control/src/main/kotlin/org/kotlintor/control/ControlEvents.kt;control/src/main/kotlin/org/kotlintor/control/Control.kt,D3,ControlParityElevationTest + ControlEvents.controlEventCircBandwidthUsedForCirc,circ bw for circ thinner,
L3:feature/control/control_event_circuit_cannibalized,3_op,feature/control,control_event_circuit_cannibalized,control_events.h,control/src/main/kotlin/org/kotlintor/control/ControlEvents.kt;control/src/main/kotlin/org/kotlintor/control/Control.kt,D3,ControlParityElevationTest + ControlEvents.controlEventCircuitCannibalized,circ cannibalized thinner,
L3:feature/control/control_event_circuit_cell_stats,3_op,feature/control,control_event_circuit_cell_stats,control_events.h,control/src/main/kotlin/org/kotlintor/control/ControlEvents.kt;control/src/main/kotlin/org/kotlintor/control/Control.kt,D3,ControlParityElevationTest + ControlEvents.controlEventCircuitCellStats,circ cell stats thinner,
L3:feature/control/control_event_circuit_purpose_changed,3_op,feature/control,control_event_circuit_purpose_changed,control_events.h,control/src/main/kotlin/org/kotlintor/control/ControlEvents.kt;control/src/main/kotlin/org/kotlintor/control/Control.kt,D3,ControlParityElevationTest + ControlEvents.controlEventCircuitPurposeChanged,circ purpose thinner,
L3:feature/control/control_event_circuit_status,3_op,feature/control,control_event_circuit_status,control_events.h,control/src/main/kotlin/org/kotlintor/control/ControlEvents.kt;control/src/main/kotlin/org/kotlintor/control/Control.kt,D3,ControlParityElevationTest + ControlEvents.controlEventCircuitStatus,circ status thinner,
L3:feature/control/control_event_client_error,3_op,feature/control,control_event_client_error,control_events.h,control/src/main/kotlin/org/kotlintor/control/ControlEvents.kt;control/src/main/kotlin/org/kotlintor/control/Control.kt,D3,ControlParityElevationTest + ControlEvents.controlEventClientError,client error thinner,
L3:feature/control/control_event_client_status,3_op,feature/control,control_event_client_status,control_events.h,control/src/main/kotlin/org/kotlintor/control/ControlEvents.kt;control/src/main/kotlin/org/kotlintor/control/Control.kt,D3,ControlParityElevationTest + ControlEvents.controlEventClientStatus,client status thinner,
L3:feature/control/control_event_clients_seen,3_op,feature/control,control_event_clients_seen,control_events.h,control/src/main/kotlin/org/kotlintor/control/ControlEvents.kt;control/src/main/kotlin/org/kotlintor/control/Control.kt,D3,ControlParityElevationTest + ControlEvents.controlEventClientsSeen,clients seen thinner,
L3:feature/control/control_event_conf_changed,3_op,feature/control,control_event_conf_changed,control_events.h,control/src/main/kotlin/org/kotlintor/control/ControlEvents.kt;control/src/main/kotlin/org/kotlintor/control/Control.kt,D3,ControlParityElevationTest + ControlEvents.controlEventConfChanged,conf changed thinner,
L3:feature/control/control_event_conn_bandwidth,3_op,feature/control,control_event_conn_bandwidth,control_events.h,control/src/main/kotlin/org/kotlintor/control/ControlEvents.kt;control/src/main/kotlin/org/kotlintor/control/Control.kt,D3,ControlParityElevationTest + ControlEvents.controlEventConnBandwidth,conn bw thinner,
L3:feature/control/control_event_conn_bandwidth_used,3_op,feature/control,control_event_conn_bandwidth_used,control_events.h,control/src/main/kotlin/org/kotlintor/control/ControlEvents.kt;control/src/main/kotlin/org/kotlintor/control/Control.kt,D3,ControlParityElevationTest + ControlEvents.controlEventConnBandwidthUsed,conn bw used thinner,
L3:feature/control/circuit_describe_status_for_controller,3_op,feature/control,circuit_describe_status_for_controller,control_fmt.h,control/src/main/kotlin/org/kotlintor/control/ControlFmt.kt;control/src/main/kotlin/org/kotlintor/control/Control.kt,D3,ControlParityElevationTest + ControlFmt.circuitDescribeStatusForController,circ describe thinner,
L3:feature/control/entry_connection_describe_status_for_controller,3_op,feature/control,entry_connection_describe_status_for_controller,control_fmt.h,control/src/main/kotlin/org/kotlintor/control/ControlFmt.kt;control/src/main/kotlin/org/kotlintor/control/Control.kt,D3,ControlParityElevationTest + Control.entryConnectionDescribeStatusForController,entry conn describe thinner,
L3:feature/control/orconn_target_get_name,3_op,feature/control,orconn_target_get_name,control_fmt.h,control/src/main/kotlin/org/kotlintor/control/ControlFmt.kt;control/src/main/kotlin/org/kotlintor/control/Control.kt,D3,ControlParityElevationTest + Control.orconnTargetGetName,orconn target name thinner,
L3:feature/control/write_stream_target_to_buf,3_op,feature/control,write_stream_target_to_buf,control_fmt.h,control/src/main/kotlin/org/kotlintor/control/ControlFmt.kt;control/src/main/kotlin/org/kotlintor/control/Control.kt,D3,ControlParityElevationTest + ControlFmt.writeStreamTargetToBuf,stream target buf thinner,
L3:feature/control/getinfo_helper_current_consensus,3_op,feature/control,getinfo_helper_current_consensus,control_getinfo.h,control/src/main/kotlin/org/kotlintor/control/ControlGetinfo.kt;control/src/main/kotlin/org/kotlintor/control/Control.kt,D3,ControlParityElevationTest + ControlGetinfo.getinfoHelperCurrentConsensus,getinfo consensus thinner,
L3:feature/control/getinfo_helper_current_time,3_op,feature/control,getinfo_helper_current_time,control_getinfo.h,control/src/main/kotlin/org/kotlintor/control/ControlGetinfo.kt;control/src/main/kotlin/org/kotlintor/control/Control.kt,D3,ControlParityElevationTest + ControlGetinfo.getinfoHelperCurrentTime,getinfo time thinner,
L3:feature/control/getinfo_helper_dir,3_op,feature/control,getinfo_helper_dir,control_getinfo.h,control/src/main/kotlin/org/kotlintor/control/ControlGetinfo.kt;control/src/main/kotlin/org/kotlintor/control/Control.kt,D3,ControlParityElevationTest + ControlGetinfo.getinfoHelperDir,getinfo dir thinner,
L3:feature/control/getinfo_helper_downloads,3_op,feature/control,getinfo_helper_downloads,control_getinfo.h,control/src/main/kotlin/org/kotlintor/control/ControlGetinfo.kt;control/src/main/kotlin/org/kotlintor/control/Control.kt,D3,ControlParityElevationTest + ControlGetinfo.getinfoHelperDownloads,getinfo downloads thinner,
L3:feature/control/getinfo_helper_downloads_bridge,3_op,feature/control,getinfo_helper_downloads_bridge,control_getinfo.h,control/src/main/kotlin/org/kotlintor/control/ControlGetinfo.kt;control/src/main/kotlin/org/kotlintor/control/Control.kt,D3,ControlParityElevationTest + ControlGetinfo.getinfoHelperDownloadsBridge,getinfo dl bridge thinner,
L3:feature/control/getinfo_helper_downloads_cert,3_op,feature/control,getinfo_helper_downloads_cert,control_getinfo.h,control/src/main/kotlin/org/kotlintor/control/ControlGetinfo.kt;control/src/main/kotlin/org/kotlintor/control/Control.kt,D3,ControlParityElevationTest + ControlGetinfo.getinfoHelperDownloadsCert,getinfo dl cert thinner,
L3:feature/control/getinfo_helper_downloads_desc,3_op,feature/control,getinfo_helper_downloads_desc,control_getinfo.h,control/src/main/kotlin/org/kotlintor/control/ControlGetinfo.kt;control/src/main/kotlin/org/kotlintor/control/Control.kt,D3,ControlParityElevationTest + ControlGetinfo.getinfoHelperDownloadsDesc,getinfo dl desc thinner,
L3:feature/control/getinfo_helper_downloads_networkstatus,3_op,feature/control,getinfo_helper_downloads_networkstatus,control_getinfo.h,control/src/main/kotlin/org/kotlintor/control/ControlGetinfo.kt;control/src/main/kotlin/org/kotlintor/control/Control.kt,D3,ControlParityElevationTest + ControlGetinfo.getinfoHelperDownloadsNetworkstatus,getinfo dl ns thinner,
L3:feature/control/getinfo_helper_onions,3_op,feature/control,getinfo_helper_onions,control_getinfo.h,control/src/main/kotlin/org/kotlintor/control/ControlGetinfo.kt;control/src/main/kotlin/org/kotlintor/control/Control.kt,D3,ControlParityElevationTest + ControlGetinfo.getinfoHelperOnions,getinfo onions thinner,
L3:feature/control/getinfo_helper_rephist,3_op,feature/control,getinfo_helper_rephist,control_getinfo.h,control/src/main/kotlin/org/kotlintor/control/ControlGetinfo.kt;control/src/main/kotlin/org/kotlintor/control/Control.kt,D3,ControlParityElevationTest + ControlGetinfo.getinfoHelperRephist,getinfo rephist thinner,
L3:feature/control/handle_control_getinfo,3_op,feature/control,handle_control_getinfo,control_getinfo.h,control/src/main/kotlin/org/kotlintor/control/ControlGetinfo.kt;control/src/main/kotlin/org/kotlintor/control/Control.kt,D3,ControlParityElevationTest + ControlCmd.handleControlGetinfo,handle getinfo thinner,
L3:feature/control/handle_control_onion_client_auth_add,3_op,feature/control,handle_control_onion_client_auth_add,control_hs.h,control/src/main/kotlin/org/kotlintor/control/ControlHs.kt;control/src/main/kotlin/org/kotlintor/control/Control.kt,D3,ControlParityElevationTest + ControlCmd.handleControlOnionClientAuthAdd,onion auth add thinner,
L3:feature/control/handle_control_onion_client_auth_remove,3_op,feature/control,handle_control_onion_client_auth_remove,control_hs.h,control/src/main/kotlin/org/kotlintor/control/ControlHs.kt;control/src/main/kotlin/org/kotlintor/control/Control.kt,D3,ControlParityElevationTest + ControlCmd.handleControlOnionClientAuthRemove,onion auth remove thinner,
L3:feature/control/handle_control_onion_client_auth_view,3_op,feature/control,handle_control_onion_client_auth_view,control_hs.h,control/src/main/kotlin/org/kotlintor/control/ControlHs.kt;control/src/main/kotlin/org/kotlintor/control/Control.kt,D3,ControlParityElevationTest + ControlCmd.handleControlOnionClientAuthView,onion auth view thinner,
L3:feature/control/connection_printf_to_buf,3_op,feature/control,connection_printf_to_buf,control_proto.h,control/src/main/kotlin/org/kotlintor/control/ControlProto.kt;control/src/main/kotlin/org/kotlintor/control/Control.kt,D3,ControlParityElevationTest + ControlProto.connectionPrintfToBuf,printf to buf thinner,
L3:feature/control/connection_write_str_to_buf,3_op,feature/control,connection_write_str_to_buf,control_proto.h,control/src/main/kotlin/org/kotlintor/control/ControlProto.kt;control/src/main/kotlin/org/kotlintor/control/Control.kt,D3,ControlParityElevationTest + ControlProto.connectionWriteStrToBuf,write str to buf thinner,
L3:feature/control/control_printf_datareply,3_op,feature/control,control_printf_datareply,control_proto.h,control/src/main/kotlin/org/kotlintor/control/ControlProto.kt;control/src/main/kotlin/org/kotlintor/control/Control.kt,D3,ControlParityElevationTest + ControlProto.controlPrintfDatareply,printf datareply thinner,
L3:feature/control/control_printf_endreply,3_op,feature/control,control_printf_endreply,control_proto.h,control/src/main/kotlin/org/kotlintor/control/ControlProto.kt;control/src/main/kotlin/org/kotlintor/control/Control.kt,D3,ControlParityElevationTest + ControlProto.controlPrintfEndreply,printf endreply thinner,
L3:feature/control/control_printf_midreply,3_op,feature/control,control_printf_midreply,control_proto.h,control/src/main/kotlin/org/kotlintor/control/ControlProto.kt;control/src/main/kotlin/org/kotlintor/control/Control.kt,D3,ControlParityElevationTest + ControlProto.controlPrintfMidreply,printf midreply thinner,
L3:feature/control/control_reply_add_done,3_op,feature/control,control_reply_add_done,control_proto.h,control/src/main/kotlin/org/kotlintor/control/ControlProto.kt;control/src/main/kotlin/org/kotlintor/control/Control.kt,D3,ControlParityElevationTest + ControlProto.controlReplyAddDone,reply add done thinner,
L3:feature/control/control_reply_add_one_kv,3_op,feature/control,control_reply_add_one_kv,control_proto.h,control/src/main/kotlin/org/kotlintor/control/ControlProto.kt;control/src/main/kotlin/org/kotlintor/control/Control.kt,D3,ControlParityElevationTest + ControlProto.controlReplyAddOneKv,reply add kv thinner,
L3:feature/control/control_reply_add_printf,3_op,feature/control,control_reply_add_printf,control_proto.h,control/src/main/kotlin/org/kotlintor/control/ControlProto.kt;control/src/main/kotlin/org/kotlintor/control/Control.kt,D3,ControlParityElevationTest + ControlProto.controlReplyAddPrintf,reply add printf thinner,
L3:feature/control/control_reply_add_str,3_op,feature/control,control_reply_add_str,control_proto.h,control/src/main/kotlin/org/kotlintor/control/ControlProto.kt;control/src/main/kotlin/org/kotlintor/control/Control.kt,D3,ControlParityElevationTest + ControlProto.controlReplyAddStr,reply add str thinner,
L3:feature/control/control_reply_append_kv,3_op,feature/control,control_reply_append_kv,control_proto.h,control/src/main/kotlin/org/kotlintor/control/ControlProto.kt;control/src/main/kotlin/org/kotlintor/control/Control.kt,D3,ControlParityElevationTest + ControlProto.controlReplyAppendKv,reply append kv thinner,
L3:feature/control/control_reply_clear,3_op,feature/control,control_reply_clear,control_proto.h,control/src/main/kotlin/org/kotlintor/control/ControlProto.kt;control/src/main/kotlin/org/kotlintor/control/Control.kt,D3,ControlParityElevationTest + ControlProto.controlReplyClear,reply clear thinner,
L3:feature/control/control_reply_free_,3_op,feature/control,control_reply_free_,control_proto.h,control/src/main/kotlin/org/kotlintor/control/ControlProto.kt;control/src/main/kotlin/org/kotlintor/control/Control.kt,D3,ControlParityElevationTest + ControlProto.controlReplyFree_,reply free thinner,
L3:feature/control/control_reply_line_free_,3_op,feature/control,control_reply_line_free_,control_proto.h,control/src/main/kotlin/org/kotlintor/control/ControlProto.kt;control/src/main/kotlin/org/kotlintor/control/Control.kt,D3,ControlParityElevationTest + ControlProto.controlReplyLineFree_,reply line free thinner,
L3:feature/control/control_vprintf_reply,3_op,feature/control,control_vprintf_reply,control_proto.h,control/src/main/kotlin/org/kotlintor/control/ControlProto.kt;control/src/main/kotlin/org/kotlintor/control/Control.kt,D3,ControlParityElevationTest + ControlProto.controlVprintfReply,vprintf reply thinner,
L3:feature/control/control_write_data,3_op,feature/control,control_write_data,control_proto.h,control/src/main/kotlin/org/kotlintor/control/ControlProto.kt;control/src/main/kotlin/org/kotlintor/control/Control.kt,D3,ControlParityElevationTest + ControlProto.controlWriteData,write data thinner,
L3:feature/control/control_write_datareply,3_op,feature/control,control_write_datareply,control_proto.h,control/src/main/kotlin/org/kotlintor/control/ControlProto.kt;control/src/main/kotlin/org/kotlintor/control/Control.kt,D3,ControlParityElevationTest + ControlProto.controlWriteDatareply,write datareply thinner,
L3:feature/control/control_write_endreply,3_op,feature/control,control_write_endreply,control_proto.h,control/src/main/kotlin/org/kotlintor/control/ControlProto.kt;control/src/main/kotlin/org/kotlintor/control/Control.kt,D3,ControlParityElevationTest + ControlProto.controlWriteEndreply,write endreply thinner,
L3:feature/control/control_write_midreply,3_op,feature/control,control_write_midreply,control_proto.h,control/src/main/kotlin/org/kotlintor/control/ControlProto.kt;control/src/main/kotlin/org/kotlintor/control/Control.kt,D3,ControlParityElevationTest + ControlProto.controlWriteMidreply,write midreply thinner,
L3:feature/control/control_write_reply_line,3_op,feature/control,control_write_reply_line,control_proto.h,control/src/main/kotlin/org/kotlintor/control/ControlProto.kt;control/src/main/kotlin/org/kotlintor/control/Control.kt,D3,ControlParityElevationTest + ControlProto.controlWriteReplyLine,write reply line thinner,
L3:feature/control/control_write_reply_lines,3_op,feature/control,control_write_reply_lines,control_proto.h,control/src/main/kotlin/org/kotlintor/control/ControlProto.kt;control/src/main/kotlin/org/kotlintor/control/Control.kt,D3,ControlParityElevationTest + ControlProto.controlWriteReplyLines,write reply lines thinner,
L3:feature/control/read_escaped_data,3_op,feature/control,read_escaped_data,control_proto.h,control/src/main/kotlin/org/kotlintor/control/ControlProto.kt;control/src/main/kotlin/org/kotlintor/control/Control.kt,D3,ControlParityElevationTest + ControlProto.readEscapedData,read escaped thinner,
L3:feature/control/send_control_done,3_op,feature/control,send_control_done,control_proto.h,control/src/main/kotlin/org/kotlintor/control/ControlProto.kt;control/src/main/kotlin/org/kotlintor/control/Control.kt,D3,ControlParityElevationTest + ControlProto.sendControlDone,send control done thinner,
L3:feature/control/write_escaped_data,3_op,feature/control,write_escaped_data,control_proto.h,control/src/main/kotlin/org/kotlintor/control/ControlProto.kt;control/src/main/kotlin/org/kotlintor/control/Control.kt,D3,ControlParityElevationTest + ControlProto.writeEscapedData,write escaped thinner,
L3:feature/control/getinfo_helper_geoip,3_op,feature/control,getinfo_helper_geoip,getinfo_geoip.h,control/src/main/kotlin/org/kotlintor/control/GetinfoGeoip.kt;core/src/main/kotlin/org/kotlintor/dir/GeoIp.kt,D3,ControlParityElevationTest + ControlGetinfo.getinfoHelperGeoip,getinfo geoip thinner,
L3:feature/nodelist/authcert_free_all,3_op,feature/nodelist,authcert_free_all,authcert.h,core/src/main/kotlin/org/kotlintor/dir/AuthCert.kt;core/src/main/kotlin/org/kotlintor/dir/AuthCertParse.kt,D3,NodelistParityElevationTest + AuthCert.authcertFreeAll,authcert free all thinner,
L3:feature/nodelist/authority_cert_dl_failed,3_op,feature/nodelist,authority_cert_dl_failed,authcert.h,core/src/main/kotlin/org/kotlintor/dir/AuthCert.kt;core/src/main/kotlin/org/kotlintor/dir/AuthCertParse.kt,D3,NodelistParityElevationTest + AuthCert.authorityCertDlFailed,authority cert dl failed thinner,
L3:feature/nodelist/authority_cert_dl_looks_uncertain,3_op,feature/nodelist,authority_cert_dl_looks_uncertain,authcert.h,core/src/main/kotlin/org/kotlintor/dir/AuthCert.kt;core/src/main/kotlin/org/kotlintor/dir/AuthCertParse.kt,D3,NodelistParityElevationTest + AuthCert.authorityCertDlLooksUncertain,authority cert dl uncertain thinner,
L3:feature/nodelist/authority_cert_free_,3_op,feature/nodelist,authority_cert_free_,authcert.h,core/src/main/kotlin/org/kotlintor/dir/AuthCert.kt;core/src/main/kotlin/org/kotlintor/dir/AuthCertParse.kt,D3,NodelistParityElevationTest + AuthCert.authorityCertFree_,authority cert free thinner,
L3:feature/nodelist/authority_cert_get_all,3_op,feature/nodelist,authority_cert_get_all,authcert.h,core/src/main/kotlin/org/kotlintor/dir/AuthCert.kt;core/src/main/kotlin/org/kotlintor/dir/AuthCertParse.kt,D3,NodelistParityElevationTest + AuthCert.authorityCertGetAll,authority cert get all thinner,
L3:feature/nodelist/authority_cert_get_by_digests,3_op,feature/nodelist,authority_cert_get_by_digests,authcert.h,core/src/main/kotlin/org/kotlintor/dir/AuthCert.kt;core/src/main/kotlin/org/kotlintor/dir/AuthCertParse.kt,D3,NodelistParityElevationTest + AuthCert.authorityCertGetByDigests,authority cert get by digests thinner,
L3:feature/nodelist/authority_cert_get_by_sk_digest,3_op,feature/nodelist,authority_cert_get_by_sk_digest,authcert.h,core/src/main/kotlin/org/kotlintor/dir/AuthCert.kt;core/src/main/kotlin/org/kotlintor/dir/AuthCertParse.kt,D3,NodelistParityElevationTest + AuthCert.authorityCertGetBySkDigest,authority cert get by sk thinner,
L3:feature/nodelist/authority_cert_get_newest_by_id,3_op,feature/nodelist,authority_cert_get_newest_by_id,authcert.h,core/src/main/kotlin/org/kotlintor/dir/AuthCert.kt;core/src/main/kotlin/org/kotlintor/dir/AuthCertParse.kt,D3,NodelistParityElevationTest + AuthCert.authorityCertGetNewestById,authority cert newest by id thinner,
L3:feature/nodelist/authority_cert_is_denylisted,3_op,feature/nodelist,authority_cert_is_denylisted,authcert.h,core/src/main/kotlin/org/kotlintor/dir/AuthCert.kt;core/src/main/kotlin/org/kotlintor/dir/AuthCertParse.kt,D3,NodelistParityElevationTest + AuthCert.authorityCertIsDenylisted,authority cert denylisted thinner,
L3:feature/nodelist/authority_certs_fetch_missing,3_op,feature/nodelist,authority_certs_fetch_missing,authcert.h,core/src/main/kotlin/org/kotlintor/dir/AuthCert.kt;core/src/main/kotlin/org/kotlintor/dir/AuthCertParse.kt,D3,NodelistParityElevationTest + AuthCert.authorityCertsFetchMissing,authority certs fetch missing thinner,
L3:feature/nodelist/trusted_dirs_flush_certs_to_disk,3_op,feature/nodelist,trusted_dirs_flush_certs_to_disk,authcert.h,core/src/main/kotlin/org/kotlintor/dir/AuthCert.kt;core/src/main/kotlin/org/kotlintor/dir/AuthCertParse.kt,D2,header authcert.h; module mirror; matched 2 path(s),op-level mapping unaudited for trusted_dirs_flush_certs_to_disk,
L3:feature/nodelist/trusted_dirs_load_certs_from_string,3_op,feature/nodelist,trusted_dirs_load_certs_from_string,authcert.h,core/src/main/kotlin/org/kotlintor/dir/AuthCert.kt;core/src/main/kotlin/org/kotlintor/dir/AuthCertParse.kt,D2,header authcert.h; module mirror; matched 2 path(s),op-level mapping unaudited for trusted_dirs_load_certs_from_string,
L3:feature/nodelist/trusted_dirs_reload_certs,3_op,feature/nodelist,trusted_dirs_reload_certs,authcert.h,core/src/main/kotlin/org/kotlintor/dir/AuthCert.kt;core/src/main/kotlin/org/kotlintor/dir/AuthCertParse.kt,D2,header authcert.h; module mirror; matched 2 path(s),op-level mapping unaudited for trusted_dirs_reload_certs,
L3:feature/nodelist/trusted_dirs_remove_old_certs,3_op,feature/nodelist,trusted_dirs_remove_old_certs,authcert.h,core/src/main/kotlin/org/kotlintor/dir/AuthCert.kt;core/src/main/kotlin/org/kotlintor/dir/AuthCertParse.kt,D2,header authcert.h; module mirror; matched 2 path(s),op-level mapping unaudited for trusted_dirs_remove_old_certs,
L3:feature/nodelist/extend_info_describe,3_op,feature/nodelist,extend_info_describe,describe.h,core/src/main/kotlin/org/kotlintor/dir/Describe.kt;core/src/main/kotlin/org/kotlintor/dir/NicknameDescribeNodeSelect.kt,D3,NodelistParityElevationTest + Describe.extendInfoDescribe,extend info describe thinner,
L3:feature/nodelist/format_node_description,3_op,feature/nodelist,format_node_description,describe.h,core/src/main/kotlin/org/kotlintor/dir/Describe.kt;core/src/main/kotlin/org/kotlintor/dir/NicknameDescribeNodeSelect.kt,D3,NodelistParityElevationTest + Describe.formatNodeDescription,format node description thinner,
L3:feature/nodelist/node_describe,3_op,feature/nodelist,node_describe,describe.h,core/src/main/kotlin/org/kotlintor/dir/Describe.kt;core/src/main/kotlin/org/kotlintor/dir/NicknameDescribeNodeSelect.kt,D3,NodelistParityElevationTest + NodeList.nodeDescribe,node describe thinner,
L3:feature/nodelist/router_describe,3_op,feature/nodelist,router_describe,describe.h,core/src/main/kotlin/org/kotlintor/dir/Describe.kt;core/src/main/kotlin/org/kotlintor/dir/NicknameDescribeNodeSelect.kt,D2,header describe.h; module mirror; matched 2 path(s),op-level mapping unaudited for router_describe,
L3:feature/nodelist/router_get_verbose_nickname,3_op,feature/nodelist,router_get_verbose_nickname,describe.h,core/src/main/kotlin/org/kotlintor/dir/Describe.kt;core/src/main/kotlin/org/kotlintor/dir/NicknameDescribeNodeSelect.kt,D2,header describe.h; module mirror; matched 2 path(s),op-level mapping unaudited for router_get_verbose_nickname,
L3:feature/nodelist/routerstatus_describe,3_op,feature/nodelist,routerstatus_describe,describe.h,core/src/main/kotlin/org/kotlintor/dir/Describe.kt;core/src/main/kotlin/org/kotlintor/dir/NicknameDescribeNodeSelect.kt,D2,header describe.h; module mirror; matched 2 path(s),op-level mapping unaudited for routerstatus_describe,
L3:feature/nodelist/auth_dirport_usage_for_purpose,3_op,feature/nodelist,auth_dirport_usage_for_purpose,dirlist.h,core/src/main/kotlin/org/kotlintor/dir/DirList.kt,D3,NodelistParityElevationTest + DirList.authDirportUsageForPurpose,auth dirport usage thinner,
L3:feature/nodelist/clear_dir_servers,3_op,feature/nodelist,clear_dir_servers,dirlist.h,core/src/main/kotlin/org/kotlintor/dir/DirList.kt,D3,NodelistParityElevationTest + DirList.clearDirServers,clear dir servers thinner,
L3:feature/nodelist/dir_server_add,3_op,feature/nodelist,dir_server_add,dirlist.h,core/src/main/kotlin/org/kotlintor/dir/DirList.kt,D3,NodelistParityElevationTest + DirList.dirServerAdd,dir server add thinner,
L3:feature/nodelist/dirlist_free_all,3_op,feature/nodelist,dirlist_free_all,dirlist.h,core/src/main/kotlin/org/kotlintor/dir/DirList.kt,D3,NodelistParityElevationTest + DirList.dirlistFreeAll,dirlist free all thinner,
L3:feature/nodelist/fallback_dir_server_new,3_op,feature/nodelist,fallback_dir_server_new,dirlist.h,core/src/main/kotlin/org/kotlintor/dir/DirList.kt,D3,NodelistParityElevationTest + DirList.fallbackDirServerNew,fallback dir server new thinner,
L3:feature/nodelist/get_n_authorities,3_op,feature/nodelist,get_n_authorities,dirlist.h,core/src/main/kotlin/org/kotlintor/dir/DirList.kt,D3,NodelistParityElevationTest + DirList.getNAuthorities,get n authorities thinner,
L3:feature/nodelist/mark_all_dirservers_up,3_op,feature/nodelist,mark_all_dirservers_up,dirlist.h,core/src/main/kotlin/org/kotlintor/dir/DirList.kt,D3,NodelistParityElevationTest + DirList.markAllDirserversUp,mark all dirservers up thinner,
L3:feature/nodelist/router_addr_is_trusted_dir_type,3_op,feature/nodelist,router_addr_is_trusted_dir_type,dirlist.h,core/src/main/kotlin/org/kotlintor/dir/DirList.kt,D2,header dirlist.h; module mirror; matched 1 path(s),op-level mapping unaudited for router_addr_is_trusted_dir_type,
L3:feature/nodelist/router_digest_is_fallback_dir,3_op,feature/nodelist,router_digest_is_fallback_dir,dirlist.h,core/src/main/kotlin/org/kotlintor/dir/DirList.kt,D2,header dirlist.h; module mirror; matched 1 path(s),op-level mapping unaudited for router_digest_is_fallback_dir,
L3:feature/nodelist/router_get_fallback_dir_servers,3_op,feature/nodelist,router_get_fallback_dir_servers,dirlist.h,core/src/main/kotlin/org/kotlintor/dir/DirList.kt,D2,header dirlist.h; module mirror; matched 1 path(s),op-level mapping unaudited for router_get_fallback_dir_servers,
L3:feature/nodelist/router_get_fallback_dir_servers_mutable,3_op,feature/nodelist,router_get_fallback_dir_servers_mutable,dirlist.h,core/src/main/kotlin/org/kotlintor/dir/DirList.kt,D2,header dirlist.h; module mirror; matched 1 path(s),op-level mapping unaudited for router_get_fallback_dir_servers_mutable,
L3:feature/nodelist/router_get_fallback_dirserver_by_digest,3_op,feature/nodelist,router_get_fallback_dirserver_by_digest,dirlist.h,core/src/main/kotlin/org/kotlintor/dir/DirList.kt,D2,header dirlist.h; module mirror; matched 1 path(s),op-level mapping unaudited for router_get_fallback_dirserver_by_digest,
L3:feature/nodelist/router_get_trusted_dir_servers,3_op,feature/nodelist,router_get_trusted_dir_servers,dirlist.h,core/src/main/kotlin/org/kotlintor/dir/DirList.kt,D2,header dirlist.h; module mirror; matched 1 path(s),op-level mapping unaudited for router_get_trusted_dir_servers,
L3:feature/nodelist/router_get_trusted_dir_servers_mutable,3_op,feature/nodelist,router_get_trusted_dir_servers_mutable,dirlist.h,core/src/main/kotlin/org/kotlintor/dir/DirList.kt,D2,header dirlist.h; module mirror; matched 1 path(s),op-level mapping unaudited for router_get_trusted_dir_servers_mutable,
L3:feature/nodelist/router_get_trusteddirserver_by_digest,3_op,feature/nodelist,router_get_trusteddirserver_by_digest,dirlist.h,core/src/main/kotlin/org/kotlintor/dir/DirList.kt,D2,header dirlist.h; module mirror; matched 1 path(s),op-level mapping unaudited for router_get_trusteddirserver_by_digest,
L3:feature/nodelist/trusted_dir_server_add_dirport,3_op,feature/nodelist,trusted_dir_server_add_dirport,dirlist.h,core/src/main/kotlin/org/kotlintor/dir/DirList.kt,D2,header dirlist.h; module mirror; matched 1 path(s),op-level mapping unaudited for trusted_dir_server_add_dirport,
L3:feature/nodelist/trusted_dir_server_get_dirport,3_op,feature/nodelist,trusted_dir_server_get_dirport,dirlist.h,core/src/main/kotlin/org/kotlintor/dir/DirList.kt,D2,header dirlist.h; module mirror; matched 1 path(s),op-level mapping unaudited for trusted_dir_server_get_dirport,
L3:feature/nodelist/trusted_dir_server_get_dirport_exact,3_op,feature/nodelist,trusted_dir_server_get_dirport_exact,dirlist.h,core/src/main/kotlin/org/kotlintor/dir/DirList.kt,D2,header dirlist.h; module mirror; matched 1 path(s),op-level mapping unaudited for trusted_dir_server_get_dirport_exact,
L3:feature/nodelist/trusted_dir_server_new,3_op,feature/nodelist,trusted_dir_server_new,dirlist.h,core/src/main/kotlin/org/kotlintor/dir/DirList.kt,D2,header dirlist.h; module mirror; matched 1 path(s),op-level mapping unaudited for trusted_dir_server_new,
L3:feature/nodelist/routerstatus_format_entry,3_op,feature/nodelist,routerstatus_format_entry,fmt_routerstatus.h,core/src/main/kotlin/org/kotlintor/dir/FmtRouterStatus.kt;core/src/main/kotlin/org/kotlintor/relay/Router.kt;core/src/main/kotlin/org/kotlintor/status/Status.kt,D2,header fmt_routerstatus.h; module mirror; matched 3 path(s),op-level mapping unaudited for routerstatus_format_entry,
L3:feature/nodelist/get_microdesc_cache,3_op,feature/nodelist,get_microdesc_cache,microdesc.h,core/src/main/kotlin/org/kotlintor/dir/Microdesc.kt;core/src/main/kotlin/org/kotlintor/dir/MicrodescConsensus.kt;core/src/main/kotlin/org/kotlintor/dir/MicrodescParse.kt;core/src/main/kotlin/org/kotlintor/or/MicrodescCache.kt;core/src/main/kotlin/org/kotlintor/or/VoteMicrodescHash.kt,D3,NodelistParityElevationTest + Microdesc.getMicrodescCache,get microdesc cache thinner,
L3:feature/nodelist/microdesc_cache_clean,3_op,feature/nodelist,microdesc_cache_clean,microdesc.h,core/src/main/kotlin/org/kotlintor/dir/Microdesc.kt;core/src/main/kotlin/org/kotlintor/dir/MicrodescConsensus.kt;core/src/main/kotlin/org/kotlintor/dir/MicrodescParse.kt;core/src/main/kotlin/org/kotlintor/or/MicrodescCache.kt;core/src/main/kotlin/org/kotlintor/or/VoteMicrodescHash.kt,D3,NodelistParityElevationTest + Microdesc.microdescCacheClean,microdesc cache clean thinner,
L3:feature/nodelist/microdesc_cache_clear,3_op,feature/nodelist,microdesc_cache_clear,microdesc.h,core/src/main/kotlin/org/kotlintor/dir/Microdesc.kt;core/src/main/kotlin/org/kotlintor/dir/MicrodescConsensus.kt;core/src/main/kotlin/org/kotlintor/dir/MicrodescParse.kt;core/src/main/kotlin/org/kotlintor/or/MicrodescCache.kt;core/src/main/kotlin/org/kotlintor/or/VoteMicrodescHash.kt,D3,NodelistParityElevationTest + Microdesc.microdescCacheClear,microdesc cache clear thinner,
L3:feature/nodelist/microdesc_cache_lookup_by_digest256,3_op,feature/nodelist,microdesc_cache_lookup_by_digest256,microdesc.h,core/src/main/kotlin/org/kotlintor/dir/Microdesc.kt;core/src/main/kotlin/org/kotlintor/dir/MicrodescConsensus.kt;core/src/main/kotlin/org/kotlintor/dir/MicrodescParse.kt;core/src/main/kotlin/org/kotlintor/or/MicrodescCache.kt;core/src/main/kotlin/org/kotlintor/or/VoteMicrodescHash.kt,D3,NodelistParityElevationTest + Microdesc.microdescCacheLookupByDigest256,microdesc lookup digest256 thinner,
L3:feature/nodelist/microdesc_cache_rebuild,3_op,feature/nodelist,microdesc_cache_rebuild,microdesc.h,core/src/main/kotlin/org/kotlintor/dir/Microdesc.kt;core/src/main/kotlin/org/kotlintor/dir/MicrodescConsensus.kt;core/src/main/kotlin/org/kotlintor/dir/MicrodescParse.kt;core/src/main/kotlin/org/kotlintor/or/MicrodescCache.kt;core/src/main/kotlin/org/kotlintor/or/VoteMicrodescHash.kt,D3,NodelistParityElevationTest + Microdesc.microdescCacheRebuild,microdesc cache rebuild thinner,
L3:feature/nodelist/microdesc_cache_reload,3_op,feature/nodelist,microdesc_cache_reload,microdesc.h,core/src/main/kotlin/org/kotlintor/dir/Microdesc.kt;core/src/main/kotlin/org/kotlintor/dir/MicrodescConsensus.kt;core/src/main/kotlin/org/kotlintor/dir/MicrodescParse.kt;core/src/main/kotlin/org/kotlintor/or/MicrodescCache.kt;core/src/main/kotlin/org/kotlintor/or/VoteMicrodescHash.kt,D3,NodelistParityElevationTest + Microdesc.microdescCacheReload,microdesc cache reload thinner,
L3:feature/nodelist/microdesc_check_counts,3_op,feature/nodelist,microdesc_check_counts,microdesc.h,core/src/main/kotlin/org/kotlintor/dir/Microdesc.kt;core/src/main/kotlin/org/kotlintor/dir/MicrodescConsensus.kt;core/src/main/kotlin/org/kotlintor/dir/MicrodescParse.kt;core/src/main/kotlin/org/kotlintor/or/MicrodescCache.kt;core/src/main/kotlin/org/kotlintor/or/VoteMicrodescHash.kt,D3,NodelistParityElevationTest + Microdesc.microdescCheckCounts,microdesc check counts thinner,
L3:feature/nodelist/microdesc_free_,3_op,feature/nodelist,microdesc_free_,microdesc.h,core/src/main/kotlin/org/kotlintor/dir/Microdesc.kt;core/src/main/kotlin/org/kotlintor/dir/MicrodescConsensus.kt;core/src/main/kotlin/org/kotlintor/dir/MicrodescParse.kt;core/src/main/kotlin/org/kotlintor/or/MicrodescCache.kt;core/src/main/kotlin/org/kotlintor/or/VoteMicrodescHash.kt,D3,NodelistParityElevationTest + Microdesc.microdescFree_,microdesc free thinner,
L3:feature/nodelist/microdesc_free_all,3_op,feature/nodelist,microdesc_free_all,microdesc.h,core/src/main/kotlin/org/kotlintor/dir/Microdesc.kt;core/src/main/kotlin/org/kotlintor/dir/MicrodescConsensus.kt;core/src/main/kotlin/org/kotlintor/dir/MicrodescParse.kt;core/src/main/kotlin/org/kotlintor/or/MicrodescCache.kt;core/src/main/kotlin/org/kotlintor/or/VoteMicrodescHash.kt,D3,NodelistParityElevationTest + Microdesc.microdescFreeAll,microdesc free all thinner,
L3:feature/nodelist/microdesc_list_missing_digest256,3_op,feature/nodelist,microdesc_list_missing_digest256,microdesc.h,core/src/main/kotlin/org/kotlintor/dir/Microdesc.kt;core/src/main/kotlin/org/kotlintor/dir/MicrodescConsensus.kt;core/src/main/kotlin/org/kotlintor/dir/MicrodescParse.kt;core/src/main/kotlin/org/kotlintor/or/MicrodescCache.kt;core/src/main/kotlin/org/kotlintor/or/VoteMicrodescHash.kt,D3,NodelistParityElevationTest + Microdesc.microdescListMissingDigest256,microdesc list missing thinner,
L3:feature/nodelist/microdesc_note_outdated_dirserver,3_op,feature/nodelist,microdesc_note_outdated_dirserver,microdesc.h,core/src/main/kotlin/org/kotlintor/dir/Microdesc.kt;core/src/main/kotlin/org/kotlintor/dir/MicrodescConsensus.kt;core/src/main/kotlin/org/kotlintor/dir/MicrodescParse.kt;core/src/main/kotlin/org/kotlintor/or/MicrodescCache.kt;core/src/main/kotlin/org/kotlintor/or/VoteMicrodescHash.kt,D3,NodelistParityElevationTest + Microdesc.microdescNoteOutdatedDirserver,microdesc note outdated thinner,
L3:feature/nodelist/microdesc_relay_is_outdated_dirserver,3_op,feature/nodelist,microdesc_relay_is_outdated_dirserver,microdesc.h,core/src/main/kotlin/org/kotlintor/dir/Microdesc.kt;core/src/main/kotlin/org/kotlintor/dir/MicrodescConsensus.kt;core/src/main/kotlin/org/kotlintor/dir/MicrodescParse.kt;core/src/main/kotlin/org/kotlintor/or/MicrodescCache.kt;core/src/main/kotlin/org/kotlintor/or/VoteMicrodescHash.kt,D3,NodelistParityElevationTest + Microdesc.microdescRelayIsOutdatedDirserver,microdesc relay outdated thinner,
L3:feature/nodelist/microdesc_reset_outdated_dirservers_list,3_op,feature/nodelist,microdesc_reset_outdated_dirservers_list,microdesc.h,core/src/main/kotlin/org/kotlintor/dir/Microdesc.kt;core/src/main/kotlin/org/kotlintor/dir/MicrodescConsensus.kt;core/src/main/kotlin/org/kotlintor/dir/MicrodescParse.kt;core/src/main/kotlin/org/kotlintor/or/MicrodescCache.kt;core/src/main/kotlin/org/kotlintor/or/VoteMicrodescHash.kt,D3,NodelistParityElevationTest + Microdesc.microdescResetOutdatedDirserversList,microdesc reset outdated thinner,
L3:feature/nodelist/microdescs_add_list_to_cache,3_op,feature/nodelist,microdescs_add_list_to_cache,microdesc.h,core/src/main/kotlin/org/kotlintor/dir/Microdesc.kt;core/src/main/kotlin/org/kotlintor/dir/MicrodescConsensus.kt;core/src/main/kotlin/org/kotlintor/dir/MicrodescParse.kt;core/src/main/kotlin/org/kotlintor/or/MicrodescCache.kt;core/src/main/kotlin/org/kotlintor/or/VoteMicrodescHash.kt,D3,NodelistParityElevationTest + Microdesc.microdescsAddListToCache,microdescs add list thinner,
L3:feature/nodelist/microdescs_add_to_cache,3_op,feature/nodelist,microdescs_add_to_cache,microdesc.h,core/src/main/kotlin/org/kotlintor/dir/Microdesc.kt;core/src/main/kotlin/org/kotlintor/dir/MicrodescConsensus.kt;core/src/main/kotlin/org/kotlintor/dir/MicrodescParse.kt;core/src/main/kotlin/org/kotlintor/or/MicrodescCache.kt;core/src/main/kotlin/org/kotlintor/or/VoteMicrodescHash.kt,D3,NodelistParityElevationTest + Microdesc.microdescsAddToCache,microdescs add to cache thinner,
L3:feature/nodelist/update_microdesc_downloads,3_op,feature/nodelist,update_microdesc_downloads,microdesc.h,core/src/main/kotlin/org/kotlintor/dir/Microdesc.kt;core/src/main/kotlin/org/kotlintor/dir/MicrodescConsensus.kt;core/src/main/kotlin/org/kotlintor/dir/MicrodescParse.kt;core/src/main/kotlin/org/kotlintor/or/MicrodescCache.kt;core/src/main/kotlin/org/kotlintor/or/VoteMicrodescHash.kt,D2,header microdesc.h; module mirror; matched 5 path(s),op-level mapping unaudited for update_microdesc_downloads,
L3:feature/nodelist/update_microdescs_from_networkstatus,3_op,feature/nodelist,update_microdescs_from_networkstatus,microdesc.h,core/src/main/kotlin/org/kotlintor/dir/Microdesc.kt;core/src/main/kotlin/org/kotlintor/dir/MicrodescConsensus.kt;core/src/main/kotlin/org/kotlintor/dir/MicrodescParse.kt;core/src/main/kotlin/org/kotlintor/or/MicrodescCache.kt;core/src/main/kotlin/org/kotlintor/or/VoteMicrodescHash.kt,D2,header microdesc.h; module mirror; matched 5 path(s),op-level mapping unaudited for update_microdescs_from_networkstatus,
L3:feature/nodelist/we_fetch_microdescriptors,3_op,feature/nodelist,we_fetch_microdescriptors,microdesc.h,core/src/main/kotlin/org/kotlintor/dir/Microdesc.kt;core/src/main/kotlin/org/kotlintor/dir/MicrodescConsensus.kt;core/src/main/kotlin/org/kotlintor/dir/MicrodescParse.kt;core/src/main/kotlin/org/kotlintor/or/MicrodescCache.kt;core/src/main/kotlin/org/kotlintor/or/VoteMicrodescHash.kt,D2,header microdesc.h; module mirror; matched 5 path(s),op-level mapping unaudited for we_fetch_microdescriptors,
L3:feature/nodelist/we_fetch_router_descriptors,3_op,feature/nodelist,we_fetch_router_descriptors,microdesc.h,core/src/main/kotlin/org/kotlintor/dir/Microdesc.kt;core/src/main/kotlin/org/kotlintor/dir/MicrodescConsensus.kt;core/src/main/kotlin/org/kotlintor/dir/MicrodescParse.kt;core/src/main/kotlin/org/kotlintor/or/MicrodescCache.kt;core/src/main/kotlin/org/kotlintor/or/VoteMicrodescHash.kt,D2,header microdesc.h; module mirror; matched 5 path(s),op-level mapping unaudited for we_fetch_router_descriptors,
L3:feature/nodelist/we_use_microdescriptors_for_circuits,3_op,feature/nodelist,we_use_microdescriptors_for_circuits,microdesc.h,core/src/main/kotlin/org/kotlintor/dir/Microdesc.kt;core/src/main/kotlin/org/kotlintor/dir/MicrodescConsensus.kt;core/src/main/kotlin/org/kotlintor/dir/MicrodescParse.kt;core/src/main/kotlin/org/kotlintor/or/MicrodescCache.kt;core/src/main/kotlin/org/kotlintor/or/VoteMicrodescHash.kt,D2,header microdesc.h; module mirror; matched 5 path(s),op-level mapping unaudited for we_use_microdescriptors_for_circuits,
L3:feature/nodelist/client_would_use_router,3_op,feature/nodelist,client_would_use_router,networkstatus.h,core/src/main/kotlin/org/kotlintor/dir/NetworkStatus.kt;core/src/main/kotlin/org/kotlintor/status/Status.kt;core/src/main/kotlin/org/kotlintor/or/NetworkstatusSrInfo.kt;core/src/main/kotlin/org/kotlintor/or/NetworkstatusVoterInfo.kt,D3,NodelistParityElevationTest + NetworkStatus.clientWouldUseRouter,client would use router thinner,
L3:feature/nodelist/compare_digest_to_routerstatus_entry,3_op,feature/nodelist,compare_digest_to_routerstatus_entry,networkstatus.h,core/src/main/kotlin/org/kotlintor/dir/NetworkStatus.kt;core/src/main/kotlin/org/kotlintor/status/Status.kt;core/src/main/kotlin/org/kotlintor/or/NetworkstatusSrInfo.kt;core/src/main/kotlin/org/kotlintor/or/NetworkstatusVoterInfo.kt,D3,NodelistParityElevationTest + NetworkStatus.compareDigestToRouterstatusEntry,compare digest routerstatus thinner,
L3:feature/nodelist/compare_digest_to_vote_routerstatus_entry,3_op,feature/nodelist,compare_digest_to_vote_routerstatus_entry,networkstatus.h,core/src/main/kotlin/org/kotlintor/dir/NetworkStatus.kt;core/src/main/kotlin/org/kotlintor/status/Status.kt;core/src/main/kotlin/org/kotlintor/or/NetworkstatusSrInfo.kt;core/src/main/kotlin/org/kotlintor/or/NetworkstatusVoterInfo.kt,D3,NodelistParityElevationTest + NetworkStatus.compareDigestToVoteRouterstatusEntry,compare digest vote routerstatus thinner,
L3:feature/nodelist/consensus_is_waiting_for_certs,3_op,feature/nodelist,consensus_is_waiting_for_certs,networkstatus.h,core/src/main/kotlin/org/kotlintor/dir/NetworkStatus.kt;core/src/main/kotlin/org/kotlintor/status/Status.kt;core/src/main/kotlin/org/kotlintor/or/NetworkstatusSrInfo.kt;core/src/main/kotlin/org/kotlintor/or/NetworkstatusVoterInfo.kt,D3,NodelistParityElevationTest + NetworkStatus.consensusIsWaitingForCerts,consensus waiting for certs thinner,
L3:feature/nodelist/document_signature_dup,3_op,feature/nodelist,document_signature_dup,networkstatus.h,core/src/main/kotlin/org/kotlintor/dir/NetworkStatus.kt;core/src/main/kotlin/org/kotlintor/status/Status.kt;core/src/main/kotlin/org/kotlintor/or/NetworkstatusSrInfo.kt;core/src/main/kotlin/org/kotlintor/or/NetworkstatusVoterInfo.kt,D3,NodelistParityElevationTest + NetworkStatus.documentSignatureDup,document signature dup thinner,
L3:feature/nodelist/document_signature_free_,3_op,feature/nodelist,document_signature_free_,networkstatus.h,core/src/main/kotlin/org/kotlintor/dir/NetworkStatus.kt;core/src/main/kotlin/org/kotlintor/status/Status.kt;core/src/main/kotlin/org/kotlintor/or/NetworkstatusSrInfo.kt;core/src/main/kotlin/org/kotlintor/or/NetworkstatusVoterInfo.kt,D3,NodelistParityElevationTest + NetworkStatus.documentSignatureFree_,document signature free thinner,
L3:feature/nodelist/getinfo_helper_networkstatus,3_op,feature/nodelist,getinfo_helper_networkstatus,networkstatus.h,core/src/main/kotlin/org/kotlintor/dir/NetworkStatus.kt;core/src/main/kotlin/org/kotlintor/status/Status.kt;core/src/main/kotlin/org/kotlintor/or/NetworkstatusSrInfo.kt;core/src/main/kotlin/org/kotlintor/or/NetworkstatusVoterInfo.kt,D3,NodelistParityElevationTest + NetworkStatus.getinfoHelperNetworkstatus,getinfo helper networkstatus thinner,
L3:feature/nodelist/networkstatus_check_consensus_signature,3_op,feature/nodelist,networkstatus_check_consensus_signature,networkstatus.h,core/src/main/kotlin/org/kotlintor/dir/NetworkStatus.kt;core/src/main/kotlin/org/kotlintor/status/Status.kt;core/src/main/kotlin/org/kotlintor/or/NetworkstatusSrInfo.kt;core/src/main/kotlin/org/kotlintor/or/NetworkstatusVoterInfo.kt,D3,NodelistParityElevationTest + NetworkStatus.networkstatusCheckConsensusSignature,ns check consensus sig thinner,
L3:feature/nodelist/networkstatus_check_document_signature,3_op,feature/nodelist,networkstatus_check_document_signature,networkstatus.h,core/src/main/kotlin/org/kotlintor/dir/NetworkStatus.kt;core/src/main/kotlin/org/kotlintor/status/Status.kt;core/src/main/kotlin/org/kotlintor/or/NetworkstatusSrInfo.kt;core/src/main/kotlin/org/kotlintor/or/NetworkstatusVoterInfo.kt,D3,NodelistParityElevationTest + NetworkStatus.networkstatusCheckDocumentSignature,ns check document sig thinner,
L3:feature/nodelist/networkstatus_consensus_can_use_multiple_directories,3_op,feature/nodelist,networkstatus_consensus_can_use_multiple_directories,networkstatus.h,core/src/main/kotlin/org/kotlintor/dir/NetworkStatus.kt;core/src/main/kotlin/org/kotlintor/status/Status.kt;core/src/main/kotlin/org/kotlintor/or/NetworkstatusSrInfo.kt;core/src/main/kotlin/org/kotlintor/or/NetworkstatusVoterInfo.kt,D3,NodelistParityElevationTest + NetworkStatus.networkstatusConsensusCanUseMultipleDirectories,ns multi directories thinner,
L3:feature/nodelist/networkstatus_consensus_download_failed,3_op,feature/nodelist,networkstatus_consensus_download_failed,networkstatus.h,core/src/main/kotlin/org/kotlintor/dir/NetworkStatus.kt;core/src/main/kotlin/org/kotlintor/status/Status.kt;core/src/main/kotlin/org/kotlintor/or/NetworkstatusSrInfo.kt;core/src/main/kotlin/org/kotlintor/or/NetworkstatusVoterInfo.kt,D3,NodelistParityElevationTest + NetworkStatus.networkstatusConsensusDownloadFailed,ns consensus download failed thinner,
L3:feature/nodelist/networkstatus_consensus_is_already_downloading,3_op,feature/nodelist,networkstatus_consensus_is_already_downloading,networkstatus.h,core/src/main/kotlin/org/kotlintor/dir/NetworkStatus.kt;core/src/main/kotlin/org/kotlintor/status/Status.kt;core/src/main/kotlin/org/kotlintor/or/NetworkstatusSrInfo.kt;core/src/main/kotlin/org/kotlintor/or/NetworkstatusVoterInfo.kt,D3,NodelistParityElevationTest + NetworkStatus.networkstatusConsensusIsAlreadyDownloading,ns already downloading thinner,
L3:feature/nodelist/networkstatus_consensus_reasonably_live,3_op,feature/nodelist,networkstatus_consensus_reasonably_live,networkstatus.h,core/src/main/kotlin/org/kotlintor/dir/NetworkStatus.kt;core/src/main/kotlin/org/kotlintor/status/Status.kt;core/src/main/kotlin/org/kotlintor/or/NetworkstatusSrInfo.kt;core/src/main/kotlin/org/kotlintor/or/NetworkstatusVoterInfo.kt,D3,NodelistParityElevationTest + NetworkStatus.networkstatusConsensusReasonablyLive,ns reasonably live thinner,
L3:feature/nodelist/networkstatus_free_all,3_op,feature/nodelist,networkstatus_free_all,networkstatus.h,core/src/main/kotlin/org/kotlintor/dir/NetworkStatus.kt;core/src/main/kotlin/org/kotlintor/status/Status.kt;core/src/main/kotlin/org/kotlintor/or/NetworkstatusSrInfo.kt;core/src/main/kotlin/org/kotlintor/or/NetworkstatusVoterInfo.kt,D3,NodelistParityElevationTest + NetworkStatus.networkstatusFreeAll,ns free all thinner,
L3:feature/nodelist/networkstatus_get_bw_weight,3_op,feature/nodelist,networkstatus_get_bw_weight,networkstatus.h,core/src/main/kotlin/org/kotlintor/dir/NetworkStatus.kt;core/src/main/kotlin/org/kotlintor/status/Status.kt;core/src/main/kotlin/org/kotlintor/or/NetworkstatusSrInfo.kt;core/src/main/kotlin/org/kotlintor/or/NetworkstatusVoterInfo.kt,D3,NodelistParityElevationTest + NetworkStatus.networkstatusGetBwWeight,ns get bw weight thinner,
L3:feature/nodelist/networkstatus_get_flavor_name,3_op,feature/nodelist,networkstatus_get_flavor_name,networkstatus.h,core/src/main/kotlin/org/kotlintor/dir/NetworkStatus.kt;core/src/main/kotlin/org/kotlintor/status/Status.kt;core/src/main/kotlin/org/kotlintor/or/NetworkstatusSrInfo.kt;core/src/main/kotlin/org/kotlintor/or/NetworkstatusVoterInfo.kt,D3,NodelistParityElevationTest + NetworkStatus.networkstatusGetFlavorName,ns get flavor name thinner,
L3:feature/nodelist/networkstatus_get_overridable_param,3_op,feature/nodelist,networkstatus_get_overridable_param,networkstatus.h,core/src/main/kotlin/org/kotlintor/dir/NetworkStatus.kt;core/src/main/kotlin/org/kotlintor/status/Status.kt;core/src/main/kotlin/org/kotlintor/or/NetworkstatusSrInfo.kt;core/src/main/kotlin/org/kotlintor/or/NetworkstatusVoterInfo.kt,D3,NodelistParityElevationTest + NetworkStatus.networkstatusGetOverridableParam,ns overridable param thinner,
L3:feature/nodelist/networkstatus_get_voter_by_id,3_op,feature/nodelist,networkstatus_get_voter_by_id,networkstatus.h,core/src/main/kotlin/org/kotlintor/dir/NetworkStatus.kt;core/src/main/kotlin/org/kotlintor/status/Status.kt;core/src/main/kotlin/org/kotlintor/or/NetworkstatusSrInfo.kt;core/src/main/kotlin/org/kotlintor/or/NetworkstatusVoterInfo.kt,D3,NodelistParityElevationTest + NetworkStatus.networkstatusGetVoterById,ns get voter by id thinner,
L3:feature/nodelist/networkstatus_get_voter_sig_by_alg,3_op,feature/nodelist,networkstatus_get_voter_sig_by_alg,networkstatus.h,core/src/main/kotlin/org/kotlintor/dir/NetworkStatus.kt;core/src/main/kotlin/org/kotlintor/status/Status.kt;core/src/main/kotlin/org/kotlintor/or/NetworkstatusSrInfo.kt;core/src/main/kotlin/org/kotlintor/or/NetworkstatusVoterInfo.kt,D3,NodelistParityElevationTest + NetworkStatus.networkstatusGetVoterSigByAlg,ns voter sig by alg thinner,
L3:feature/nodelist/networkstatus_get_weight_scale_param,3_op,feature/nodelist,networkstatus_get_weight_scale_param,networkstatus.h,core/src/main/kotlin/org/kotlintor/dir/NetworkStatus.kt;core/src/main/kotlin/org/kotlintor/status/Status.kt;core/src/main/kotlin/org/kotlintor/or/NetworkstatusSrInfo.kt;core/src/main/kotlin/org/kotlintor/or/NetworkstatusVoterInfo.kt,D3,NodelistParityElevationTest + NetworkStatus.networkstatusGetWeightScaleParam,ns weight scale thinner,
L3:feature/nodelist/networkstatus_getinfo_by_purpose,3_op,feature/nodelist,networkstatus_getinfo_by_purpose,networkstatus.h,core/src/main/kotlin/org/kotlintor/dir/NetworkStatus.kt;core/src/main/kotlin/org/kotlintor/status/Status.kt;core/src/main/kotlin/org/kotlintor/or/NetworkstatusSrInfo.kt;core/src/main/kotlin/org/kotlintor/or/NetworkstatusVoterInfo.kt,D3,NodelistParityElevationTest + NetworkStatus.networkstatusGetinfoByPurpose,ns getinfo by purpose thinner,
L3:feature/nodelist/networkstatus_getinfo_helper_single,3_op,feature/nodelist,networkstatus_getinfo_helper_single,networkstatus.h,core/src/main/kotlin/org/kotlintor/dir/NetworkStatus.kt;core/src/main/kotlin/org/kotlintor/status/Status.kt;core/src/main/kotlin/org/kotlintor/or/NetworkstatusSrInfo.kt;core/src/main/kotlin/org/kotlintor/or/NetworkstatusVoterInfo.kt,D3,NodelistParityElevationTest + NetworkStatus.networkstatusGetinfoHelperSingle,ns getinfo helper single thinner,
L3:feature/nodelist/networkstatus_is_live,3_op,feature/nodelist,networkstatus_is_live,networkstatus.h,core/src/main/kotlin/org/kotlintor/dir/NetworkStatus.kt;core/src/main/kotlin/org/kotlintor/status/Status.kt;core/src/main/kotlin/org/kotlintor/or/NetworkstatusSrInfo.kt;core/src/main/kotlin/org/kotlintor/or/NetworkstatusVoterInfo.kt,D3,NodelistParityElevationTest + NetworkStatus.networkstatusIsLive,ns is live thinner,
L3:feature/nodelist/networkstatus_map_cached_consensus,3_op,feature/nodelist,networkstatus_map_cached_consensus,networkstatus.h,core/src/main/kotlin/org/kotlintor/dir/NetworkStatus.kt;core/src/main/kotlin/org/kotlintor/status/Status.kt;core/src/main/kotlin/org/kotlintor/or/NetworkstatusSrInfo.kt;core/src/main/kotlin/org/kotlintor/or/NetworkstatusVoterInfo.kt,D3,NodelistParityElevationTest + NetworkStatus.networkstatusMapCachedConsensus,ns map cached consensus thinner,
L3:feature/nodelist/networkstatus_note_certs_arrived,3_op,feature/nodelist,networkstatus_note_certs_arrived,networkstatus.h,core/src/main/kotlin/org/kotlintor/dir/NetworkStatus.kt;core/src/main/kotlin/org/kotlintor/status/Status.kt;core/src/main/kotlin/org/kotlintor/or/NetworkstatusSrInfo.kt;core/src/main/kotlin/org/kotlintor/or/NetworkstatusVoterInfo.kt,D3,NodelistParityElevationTest + NetworkStatus.networkstatusNoteCertsArrived,ns note certs arrived thinner,
L3:feature/nodelist/is_legal_hexdigest,3_op,feature/nodelist,is_legal_hexdigest,nickname.h,core/src/main/kotlin/org/kotlintor/dir/Nickname.kt;core/src/main/kotlin/org/kotlintor/dir/NicknameDescribeNodeSelect.kt,D3,NodelistParityElevationTest + Nickname.isLegalHexdigest,is legal hexdigest thinner,
L3:feature/nodelist/is_legal_nickname,3_op,feature/nodelist,is_legal_nickname,nickname.h,core/src/main/kotlin/org/kotlintor/dir/Nickname.kt;core/src/main/kotlin/org/kotlintor/dir/NicknameDescribeNodeSelect.kt,D3,NodelistParityElevationTest + Nickname.isLegalNickname,is legal nickname thinner,
L3:feature/nodelist/is_legal_nickname_or_hexdigest,3_op,feature/nodelist,is_legal_nickname_or_hexdigest,nickname.h,core/src/main/kotlin/org/kotlintor/dir/Nickname.kt;core/src/main/kotlin/org/kotlintor/dir/NicknameDescribeNodeSelect.kt,D3,NodelistParityElevationTest + Nickname.isLegalNicknameOrHexdigest,is legal nickname or hexdigest thinner,
L3:feature/nodelist/choose_array_element_by_weight,3_op,feature/nodelist,choose_array_element_by_weight,node_select.h,core/src/main/kotlin/org/kotlintor/dir/NodeSelect.kt;core/src/main/kotlin/org/kotlintor/dir/Node.kt,D3,NodelistParityElevationTest + NodeSelect.chooseArrayElementByWeight,choose array by weight thinner,
L3:feature/nodelist/frac_nodes_with_descriptors,3_op,feature/nodelist,frac_nodes_with_descriptors,node_select.h,core/src/main/kotlin/org/kotlintor/dir/NodeSelect.kt;core/src/main/kotlin/org/kotlintor/dir/Node.kt,D3,NodelistParityElevationTest + NodeSelect.fracNodesWithDescriptors,frac nodes with descriptors thinner,
L3:feature/nodelist/node_sl_choose_by_bandwidth,3_op,feature/nodelist,node_sl_choose_by_bandwidth,node_select.h,core/src/main/kotlin/org/kotlintor/dir/NodeSelect.kt;core/src/main/kotlin/org/kotlintor/dir/Node.kt,D3,NodelistParityElevationTest + NodeSelect.nodeSlChooseByBandwidth,node sl choose by bandwidth thinner,
L3:feature/nodelist/router_choose_random_node,3_op,feature/nodelist,router_choose_random_node,node_select.h,core/src/main/kotlin/org/kotlintor/dir/NodeSelect.kt;core/src/main/kotlin/org/kotlintor/dir/Node.kt,D2,header node_select.h; module mirror; matched 2 path(s),op-level mapping unaudited for router_choose_random_node,
L3:feature/nodelist/router_get_my_share_of_directory_requests,3_op,feature/nodelist,router_get_my_share_of_directory_requests,node_select.h,core/src/main/kotlin/org/kotlintor/dir/NodeSelect.kt;core/src/main/kotlin/org/kotlintor/dir/Node.kt,D2,header node_select.h; module mirror; matched 2 path(s),op-level mapping unaudited for router_get_my_share_of_directory_requests,
L3:feature/nodelist/router_is_already_dir_fetching,3_op,feature/nodelist,router_is_already_dir_fetching,node_select.h,core/src/main/kotlin/org/kotlintor/dir/NodeSelect.kt;core/src/main/kotlin/org/kotlintor/dir/Node.kt,D2,header node_select.h; module mirror; matched 2 path(s),op-level mapping unaudited for router_is_already_dir_fetching,
L3:feature/nodelist/router_pick_directory_server,3_op,feature/nodelist,router_pick_directory_server,node_select.h,core/src/main/kotlin/org/kotlintor/dir/NodeSelect.kt;core/src/main/kotlin/org/kotlintor/dir/Node.kt,D2,header node_select.h; module mirror; matched 2 path(s),op-level mapping unaudited for router_pick_directory_server,
L3:feature/nodelist/router_pick_directory_server_impl,3_op,feature/nodelist,router_pick_directory_server_impl,node_select.h,core/src/main/kotlin/org/kotlintor/dir/NodeSelect.kt;core/src/main/kotlin/org/kotlintor/dir/Node.kt,D2,header node_select.h; module mirror; matched 2 path(s),op-level mapping unaudited for router_pick_directory_server_impl,
L3:feature/nodelist/router_pick_fallback_dirserver,3_op,feature/nodelist,router_pick_fallback_dirserver,node_select.h,core/src/main/kotlin/org/kotlintor/dir/NodeSelect.kt;core/src/main/kotlin/org/kotlintor/dir/Node.kt,D2,header node_select.h; module mirror; matched 2 path(s),op-level mapping unaudited for router_pick_fallback_dirserver,
L3:feature/nodelist/router_pick_trusteddirserver,3_op,feature/nodelist,router_pick_trusteddirserver,node_select.h,core/src/main/kotlin/org/kotlintor/dir/NodeSelect.kt;core/src/main/kotlin/org/kotlintor/dir/Node.kt,D2,header node_select.h; module mirror; matched 2 path(s),op-level mapping unaudited for router_pick_trusteddirserver,
L3:feature/nodelist/scale_array_elements_to_u64,3_op,feature/nodelist,scale_array_elements_to_u64,node_select.h,core/src/main/kotlin/org/kotlintor/dir/NodeSelect.kt;core/src/main/kotlin/org/kotlintor/dir/Node.kt,D2,header node_select.h; module mirror; matched 2 path(s),op-level mapping unaudited for scale_array_elements_to_u64,
L3:feature/nodelist/nodefamily_add_nodes_to_smartlist,3_op,feature/nodelist,nodefamily_add_nodes_to_smartlist,nodefamily.h,core/src/main/kotlin/org/kotlintor/dir/NodeFamily.kt;core/src/main/kotlin/org/kotlintor/dir/Node.kt,D3,NodelistParityElevationTest + NodeFamily.nodefamilyAddNodesToSmartlist,nodefamily add nodes thinner,
L3:feature/nodelist/nodefamily_canonicalize,3_op,feature/nodelist,nodefamily_canonicalize,nodefamily.h,core/src/main/kotlin/org/kotlintor/dir/NodeFamily.kt;core/src/main/kotlin/org/kotlintor/dir/Node.kt,D3,NodelistParityElevationTest + NodeFamily.nodefamilyCanonicalize,nodefamily canonicalize thinner,
L3:feature/nodelist/nodefamily_contains_nickname,3_op,feature/nodelist,nodefamily_contains_nickname,nodefamily.h,core/src/main/kotlin/org/kotlintor/dir/NodeFamily.kt;core/src/main/kotlin/org/kotlintor/dir/Node.kt,D3,NodelistParityElevationTest + NodeFamily.nodefamilyContainsNickname,nodefamily contains nickname thinner,
L3:feature/nodelist/nodefamily_contains_node,3_op,feature/nodelist,nodefamily_contains_node,nodefamily.h,core/src/main/kotlin/org/kotlintor/dir/NodeFamily.kt;core/src/main/kotlin/org/kotlintor/dir/Node.kt,D3,NodelistParityElevationTest + NodeFamily.nodefamilyContainsNode,nodefamily contains node thinner,
L3:feature/nodelist/nodefamily_contains_rsa_id,3_op,feature/nodelist,nodefamily_contains_rsa_id,nodefamily.h,core/src/main/kotlin/org/kotlintor/dir/NodeFamily.kt;core/src/main/kotlin/org/kotlintor/dir/Node.kt,D3,NodelistParityElevationTest + NodeFamily.nodefamilyContainsRsaId,nodefamily contains rsa id thinner,
L3:feature/nodelist/nodefamily_format,3_op,feature/nodelist,nodefamily_format,nodefamily.h,core/src/main/kotlin/org/kotlintor/dir/NodeFamily.kt;core/src/main/kotlin/org/kotlintor/dir/Node.kt,D2,header nodefamily.h; module mirror; matched 2 path(s),op-level mapping unaudited for nodefamily_format,
L3:feature/nodelist/nodefamily_free_,3_op,feature/nodelist,nodefamily_free_,nodefamily.h,core/src/main/kotlin/org/kotlintor/dir/NodeFamily.kt;core/src/main/kotlin/org/kotlintor/dir/Node.kt,D2,header nodefamily.h; module mirror; matched 2 path(s),op-level mapping unaudited for nodefamily_free_,
L3:feature/nodelist/nodefamily_free_all,3_op,feature/nodelist,nodefamily_free_all,nodefamily.h,core/src/main/kotlin/org/kotlintor/dir/NodeFamily.kt;core/src/main/kotlin/org/kotlintor/dir/Node.kt,D2,header nodefamily.h; module mirror; matched 2 path(s),op-level mapping unaudited for nodefamily_free_all,
L3:feature/nodelist/nodefamily_from_members,3_op,feature/nodelist,nodefamily_from_members,nodefamily.h,core/src/main/kotlin/org/kotlintor/dir/NodeFamily.kt;core/src/main/kotlin/org/kotlintor/dir/Node.kt,D2,header nodefamily.h; module mirror; matched 2 path(s),op-level mapping unaudited for nodefamily_from_members,
L3:feature/nodelist/nodefamily_parse,3_op,feature/nodelist,nodefamily_parse,nodefamily.h,core/src/main/kotlin/org/kotlintor/dir/NodeFamily.kt;core/src/main/kotlin/org/kotlintor/dir/Node.kt,D2,header nodefamily.h; module mirror; matched 2 path(s),op-level mapping unaudited for nodefamily_parse,
L3:feature/nodelist/count_loading_descriptors_progress,3_op,feature/nodelist,count_loading_descriptors_progress,nodelist.h,core/src/main/kotlin/org/kotlintor/dir/NodeList.kt;core/src/main/kotlin/org/kotlintor/dir/Node.kt,D3,NodelistParityElevationTest + NodeList.countLoadingDescriptorsProgress,count loading descriptors thinner,
L3:feature/nodelist/get_dir_info_status_string,3_op,feature/nodelist,get_dir_info_status_string,nodelist.h,core/src/main/kotlin/org/kotlintor/dir/NodeList.kt;core/src/main/kotlin/org/kotlintor/dir/Node.kt,D3,NodelistParityElevationTest + NodeList.getDirInfoStatusString,get dir info status string thinner,
L3:feature/nodelist/link_specifier_smartlist_free_,3_op,feature/nodelist,link_specifier_smartlist_free_,nodelist.h,core/src/main/kotlin/org/kotlintor/dir/NodeList.kt;core/src/main/kotlin/org/kotlintor/dir/Node.kt,D3,NodelistParityElevationTest + NodeList.linkSpecifierSmartlistFree_,link specifier smartlist free thinner,
L3:feature/nodelist/node_allows_single_hop_exits,3_op,feature/nodelist,node_allows_single_hop_exits,nodelist.h,core/src/main/kotlin/org/kotlintor/dir/NodeList.kt;core/src/main/kotlin/org/kotlintor/dir/Node.kt,D3,NodelistParityElevationTest + NodeList.nodeAllowsSingleHopExits,node allows single hop thinner,
L3:feature/nodelist/node_ed25519_id_matches,3_op,feature/nodelist,node_ed25519_id_matches,nodelist.h,core/src/main/kotlin/org/kotlintor/dir/NodeList.kt;core/src/main/kotlin/org/kotlintor/dir/Node.kt,D3,NodelistParityElevationTest + NodeList.nodeEd25519IdMatches,node ed25519 id matches thinner,
L3:feature/nodelist/node_exit_policy_is_exact,3_op,feature/nodelist,node_exit_policy_is_exact,nodelist.h,core/src/main/kotlin/org/kotlintor/dir/NodeList.kt;core/src/main/kotlin/org/kotlintor/dir/Node.kt,D3,L3OpElevationTest + Policies.nodeExitPolicyIsExact,exit exact thinner,
L3:feature/nodelist/node_exit_policy_rejects_all,3_op,feature/nodelist,node_exit_policy_rejects_all,nodelist.h,core/src/main/kotlin/org/kotlintor/dir/NodeList.kt;core/src/main/kotlin/org/kotlintor/dir/Node.kt,D3,L3OpElevationTest + Policies.nodeExitPolicyRejectsAll,node rejects all thinner,
L3:feature/nodelist/node_family_list_contains,3_op,feature/nodelist,node_family_list_contains,nodelist.h,core/src/main/kotlin/org/kotlintor/dir/NodeList.kt;core/src/main/kotlin/org/kotlintor/dir/Node.kt,D3,NodelistParityElevationTest + NodeList.nodeFamilyListContains,node family list contains thinner,
L3:feature/nodelist/node_get_addr,3_op,feature/nodelist,node_get_addr,nodelist.h,core/src/main/kotlin/org/kotlintor/dir/NodeList.kt;core/src/main/kotlin/org/kotlintor/dir/Node.kt,D3,NodelistParityElevationTest + NodeList.nodeGetAddr,node get addr thinner,
L3:feature/nodelist/node_get_address_string,3_op,feature/nodelist,node_get_address_string,nodelist.h,core/src/main/kotlin/org/kotlintor/dir/NodeList.kt;core/src/main/kotlin/org/kotlintor/dir/Node.kt,D3,NodelistParityElevationTest + NodeList.nodeGetAddressString,node get address string thinner,
L3:feature/nodelist/node_get_all_orports,3_op,feature/nodelist,node_get_all_orports,nodelist.h,core/src/main/kotlin/org/kotlintor/dir/NodeList.kt;core/src/main/kotlin/org/kotlintor/dir/Node.kt,D3,NodelistParityElevationTest + NodeList.nodeGetAllOrports,node get all orports thinner,
L3:feature/nodelist/node_get_by_hex_id,3_op,feature/nodelist,node_get_by_hex_id,nodelist.h,core/src/main/kotlin/org/kotlintor/dir/NodeList.kt;core/src/main/kotlin/org/kotlintor/dir/Node.kt,D3,NodelistParityElevationTest + NodeList.nodeGetByHexId,node get by hex id thinner,
L3:feature/nodelist/node_get_curve25519_onion_key,3_op,feature/nodelist,node_get_curve25519_onion_key,nodelist.h,core/src/main/kotlin/org/kotlintor/dir/NodeList.kt;core/src/main/kotlin/org/kotlintor/dir/Node.kt,D3,NodelistParityElevationTest + NodeList.nodeGetCurve25519OnionKey,node get curve25519 key thinner,
L3:feature/nodelist/node_get_declared_uptime,3_op,feature/nodelist,node_get_declared_uptime,nodelist.h,core/src/main/kotlin/org/kotlintor/dir/NodeList.kt;core/src/main/kotlin/org/kotlintor/dir/Node.kt,D3,NodelistParityElevationTest + NodeList.nodeGetDeclaredUptime,node get declared uptime thinner,
L3:feature/nodelist/node_get_mutable_by_ed25519_id,3_op,feature/nodelist,node_get_mutable_by_ed25519_id,nodelist.h,core/src/main/kotlin/org/kotlintor/dir/NodeList.kt;core/src/main/kotlin/org/kotlintor/dir/Node.kt,D3,NodelistParityElevationTest + NodeList.nodeGetMutableByEd25519Id,node get mutable ed25519 thinner,
L3:feature/nodelist/node_get_nickname,3_op,feature/nodelist,node_get_nickname,nodelist.h,core/src/main/kotlin/org/kotlintor/dir/NodeList.kt;core/src/main/kotlin/org/kotlintor/dir/Node.kt,D3,NodelistParityElevationTest + NodeList.nodeGetNickname,node get nickname thinner,
L3:feature/nodelist/node_get_platform,3_op,feature/nodelist,node_get_platform,nodelist.h,core/src/main/kotlin/org/kotlintor/dir/NodeList.kt;core/src/main/kotlin/org/kotlintor/dir/Node.kt,D3,NodelistParityElevationTest + NodeList.nodeGetPlatform,node get platform thinner,
L3:feature/nodelist/node_get_pref_dirport,3_op,feature/nodelist,node_get_pref_dirport,nodelist.h,core/src/main/kotlin/org/kotlintor/dir/NodeList.kt;core/src/main/kotlin/org/kotlintor/dir/Node.kt,D3,NodelistParityElevationTest + NodeList.nodeGetPrefDirport,node get pref dirport thinner,
L3:feature/nodelist/node_get_pref_ipv6_dirport,3_op,feature/nodelist,node_get_pref_ipv6_dirport,nodelist.h,core/src/main/kotlin/org/kotlintor/dir/NodeList.kt;core/src/main/kotlin/org/kotlintor/dir/Node.kt,D3,NodelistParityElevationTest + NodeList.nodeGetPrefIpv6Dirport,node get pref ipv6 dirport thinner,
L3:feature/nodelist/node_get_pref_ipv6_orport,3_op,feature/nodelist,node_get_pref_ipv6_orport,nodelist.h,core/src/main/kotlin/org/kotlintor/dir/NodeList.kt;core/src/main/kotlin/org/kotlintor/dir/Node.kt,D3,NodelistParityElevationTest + NodeList.nodeGetPrefIpv6Orport,node get pref ipv6 orport thinner,
L3:feature/nodelist/node_get_pref_orport,3_op,feature/nodelist,node_get_pref_orport,nodelist.h,core/src/main/kotlin/org/kotlintor/dir/NodeList.kt;core/src/main/kotlin/org/kotlintor/dir/Node.kt,D3,NodelistParityElevationTest + NodeList.nodeGetPrefOrport,node get pref orport thinner,
L3:feature/nodelist/node_get_prim_dirport,3_op,feature/nodelist,node_get_prim_dirport,nodelist.h,core/src/main/kotlin/org/kotlintor/dir/NodeList.kt;core/src/main/kotlin/org/kotlintor/dir/Node.kt,D3,NodelistParityElevationTest + NodeList.nodeGetPrimDirport,node get prim dirport thinner,
L3:feature/nodelist/node_get_prim_orport,3_op,feature/nodelist,node_get_prim_orport,nodelist.h,core/src/main/kotlin/org/kotlintor/dir/NodeList.kt;core/src/main/kotlin/org/kotlintor/dir/Node.kt,D3,NodelistParityElevationTest + NodeList.nodeGetPrimOrport,node get prim orport thinner,
L3:feature/nodelist/node_get_purpose,3_op,feature/nodelist,node_get_purpose,nodelist.h,core/src/main/kotlin/org/kotlintor/dir/NodeList.kt;core/src/main/kotlin/org/kotlintor/dir/Node.kt,D3,NodelistParityElevationTest + NodeList.nodeGetPurpose,node get purpose thinner,
L3:feature/nodelist/node_get_rsa_id_digest,3_op,feature/nodelist,node_get_rsa_id_digest,nodelist.h,core/src/main/kotlin/org/kotlintor/dir/NodeList.kt;core/src/main/kotlin/org/kotlintor/dir/Node.kt,D3,NodelistParityElevationTest + NodeList.nodeGetRsaIdDigest,node get rsa id digest thinner,
L3:feature/nodelist/router_get_all_orports,3_op,feature/nodelist,router_get_all_orports,routerinfo.h,core/src/main/kotlin/org/kotlintor/dir/RouterInfo.kt;core/src/main/kotlin/org/kotlintor/relay/Router.kt,D2,header routerinfo.h; module mirror; matched 2 path(s),op-level mapping unaudited for router_get_all_orports,
L3:feature/nodelist/router_get_orport,3_op,feature/nodelist,router_get_orport,routerinfo.h,core/src/main/kotlin/org/kotlintor/dir/RouterInfo.kt;core/src/main/kotlin/org/kotlintor/relay/Router.kt,D2,header routerinfo.h; module mirror; matched 2 path(s),op-level mapping unaudited for router_get_orport,
L3:feature/nodelist/router_has_orport,3_op,feature/nodelist,router_has_orport,routerinfo.h,core/src/main/kotlin/org/kotlintor/dir/RouterInfo.kt;core/src/main/kotlin/org/kotlintor/relay/Router.kt,D2,header routerinfo.h; module mirror; matched 2 path(s),op-level mapping unaudited for router_has_orport,
L3:feature/nodelist/router_purpose_from_string,3_op,feature/nodelist,router_purpose_from_string,routerinfo.h,core/src/main/kotlin/org/kotlintor/dir/RouterInfo.kt;core/src/main/kotlin/org/kotlintor/relay/Router.kt,D2,header routerinfo.h; module mirror; matched 2 path(s),op-level mapping unaudited for router_purpose_from_string,
L3:feature/nodelist/router_purpose_to_string,3_op,feature/nodelist,router_purpose_to_string,routerinfo.h,core/src/main/kotlin/org/kotlintor/dir/RouterInfo.kt;core/src/main/kotlin/org/kotlintor/relay/Router.kt,D2,header routerinfo.h; module mirror; matched 2 path(s),op-level mapping unaudited for router_purpose_to_string,
L3:feature/nodelist/routerinfo_get_ed25519_id,3_op,feature/nodelist,routerinfo_get_ed25519_id,routerinfo.h,core/src/main/kotlin/org/kotlintor/dir/RouterInfo.kt;core/src/main/kotlin/org/kotlintor/relay/Router.kt,D2,header routerinfo.h; module mirror; matched 2 path(s),op-level mapping unaudited for routerinfo_get_ed25519_id,
L3:feature/nodelist/dump_routerlist_mem_usage,3_op,feature/nodelist,dump_routerlist_mem_usage,routerlist.h,core/src/main/kotlin/org/kotlintor/dir/RouterList.kt;core/src/main/kotlin/org/kotlintor/relay/Router.kt,D3,NodelistParityElevationTest + RouterList.dumpRouterlistMemUsage,dump routerlist mem thinner,
L3:feature/nodelist/esc_router_info,3_op,feature/nodelist,esc_router_info,routerlist.h,core/src/main/kotlin/org/kotlintor/dir/RouterList.kt;core/src/main/kotlin/org/kotlintor/relay/Router.kt,D3,NodelistParityElevationTest + RouterList.escRouterInfo,esc router info thinner,
L3:feature/nodelist/extrainfo_free_,3_op,feature/nodelist,extrainfo_free_,routerlist.h,core/src/main/kotlin/org/kotlintor/dir/RouterList.kt;core/src/main/kotlin/org/kotlintor/relay/Router.kt,D3,NodelistParityElevationTest + RouterList.extrainfoFree_,extrainfo free thinner,
L3:feature/nodelist/hex_digest_nickname_decode,3_op,feature/nodelist,hex_digest_nickname_decode,routerlist.h,core/src/main/kotlin/org/kotlintor/dir/RouterList.kt;core/src/main/kotlin/org/kotlintor/relay/Router.kt,D3,NodelistParityElevationTest + RouterList.hexDigestNicknameDecode,hex digest nickname decode thinner,
L3:feature/nodelist/hex_digest_nickname_matches,3_op,feature/nodelist,hex_digest_nickname_matches,routerlist.h,core/src/main/kotlin/org/kotlintor/dir/RouterList.kt;core/src/main/kotlin/org/kotlintor/relay/Router.kt,D3,NodelistParityElevationTest + RouterList.hexDigestNicknameMatches,hex digest nickname matches thinner,
L3:feature/nodelist/hexdigest_to_digest,3_op,feature/nodelist,hexdigest_to_digest,routerlist.h,core/src/main/kotlin/org/kotlintor/dir/RouterList.kt;core/src/main/kotlin/org/kotlintor/relay/Router.kt,D3,NodelistParityElevationTest + RouterList.hexdigestToDigest,hexdigest to digest thinner,
L3:feature/nodelist/launch_descriptor_downloads,3_op,feature/nodelist,launch_descriptor_downloads,routerlist.h,core/src/main/kotlin/org/kotlintor/dir/RouterList.kt;core/src/main/kotlin/org/kotlintor/relay/Router.kt,D3,NodelistParityElevationTest + RouterList.launchDescriptorDownloads,launch descriptor downloads thinner,
L3:feature/nodelist/list_pending_downloads,3_op,feature/nodelist,list_pending_downloads,routerlist.h,core/src/main/kotlin/org/kotlintor/dir/RouterList.kt;core/src/main/kotlin/org/kotlintor/relay/Router.kt,D3,NodelistParityElevationTest + RouterList.listPendingDownloads,list pending downloads thinner,
L3:feature/nodelist/list_pending_microdesc_downloads,3_op,feature/nodelist,list_pending_microdesc_downloads,routerlist.h,core/src/main/kotlin/org/kotlintor/dir/RouterList.kt;core/src/main/kotlin/org/kotlintor/relay/Router.kt,D3,NodelistParityElevationTest + RouterList.listPendingMicrodescDownloads,list pending microdesc downloads thinner,
L3:feature/nodelist/refresh_all_country_info,3_op,feature/nodelist,refresh_all_country_info,routerlist.h,core/src/main/kotlin/org/kotlintor/dir/RouterList.kt;core/src/main/kotlin/org/kotlintor/relay/Router.kt,D2,header routerlist.h; module mirror; matched 2 path(s),op-level mapping unaudited for refresh_all_country_info,
L3:feature/nodelist/router_add_extrainfo_to_routerlist,3_op,feature/nodelist,router_add_extrainfo_to_routerlist,routerlist.h,core/src/main/kotlin/org/kotlintor/dir/RouterList.kt;core/src/main/kotlin/org/kotlintor/relay/Router.kt,D2,header routerlist.h; module mirror; matched 2 path(s),op-level mapping unaudited for router_add_extrainfo_to_routerlist,
L3:feature/nodelist/router_add_running_nodes_to_smartlist,3_op,feature/nodelist,router_add_running_nodes_to_smartlist,routerlist.h,core/src/main/kotlin/org/kotlintor/dir/RouterList.kt;core/src/main/kotlin/org/kotlintor/relay/Router.kt,D2,header routerlist.h; module mirror; matched 2 path(s),op-level mapping unaudited for router_add_running_nodes_to_smartlist,
L3:feature/nodelist/router_add_to_routerlist,3_op,feature/nodelist,router_add_to_routerlist,routerlist.h,core/src/main/kotlin/org/kotlintor/dir/RouterList.kt;core/src/main/kotlin/org/kotlintor/relay/Router.kt,D2,header routerlist.h; module mirror; matched 2 path(s),op-level mapping unaudited for router_add_to_routerlist,
L3:feature/nodelist/router_can_choose_node,3_op,feature/nodelist,router_can_choose_node,routerlist.h,core/src/main/kotlin/org/kotlintor/dir/RouterList.kt;core/src/main/kotlin/org/kotlintor/relay/Router.kt,D2,header routerlist.h; module mirror; matched 2 path(s),op-level mapping unaudited for router_can_choose_node,
L3:feature/nodelist/router_differences_are_cosmetic,3_op,feature/nodelist,router_differences_are_cosmetic,routerlist.h,core/src/main/kotlin/org/kotlintor/dir/RouterList.kt;core/src/main/kotlin/org/kotlintor/relay/Router.kt,D2,header routerlist.h; module mirror; matched 2 path(s),op-level mapping unaudited for router_differences_are_cosmetic,
L3:feature/nodelist/router_dir_conn_should_skip_reachable_address_check,3_op,feature/nodelist,router_dir_conn_should_skip_reachable_address_check,routerlist.h,core/src/main/kotlin/org/kotlintor/dir/RouterList.kt;core/src/main/kotlin/org/kotlintor/relay/Router.kt,D2,header routerlist.h; module mirror; matched 2 path(s),op-level mapping unaudited for router_dir_conn_should_skip_reachable_address_check,
L3:feature/nodelist/router_exit_policy_rejects_all,3_op,feature/nodelist,router_exit_policy_rejects_all,routerlist.h,core/src/main/kotlin/org/kotlintor/dir/RouterList.kt;core/src/main/kotlin/org/kotlintor/relay/Router.kt,D3,L3OpElevationTest + Policies.routerExitPolicyRejectsAll,router rejects all thinner,
L3:feature/nodelist/router_get_advertised_bandwidth,3_op,feature/nodelist,router_get_advertised_bandwidth,routerlist.h,core/src/main/kotlin/org/kotlintor/dir/RouterList.kt;core/src/main/kotlin/org/kotlintor/relay/Router.kt,D2,header routerlist.h; module mirror; matched 2 path(s),op-level mapping unaudited for router_get_advertised_bandwidth,
L3:feature/nodelist/router_get_advertised_bandwidth_capped,3_op,feature/nodelist,router_get_advertised_bandwidth_capped,routerlist.h,core/src/main/kotlin/org/kotlintor/dir/RouterList.kt;core/src/main/kotlin/org/kotlintor/relay/Router.kt,D2,header routerlist.h; module mirror; matched 2 path(s),op-level mapping unaudited for router_get_advertised_bandwidth_capped,
L3:feature/nodelist/router_get_by_descriptor_digest,3_op,feature/nodelist,router_get_by_descriptor_digest,routerlist.h,core/src/main/kotlin/org/kotlintor/dir/RouterList.kt;core/src/main/kotlin/org/kotlintor/relay/Router.kt,D2,header routerlist.h; module mirror; matched 2 path(s),op-level mapping unaudited for router_get_by_descriptor_digest,
L3:feature/nodelist/router_get_by_id_digest,3_op,feature/nodelist,router_get_by_id_digest,routerlist.h,core/src/main/kotlin/org/kotlintor/dir/RouterList.kt;core/src/main/kotlin/org/kotlintor/relay/Router.kt,D2,header routerlist.h; module mirror; matched 2 path(s),op-level mapping unaudited for router_get_by_id_digest,
L3:feature/nodelist/router_get_mutable_by_digest,3_op,feature/nodelist,router_get_mutable_by_digest,routerlist.h,core/src/main/kotlin/org/kotlintor/dir/RouterList.kt;core/src/main/kotlin/org/kotlintor/relay/Router.kt,D2,header routerlist.h; module mirror; matched 2 path(s),op-level mapping unaudited for router_get_mutable_by_digest,
L3:feature/nodelist/router_get_routerlist,3_op,feature/nodelist,router_get_routerlist,routerlist.h,core/src/main/kotlin/org/kotlintor/dir/RouterList.kt;core/src/main/kotlin/org/kotlintor/relay/Router.kt,D2,header routerlist.h; module mirror; matched 2 path(s),op-level mapping unaudited for router_get_routerlist,
L3:feature/nodelist/router_load_extrainfo_from_string,3_op,feature/nodelist,router_load_extrainfo_from_string,routerlist.h,core/src/main/kotlin/org/kotlintor/dir/RouterList.kt;core/src/main/kotlin/org/kotlintor/relay/Router.kt,D2,header routerlist.h; module mirror; matched 2 path(s),op-level mapping unaudited for router_load_extrainfo_from_string,
L3:feature/nodelist/router_load_routers_from_string,3_op,feature/nodelist,router_load_routers_from_string,routerlist.h,core/src/main/kotlin/org/kotlintor/dir/RouterList.kt;core/src/main/kotlin/org/kotlintor/relay/Router.kt,D2,header routerlist.h; module mirror; matched 2 path(s),op-level mapping unaudited for router_load_routers_from_string,
L3:feature/nodelist/routerset_add_unknown_ccs,3_op,feature/nodelist,routerset_add_unknown_ccs,routerset.h,core/src/main/kotlin/org/kotlintor/dir/RouterSet.kt;core/src/main/kotlin/org/kotlintor/relay/Router.kt,D2,header routerset.h; module mirror; matched 2 path(s),op-level mapping unaudited for routerset_add_unknown_ccs,
L3:feature/nodelist/routerset_contains,3_op,feature/nodelist,routerset_contains,routerset.h,core/src/main/kotlin/org/kotlintor/dir/RouterSet.kt;core/src/main/kotlin/org/kotlintor/relay/Router.kt,D2,header routerset.h; module mirror; matched 2 path(s),op-level mapping unaudited for routerset_contains,
L3:feature/nodelist/routerset_contains_bridge,3_op,feature/nodelist,routerset_contains_bridge,routerset.h,core/src/main/kotlin/org/kotlintor/dir/RouterSet.kt;core/src/main/kotlin/org/kotlintor/relay/Router.kt,D2,header routerset.h; module mirror; matched 2 path(s),op-level mapping unaudited for routerset_contains_bridge,
L3:feature/nodelist/routerset_contains_extendinfo,3_op,feature/nodelist,routerset_contains_extendinfo,routerset.h,core/src/main/kotlin/org/kotlintor/dir/RouterSet.kt;core/src/main/kotlin/org/kotlintor/relay/Router.kt,D2,header routerset.h; module mirror; matched 2 path(s),op-level mapping unaudited for routerset_contains_extendinfo,
L3:feature/nodelist/routerset_contains_node,3_op,feature/nodelist,routerset_contains_node,routerset.h,core/src/main/kotlin/org/kotlintor/dir/RouterSet.kt;core/src/main/kotlin/org/kotlintor/relay/Router.kt,D2,header routerset.h; module mirror; matched 2 path(s),op-level mapping unaudited for routerset_contains_node,
L3:feature/nodelist/routerset_contains_router,3_op,feature/nodelist,routerset_contains_router,routerset.h,core/src/main/kotlin/org/kotlintor/dir/RouterSet.kt;core/src/main/kotlin/org/kotlintor/relay/Router.kt,D2,header routerset.h; module mirror; matched 2 path(s),op-level mapping unaudited for routerset_contains_router,
L3:feature/nodelist/routerset_contains_routerstatus,3_op,feature/nodelist,routerset_contains_routerstatus,routerset.h,core/src/main/kotlin/org/kotlintor/dir/RouterSet.kt;core/src/main/kotlin/org/kotlintor/relay/Router.kt,D2,header routerset.h; module mirror; matched 2 path(s),op-level mapping unaudited for routerset_contains_routerstatus,
L3:feature/nodelist/routerset_equal,3_op,feature/nodelist,routerset_equal,routerset.h,core/src/main/kotlin/org/kotlintor/dir/RouterSet.kt;core/src/main/kotlin/org/kotlintor/relay/Router.kt,D2,header routerset.h; module mirror; matched 2 path(s),op-level mapping unaudited for routerset_equal,
L3:feature/nodelist/routerset_free_,3_op,feature/nodelist,routerset_free_,routerset.h,core/src/main/kotlin/org/kotlintor/dir/RouterSet.kt;core/src/main/kotlin/org/kotlintor/relay/Router.kt,D2,header routerset.h; module mirror; matched 2 path(s),op-level mapping unaudited for routerset_free_,
L3:feature/nodelist/routerset_get_all_nodes,3_op,feature/nodelist,routerset_get_all_nodes,routerset.h,core/src/main/kotlin/org/kotlintor/dir/RouterSet.kt;core/src/main/kotlin/org/kotlintor/relay/Router.kt,D2,header routerset.h; module mirror; matched 2 path(s),op-level mapping unaudited for routerset_get_all_nodes,
L3:feature/nodelist/routerset_get_countryname,3_op,feature/nodelist,routerset_get_countryname,routerset.h,core/src/main/kotlin/org/kotlintor/dir/RouterSet.kt;core/src/main/kotlin/org/kotlintor/relay/Router.kt,D2,header routerset.h; module mirror; matched 2 path(s),op-level mapping unaudited for routerset_get_countryname,
L3:feature/nodelist/routerset_is_empty,3_op,feature/nodelist,routerset_is_empty,routerset.h,core/src/main/kotlin/org/kotlintor/dir/RouterSet.kt;core/src/main/kotlin/org/kotlintor/relay/Router.kt,D2,header routerset.h; module mirror; matched 2 path(s),op-level mapping unaudited for routerset_is_empty,
L3:feature/nodelist/routerset_is_list,3_op,feature/nodelist,routerset_is_list,routerset.h,core/src/main/kotlin/org/kotlintor/dir/RouterSet.kt;core/src/main/kotlin/org/kotlintor/relay/Router.kt,D2,header routerset.h; module mirror; matched 2 path(s),op-level mapping unaudited for routerset_is_list,
L3:feature/nodelist/routerset_len,3_op,feature/nodelist,routerset_len,routerset.h,core/src/main/kotlin/org/kotlintor/dir/RouterSet.kt;core/src/main/kotlin/org/kotlintor/relay/Router.kt,D2,header routerset.h; module mirror; matched 2 path(s),op-level mapping unaudited for routerset_len,
L3:feature/nodelist/routerset_needs_geoip,3_op,feature/nodelist,routerset_needs_geoip,routerset.h,core/src/main/kotlin/org/kotlintor/dir/RouterSet.kt;core/src/main/kotlin/org/kotlintor/relay/Router.kt,D2,header routerset.h; module mirror; matched 2 path(s),op-level mapping unaudited for routerset_needs_geoip,
L3:feature/nodelist/routerset_new,3_op,feature/nodelist,routerset_new,routerset.h,core/src/main/kotlin/org/kotlintor/dir/RouterSet.kt;core/src/main/kotlin/org/kotlintor/relay/Router.kt,D2,header routerset.h; module mirror; matched 2 path(s),op-level mapping unaudited for routerset_new,
L3:feature/nodelist/routerset_parse,3_op,feature/nodelist,routerset_parse,routerset.h,core/src/main/kotlin/org/kotlintor/dir/RouterSet.kt;core/src/main/kotlin/org/kotlintor/relay/Router.kt,D2,header routerset.h; module mirror; matched 2 path(s),op-level mapping unaudited for routerset_parse,
L3:feature/nodelist/routerset_refresh_countries,3_op,feature/nodelist,routerset_refresh_countries,routerset.h,core/src/main/kotlin/org/kotlintor/dir/RouterSet.kt;core/src/main/kotlin/org/kotlintor/relay/Router.kt,D2,header routerset.h; module mirror; matched 2 path(s),op-level mapping unaudited for routerset_refresh_countries,
L3:feature/nodelist/routerset_subtract_nodes,3_op,feature/nodelist,routerset_subtract_nodes,routerset.h,core/src/main/kotlin/org/kotlintor/dir/RouterSet.kt;core/src/main/kotlin/org/kotlintor/relay/Router.kt,D2,header routerset.h; module mirror; matched 2 path(s),op-level mapping unaudited for routerset_subtract_nodes,
L3:feature/nodelist/routerset_to_string,3_op,feature/nodelist,routerset_to_string,routerset.h,core/src/main/kotlin/org/kotlintor/dir/RouterSet.kt;core/src/main/kotlin/org/kotlintor/relay/Router.kt,D2,header routerset.h; module mirror; matched 2 path(s),op-level mapping unaudited for routerset_to_string,
L3:feature/nodelist/routerset_union,3_op,feature/nodelist,routerset_union,routerset.h,core/src/main/kotlin/org/kotlintor/dir/RouterSet.kt;core/src/main/kotlin/org/kotlintor/relay/Router.kt,D2,header routerset.h; module mirror; matched 2 path(s),op-level mapping unaudited for routerset_union,
L3:feature/nodelist/or_handshake_certs_check_both,3_op,feature/nodelist,or_handshake_certs_check_both,torcert.h,core/src/main/kotlin/org/kotlintor/dir/TorCert.kt;core/src/main/kotlin/org/kotlintor/hs/Ed25519Cert.kt,D2,header torcert.h; module mirror; matched 2 path(s),op-level mapping unaudited for or_handshake_certs_check_both,
L3:feature/nodelist/or_handshake_certs_ed25519_ok,3_op,feature/nodelist,or_handshake_certs_ed25519_ok,torcert.h,core/src/main/kotlin/org/kotlintor/dir/TorCert.kt;core/src/main/kotlin/org/kotlintor/hs/Ed25519Cert.kt,D2,header torcert.h; module mirror; matched 2 path(s),op-level mapping unaudited for or_handshake_certs_ed25519_ok,
L3:feature/nodelist/or_handshake_certs_free_,3_op,feature/nodelist,or_handshake_certs_free_,torcert.h,core/src/main/kotlin/org/kotlintor/dir/TorCert.kt;core/src/main/kotlin/org/kotlintor/hs/Ed25519Cert.kt,D2,header torcert.h; module mirror; matched 2 path(s),op-level mapping unaudited for or_handshake_certs_free_,
L3:feature/nodelist/or_handshake_certs_new,3_op,feature/nodelist,or_handshake_certs_new,torcert.h,core/src/main/kotlin/org/kotlintor/dir/TorCert.kt;core/src/main/kotlin/org/kotlintor/hs/Ed25519Cert.kt,D2,header torcert.h; module mirror; matched 2 path(s),op-level mapping unaudited for or_handshake_certs_new,
L3:feature/nodelist/or_handshake_certs_rsa_ok,3_op,feature/nodelist,or_handshake_certs_rsa_ok,torcert.h,core/src/main/kotlin/org/kotlintor/dir/TorCert.kt;core/src/main/kotlin/org/kotlintor/hs/Ed25519Cert.kt,D2,header torcert.h; module mirror; matched 2 path(s),op-level mapping unaudited for or_handshake_certs_rsa_ok,
L3:feature/nodelist/tor_cert_checksig,3_op,feature/nodelist,tor_cert_checksig,torcert.h,core/src/main/kotlin/org/kotlintor/dir/TorCert.kt;core/src/main/kotlin/org/kotlintor/hs/Ed25519Cert.kt,D2,header torcert.h; module mirror; matched 2 path(s),op-level mapping unaudited for tor_cert_checksig,
L3:feature/nodelist/tor_cert_create_ed25519,3_op,feature/nodelist,tor_cert_create_ed25519,torcert.h,core/src/main/kotlin/org/kotlintor/dir/TorCert.kt;core/src/main/kotlin/org/kotlintor/hs/Ed25519Cert.kt,D2,header torcert.h; module mirror; matched 2 path(s),op-level mapping unaudited for tor_cert_create_ed25519,
L3:feature/nodelist/tor_cert_create_raw,3_op,feature/nodelist,tor_cert_create_raw,torcert.h,core/src/main/kotlin/org/kotlintor/dir/TorCert.kt;core/src/main/kotlin/org/kotlintor/hs/Ed25519Cert.kt,D2,header torcert.h; module mirror; matched 2 path(s),op-level mapping unaudited for tor_cert_create_raw,
L3:feature/nodelist/tor_cert_describe_signature_status,3_op,feature/nodelist,tor_cert_describe_signature_status,torcert.h,core/src/main/kotlin/org/kotlintor/dir/TorCert.kt;core/src/main/kotlin/org/kotlintor/hs/Ed25519Cert.kt,D2,header torcert.h; module mirror; matched 2 path(s),op-level mapping unaudited for tor_cert_describe_signature_status,
L3:feature/nodelist/tor_cert_encode_ed22519,3_op,feature/nodelist,tor_cert_encode_ed22519,torcert.h,core/src/main/kotlin/org/kotlintor/dir/TorCert.kt;core/src/main/kotlin/org/kotlintor/hs/Ed25519Cert.kt,D2,header torcert.h; module mirror; matched 2 path(s),op-level mapping unaudited for tor_cert_encode_ed22519,
L3:feature/nodelist/tor_cert_eq,3_op,feature/nodelist,tor_cert_eq,torcert.h,core/src/main/kotlin/org/kotlintor/dir/TorCert.kt;core/src/main/kotlin/org/kotlintor/hs/Ed25519Cert.kt,D2,header torcert.h; module mirror; matched 2 path(s),op-level mapping unaudited for tor_cert_eq,
L3:feature/nodelist/tor_cert_free_,3_op,feature/nodelist,tor_cert_free_,torcert.h,core/src/main/kotlin/org/kotlintor/dir/TorCert.kt;core/src/main/kotlin/org/kotlintor/hs/Ed25519Cert.kt,D2,header torcert.h; module mirror; matched 2 path(s),op-level mapping unaudited for tor_cert_free_,
L3:feature/nodelist/tor_cert_get_checkable_sig,3_op,feature/nodelist,tor_cert_get_checkable_sig,torcert.h,core/src/main/kotlin/org/kotlintor/dir/TorCert.kt;core/src/main/kotlin/org/kotlintor/hs/Ed25519Cert.kt,D2,header torcert.h; module mirror; matched 2 path(s),op-level mapping unaudited for tor_cert_get_checkable_sig,
L3:feature/nodelist/tor_cert_opt_eq,3_op,feature/nodelist,tor_cert_opt_eq,torcert.h,core/src/main/kotlin/org/kotlintor/dir/TorCert.kt;core/src/main/kotlin/org/kotlintor/hs/Ed25519Cert.kt,D2,header torcert.h; module mirror; matched 2 path(s),op-level mapping unaudited for tor_cert_opt_eq,
L3:feature/nodelist/tor_cert_parse,3_op,feature/nodelist,tor_cert_parse,torcert.h,core/src/main/kotlin/org/kotlintor/dir/TorCert.kt;core/src/main/kotlin/org/kotlintor/hs/Ed25519Cert.kt,D2,header torcert.h; module mirror; matched 2 path(s),op-level mapping unaudited for tor_cert_parse,
L3:feature/nodelist/tor_make_rsa_ed25519_crosscert,3_op,feature/nodelist,tor_make_rsa_ed25519_crosscert,torcert.h,core/src/main/kotlin/org/kotlintor/dir/TorCert.kt;core/src/main/kotlin/org/kotlintor/hs/Ed25519Cert.kt,D2,header torcert.h; module mirror; matched 2 path(s),op-level mapping unaudited for tor_make_rsa_ed25519_crosscert,
L4:or_options/smartlist_t,4_option,app/config,smartlist_t,smartlist_t,N/A,N/A,internal C field / not a torrc key,,
L4:or_options/magic_,4_option,app/config,magic_,magic_,N/A,N/A,internal C field / not a torrc key,,
L4:or_options/command,4_option,app/config,command,command,N/A,N/A,internal C field / not a torrc key,,
L4:or_options/LogTimeGranularity,4_option,app/config,LogTimeGranularity,LogTimeGranularity,config/TorConfig.logTimeGranularityMs,D2,typed field logTimeGranularityMs,confirm semantic wiring on hot path for D3,
L4:or_options/LogMessageDomains,4_option,app/config,LogMessageDomains,LogMessageDomains,config/TorConfig.logMessageDomains,D2,typed field logMessageDomains,confirm semantic wiring on hot path for D3,
L4:or_options/TruncateLogFile,4_option,app/config,TruncateLogFile,TruncateLogFile,config/TorConfig.truncateLogFile,D2,typed field truncateLogFile,confirm semantic wiring on hot path for D3,
L4:or_options/DataDirectoryGroupReadable,4_option,app/config,DataDirectoryGroupReadable,DataDirectoryGroupReadable,config/TorConfig.dataDirectoryGroupReadable,D2,typed field dataDirectoryGroupReadable,confirm semantic wiring on hot path for D3,
L4:or_options/KeyDirectoryGroupReadable,4_option,app/config,KeyDirectoryGroupReadable,KeyDirectoryGroupReadable,config/TorConfig.keyDirectoryGroupReadable,D2,typed field keyDirectoryGroupReadable,confirm semantic wiring on hot path for D3,
L4:or_options/CacheDirectoryGroupReadable,4_option,app/config,CacheDirectoryGroupReadable,CacheDirectoryGroupReadable,config/TorConfig.cacheDirectoryGroupReadable,D2,typed field cacheDirectoryGroupReadable,confirm semantic wiring on hot path for D3,
L4:or_options/AddressDisableIPv6,4_option,app/config,AddressDisableIPv6,AddressDisableIPv6,config/TorConfig.addressDisableIPv6,D2,typed field addressDisableIPv6,confirm semantic wiring on hot path for D3,
L4:or_options/StrictNodes,4_option,app/config,StrictNodes,StrictNodes,config/TorConfig.strictNodes,D2,typed field strictNodes,confirm semantic wiring on hot path for D3,
L4:or_options/DisableAllSwap,4_option,app/config,DisableAllSwap,DisableAllSwap,config/TorConfig.disableAllSwap,D2,typed field disableAllSwap,confirm semantic wiring on hot path for D3,
L4:or_options/ExitPolicyRejectPrivate,4_option,app/config,ExitPolicyRejectPrivate,ExitPolicyRejectPrivate,config/TorConfig.exitPolicyRejectPrivate,D2,typed field exitPolicyRejectPrivate,confirm semantic wiring on hot path for D3,
L4:or_options/ExitPolicyRejectLocalInterfaces,4_option,app/config,ExitPolicyRejectLocalInterfaces,ExitPolicyRejectLocalInterfaces,config/TorConfig.exitPolicyRejectLocalInterfaces,D2,typed field exitPolicyRejectLocalInterfaces,confirm semantic wiring on hot path for D3,
L4:or_options/ReducedExitPolicy,4_option,app/config,ReducedExitPolicy,ReducedExitPolicy,config/TorConfig.reducedExitPolicy,D2,typed field reducedExitPolicy,confirm semantic wiring on hot path for D3,
L4:or_options/ReevaluateExitPolicy,4_option,app/config,ReevaluateExitPolicy,ReevaluateExitPolicy,config/TorConfig.reevaluateExitPolicy,D2,typed field reevaluateExitPolicy,confirm semantic wiring on hot path for D3,
L4:or_options/DirAllowPrivateAddresses,4_option,app/config,DirAllowPrivateAddresses,DirAllowPrivateAddresses,config/TorConfig.dirAllowPrivateAddresses,D2,typed field dirAllowPrivateAddresses,confirm semantic wiring on hot path for D3,
L4:or_options/ExtendAllowPrivateAddresses,4_option,app/config,ExtendAllowPrivateAddresses,ExtendAllowPrivateAddresses,config/TorConfig.extendAllowPrivateAddresses,D2,typed field extendAllowPrivateAddresses,confirm semantic wiring on hot path for D3,
L4:or_options/ControlSocketsGroupWritable,4_option,app/config,ControlSocketsGroupWritable,ControlSocketsGroupWritable,config/TorConfig.controlSocketsGroupWritable,D2,typed field controlSocketsGroupWritable,confirm semantic wiring on hot path for D3,
L4:or_options/UnixSocksGroupWritable,4_option,app/config,UnixSocksGroupWritable,UnixSocksGroupWritable,config/TorConfig.unixSocksGroupWritable,D2,typed field unixSocksGroupWritable,confirm semantic wiring on hot path for D3,
L4:or_options/MaxMemInQueues_raw,4_option,app/config,MaxMemInQueues_raw,MaxMemInQueues_raw,config/TorConfig.maxMemInQueuesBytes,D2,typed field maxMemInQueuesBytes,confirm semantic wiring on hot path for D3,
L4:or_options/MaxMemInQueues,4_option,app/config,MaxMemInQueues,MaxMemInQueues,config/TorConfig.maxMemInQueuesBytes,D2,typed field maxMemInQueuesBytes,confirm semantic wiring on hot path for D3,
L4:or_options/MaxMemInQueues_low_threshold,4_option,app/config,MaxMemInQueues_low_threshold,MaxMemInQueues_low_threshold,config/TorConfig.maxMemInQueuesLowThresholdBytes,D2,typed field maxMemInQueuesLowThresholdBytes,confirm semantic wiring on hot path for D3,
L4:or_options/MaxHSDirCacheBytes,4_option,app/config,MaxHSDirCacheBytes,MaxHSDirCacheBytes,config/TorConfig.maxHsDirCacheBytes,D2,typed field maxHsDirCacheBytes,confirm semantic wiring on hot path for D3,
L4:or_options/AssumeReachable,4_option,app/config,AssumeReachable,AssumeReachable,config/TorConfig.assumeReachable,D2,typed field assumeReachable,confirm semantic wiring on hot path for D3,
L4:or_options/autobool,4_option,app/config,autobool,autobool,N/A,N/A,internal C field / not a torrc key,,
L4:or_options/AssumeReachableIPv6,4_option,app/config,AssumeReachableIPv6,AssumeReachableIPv6,config/TorConfig.assumeReachableIpv6,D2,typed field assumeReachableIpv6,confirm semantic wiring on hot path for D3,
L4:or_options/AuthoritativeDir,4_option,app/config,AuthoritativeDir,AuthoritativeDir,config/TorConfig.authoritativeDirectory,D2,typed field authoritativeDirectory,confirm semantic wiring on hot path for D3,
L4:or_options/V3AuthoritativeDir,4_option,app/config,V3AuthoritativeDir,V3AuthoritativeDir,config/TorConfig.v3AuthoritativeDirectory,D2,typed field v3AuthoritativeDirectory,confirm semantic wiring on hot path for D3,
L4:or_options/BridgeAuthoritativeDir,4_option,app/config,BridgeAuthoritativeDir,BridgeAuthoritativeDir,config/TorConfig.bridgeAuthoritativeDir,D2,typed field bridgeAuthoritativeDir,confirm semantic wiring on hot path for D3,
L4:or_options/UseBridges,4_option,app/config,UseBridges,UseBridges,config/TorConfig.useBridges,D3,typed field useBridges; known wired,,
L4:or_options/BridgeRelay,4_option,app/config,BridgeRelay,BridgeRelay,config/TorConfig.bridgeRelay,D2,typed field bridgeRelay,confirm semantic wiring on hot path for D3,
L4:or_options/UpdateBridgesFromAuthority,4_option,app/config,UpdateBridgesFromAuthority,UpdateBridgesFromAuthority,config/TorConfig.updateBridgesFromAuthority,D2,typed field updateBridgesFromAuthority,confirm semantic wiring on hot path for D3,
L4:or_options/AvoidDiskWrites,4_option,app/config,AvoidDiskWrites,AvoidDiskWrites,config/TorConfig.avoidDiskWrites,D2,typed field avoidDiskWrites,confirm semantic wiring on hot path for D3,
L4:or_options/ClientOnly,4_option,app/config,ClientOnly,ClientOnly,config/TorConfig.clientOnly,D2,typed field clientOnly,confirm semantic wiring on hot path for D3,
L4:or_options/ReducedConnectionPadding,4_option,app/config,ReducedConnectionPadding,ReducedConnectionPadding,config/TorConfig.reducedConnectionPadding,D2,typed field reducedConnectionPadding,confirm semantic wiring on hot path for D3,
L4:or_options/ConnectionPadding,4_option,app/config,ConnectionPadding,ConnectionPadding,config/TorConfig.connectionPadding,D2,typed field connectionPadding,confirm semantic wiring on hot path for D3,
L4:or_options/CircuitPadding,4_option,app/config,CircuitPadding,CircuitPadding,config/TorConfig.circuitPadding,D2,typed field circuitPadding,confirm semantic wiring on hot path for D3,
L4:or_options/ReconfigDropsBridgeDescs,4_option,app/config,ReconfigDropsBridgeDescs,ReconfigDropsBridgeDescs,config/TorConfig.reconfigDropsBridgeDescs,D2,typed field reconfigDropsBridgeDescs,confirm semantic wiring on hot path for D3,
L4:or_options/ReducedCircuitPadding,4_option,app/config,ReducedCircuitPadding,ReducedCircuitPadding,config/TorConfig.reducedCircuitPadding,D2,typed field reducedCircuitPadding,confirm semantic wiring on hot path for D3,
L4:or_options/PublishServerDescriptor_,4_option,app/config,PublishServerDescriptor_,PublishServerDescriptor_,N/A,N/A,internal C field / not a torrc key,,
L4:or_options/PublishHidServDescriptors,4_option,app/config,PublishHidServDescriptors,PublishHidServDescriptors,config/TorConfig.publishHidServDescriptors,D2,typed field publishHidServDescriptors,confirm semantic wiring on hot path for D3,
L4:or_options/FetchServerDescriptors,4_option,app/config,FetchServerDescriptors,FetchServerDescriptors,config/TorConfig.fetchServerDescriptors,D2,typed field fetchServerDescriptors,confirm semantic wiring on hot path for D3,
L4:or_options/FetchHidServDescriptors,4_option,app/config,FetchHidServDescriptors,FetchHidServDescriptors,config/TorConfig.fetchHidServDescriptors,D2,typed field fetchHidServDescriptors,confirm semantic wiring on hot path for D3,
L4:or_options/FetchUselessDescriptors,4_option,app/config,FetchUselessDescriptors,FetchUselessDescriptors,config/TorConfig.fetchUselessDescriptors,D2,typed field fetchUselessDescriptors,confirm semantic wiring on hot path for D3,
L4:or_options/AllDirActionsPrivate,4_option,app/config,AllDirActionsPrivate,AllDirActionsPrivate,config/TorConfig.allDirActionsPrivate,D2,typed field allDirActionsPrivate,confirm semantic wiring on hot path for D3,
L4:or_options/HiddenServiceSingleHopMode,4_option,app/config,HiddenServiceSingleHopMode,HiddenServiceSingleHopMode,config/TorConfig.singleHopMode,D2,typed field singleHopMode,confirm semantic wiring on hot path for D3,
L4:or_options/HiddenServiceNonAnonymousMode,4_option,app/config,HiddenServiceNonAnonymousMode,HiddenServiceNonAnonymousMode,config/TorConfig.nonAnonymousMode,D2,typed field nonAnonymousMode,confirm semantic wiring on hot path for D3,
L4:or_options/ConnLimit,4_option,app/config,ConnLimit,ConnLimit,config/TorConfig.connLimit,D2,typed field connLimit,confirm semantic wiring on hot path for D3,
L4:or_options/ConnLimit_,4_option,app/config,ConnLimit_,ConnLimit_,N/A,N/A,internal C field / not a torrc key,,
L4:or_options/ConnLimit_high_thresh,4_option,app/config,ConnLimit_high_thresh,ConnLimit_high_thresh,config/TorConfig.connLimitHighThresh,D2,typed field connLimitHighThresh,confirm semantic wiring on hot path for D3,
L4:or_options/ConnLimit_low_thresh,4_option,app/config,ConnLimit_low_thresh,ConnLimit_low_thresh,config/TorConfig.connLimitLowThresh,D2,typed field connLimitLowThresh,confirm semantic wiring on hot path for D3,
L4:or_options/RunAsDaemon,4_option,app/config,RunAsDaemon,RunAsDaemon,config/TorConfig.runAsDaemon,D2,typed field runAsDaemon,confirm semantic wiring on hot path for D3,
L4:or_options/FascistFirewall,4_option,app/config,FascistFirewall,FascistFirewall,config/TorConfig.fascistFirewall,D2,typed field fascistFirewall,confirm semantic wiring on hot path for D3,
L4:or_options/ConstrainedSockets,4_option,app/config,ConstrainedSockets,ConstrainedSockets,config/TorConfig.constrainedSockets,D2,typed field constrainedSockets,confirm semantic wiring on hot path for D3,
L4:or_options/ConstrainedSockSize,4_option,app/config,ConstrainedSockSize,ConstrainedSockSize,config/TorConfig.constrainedSockSize,D2,typed field constrainedSockSize,confirm semantic wiring on hot path for D3,
L4:or_options/RefuseUnknownExits,4_option,app/config,RefuseUnknownExits,RefuseUnknownExits,config/TorConfig.refuseUnknownExits,D2,typed field refuseUnknownExits,confirm semantic wiring on hot path for D3,
L4:or_options/unauthenticated,4_option,app/config,unauthenticated,unauthenticated,N/A,N/A,internal C field / not a torrc key,,
L4:or_options/TrackHostExitsExpire,4_option,app/config,TrackHostExitsExpire,TrackHostExitsExpire,config/TorConfig.trackHostExitsExpireSec,D2,typed field trackHostExitsExpireSec,confirm semantic wiring on hot path for D3,
L4:or_options/AutomapHostsOnResolve,4_option,app/config,AutomapHostsOnResolve,AutomapHostsOnResolve,config/TorConfig.automapHostsOnResolve,D2,typed field automapHostsOnResolve,confirm semantic wiring on hot path for D3,
L4:or_options/KeepalivePeriod,4_option,app/config,KeepalivePeriod,KeepalivePeriod,config/TorConfig.keepalivePeriodSec,D2,typed field keepalivePeriodSec,confirm semantic wiring on hot path for D3,
L4:or_options/SocksTimeout,4_option,app/config,SocksTimeout,SocksTimeout,config/TorConfig.socksTimeoutSec,D2,typed field socksTimeoutSec,confirm semantic wiring on hot path for D3,
L4:or_options/LearnCircuitBuildTimeout,4_option,app/config,LearnCircuitBuildTimeout,LearnCircuitBuildTimeout,config/TorConfig.learnCircuitBuildTimeout,D2,typed field learnCircuitBuildTimeout,confirm semantic wiring on hot path for D3,
L4:or_options/CircuitBuildTimeout,4_option,app/config,CircuitBuildTimeout,CircuitBuildTimeout,config/TorConfig.circuitBuildTimeoutSec,D2,typed field circuitBuildTimeoutSec,confirm semantic wiring on hot path for D3,
L4:or_options/CircuitsAvailableTimeout,4_option,app/config,CircuitsAvailableTimeout,CircuitsAvailableTimeout,config/TorConfig.circuitsAvailableTimeoutSec,D2,typed field circuitsAvailableTimeoutSec,confirm semantic wiring on hot path for D3,
L4:or_options/CircuitStreamTimeout,4_option,app/config,CircuitStreamTimeout,CircuitStreamTimeout,config/TorConfig.circuitStreamTimeoutSec,D2,typed field circuitStreamTimeoutSec,confirm semantic wiring on hot path for D3,
L4:or_options/MaxOnionQueueDelay,4_option,app/config,MaxOnionQueueDelay,MaxOnionQueueDelay,config/TorConfig.maxOnionQueueDelayMs,D2,typed field maxOnionQueueDelayMs,confirm semantic wiring on hot path for D3,
L4:or_options/NewCircuitPeriod,4_option,app/config,NewCircuitPeriod,NewCircuitPeriod,config/TorConfig.newCircuitPeriodSec,D2,typed field newCircuitPeriodSec,confirm semantic wiring on hot path for D3,
L4:or_options/MaxCircuitDirtiness,4_option,app/config,MaxCircuitDirtiness,MaxCircuitDirtiness,config/TorConfig.circuitUnusedTimeoutSec,D2,typed field circuitUnusedTimeoutSec,confirm semantic wiring on hot path for D3,
L4:or_options/BandwidthRate,4_option,app/config,BandwidthRate,BandwidthRate,config/TorConfig.bandwidthRateBytes,D2,typed field bandwidthRateBytes,confirm semantic wiring on hot path for D3,
L4:or_options/BandwidthBurst,4_option,app/config,BandwidthBurst,BandwidthBurst,config/TorConfig.bandwidthBurstBytes,D2,typed field bandwidthBurstBytes,confirm semantic wiring on hot path for D3,
L4:or_options/MaxAdvertisedBandwidth,4_option,app/config,MaxAdvertisedBandwidth,MaxAdvertisedBandwidth,config/TorConfig.maxAdvertisedBandwidthBytes,D2,typed field maxAdvertisedBandwidthBytes,confirm semantic wiring on hot path for D3,
L4:or_options/RelayBandwidthRate,4_option,app/config,RelayBandwidthRate,RelayBandwidthRate,config/TorConfig.relayBandwidthRateBytes,D2,typed field relayBandwidthRateBytes,confirm semantic wiring on hot path for D3,
L4:or_options/RelayBandwidthBurst,4_option,app/config,RelayBandwidthBurst,RelayBandwidthBurst,config/TorConfig.relayBandwidthBurstBytes,D2,typed field relayBandwidthBurstBytes,confirm semantic wiring on hot path for D3,
L4:or_options/PerConnBWRate,4_option,app/config,PerConnBWRate,PerConnBWRate,config/TorConfig.perConnBwRateBytes,D2,typed field perConnBwRateBytes,confirm semantic wiring on hot path for D3,
L4:or_options/PerConnBWBurst,4_option,app/config,PerConnBWBurst,PerConnBWBurst,config/TorConfig.perConnBwBurstBytes,D2,typed field perConnBwBurstBytes,confirm semantic wiring on hot path for D3,
L4:or_options/NumCPUs,4_option,app/config,NumCPUs,NumCPUs,config/TorConfig.numCpus,D2,typed field numCpus,confirm semantic wiring on hot path for D3,
L4:or_options/HeartbeatPeriod,4_option,app/config,HeartbeatPeriod,HeartbeatPeriod,config/TorConfig.heartbeatPeriodSec,D2,typed field heartbeatPeriodSec,confirm semantic wiring on hot path for D3,
L4:or_options/MainloopStats,4_option,app/config,MainloopStats,MainloopStats,config/TorConfig.mainloopStats,D2,typed field mainloopStats,confirm semantic wiring on hot path for D3,
L4:or_options/HTTPProxyAddr,4_option,app/config,HTTPProxyAddr,HTTPProxyAddr,config/TorConfig.httpProxy,D2,typed field httpProxy,confirm semantic wiring on hot path for D3,
L4:or_options/HTTPProxyPort,4_option,app/config,HTTPProxyPort,HTTPProxyPort,config/TorConfig.httpProxy,D2,typed field httpProxy,confirm semantic wiring on hot path for D3,
L4:or_options/HTTPSProxyAddr,4_option,app/config,HTTPSProxyAddr,HTTPSProxyAddr,config/TorConfig.httpsProxy,D2,typed field httpsProxy,confirm semantic wiring on hot path for D3,
L4:or_options/HTTPSProxyPort,4_option,app/config,HTTPSProxyPort,HTTPSProxyPort,config/TorConfig.httpsProxy,D2,typed field httpsProxy,confirm semantic wiring on hot path for D3,
L4:or_options/Socks4ProxyAddr,4_option,app/config,Socks4ProxyAddr,Socks4ProxyAddr,config/TorConfig.socks4Proxy,D2,typed field socks4Proxy,confirm semantic wiring on hot path for D3,
L4:or_options/Socks4ProxyPort,4_option,app/config,Socks4ProxyPort,Socks4ProxyPort,config/TorConfig.socks4Proxy,D2,typed field socks4Proxy,confirm semantic wiring on hot path for D3,
L4:or_options/Socks5ProxyAddr,4_option,app/config,Socks5ProxyAddr,Socks5ProxyAddr,config/TorConfig.socks5Proxy,D2,typed field socks5Proxy,confirm semantic wiring on hot path for D3,
L4:or_options/Socks5ProxyPort,4_option,app/config,Socks5ProxyPort,Socks5ProxyPort,config/TorConfig.socks5Proxy,D2,typed field socks5Proxy,confirm semantic wiring on hot path for D3,
L4:or_options/TCPProxyProtocol,4_option,app/config,TCPProxyProtocol,TCPProxyProtocol,config/TorConfig.tcpProxyProtocol,D2,typed field tcpProxyProtocol,confirm semantic wiring on hot path for D3,
L4:or_options/TCPProxyAddr,4_option,app/config,TCPProxyAddr,TCPProxyAddr,config/TorConfig.tcpProxy,D2,typed field tcpProxy,confirm semantic wiring on hot path for D3,
L4:or_options/TCPProxyPort,4_option,app/config,TCPProxyPort,TCPProxyPort,config/TorConfig.tcpProxy,D2,typed field tcpProxy,confirm semantic wiring on hot path for D3,
L4:or_options/UseDefaultFallbackDirs,4_option,app/config,UseDefaultFallbackDirs,UseDefaultFallbackDirs,config/TorConfig.useDefaultFallbackDirs,D2,typed field useDefaultFallbackDirs,confirm semantic wiring on hot path for D3,
L4:or_options/DirAuthorityFallbackRate,4_option,app/config,DirAuthorityFallbackRate,DirAuthorityFallbackRate,config/TorConfig.dirAuthorityFallbackRate,D2,typed field dirAuthorityFallbackRate,confirm semantic wiring on hot path for D3,
L4:or_options/AllFamilyIdsExpected,4_option,app/config,AllFamilyIdsExpected,AllFamilyIdsExpected,config/TorConfig.allFamilyIdsExpected,D2,typed field allFamilyIdsExpected,confirm semantic wiring on hot path for D3,
L4:or_options/AccountingMax,4_option,app/config,AccountingMax,AccountingMax,config/TorConfig.accountingMaxBytes,D2,typed field accountingMaxBytes,confirm semantic wiring on hot path for D3,
L4:or_options/CookieAuthentication,4_option,app/config,CookieAuthentication,CookieAuthentication,config/TorConfig.cookieAuthentication,D3,typed field cookieAuthentication; known wired,,
L4:or_options/CookieAuthFileGroupReadable,4_option,app/config,CookieAuthFileGroupReadable,CookieAuthFileGroupReadable,config/TorConfig.cookieAuthFileGroupReadable,D2,typed field cookieAuthFileGroupReadable,confirm semantic wiring on hot path for D3,
L4:or_options/ExtORPortCookieAuthFileGroupReadable,4_option,app/config,ExtORPortCookieAuthFileGroupReadable,ExtORPortCookieAuthFileGroupReadable,config/TorConfig.extOrPortCookieAuthFileGroupReadable,D2,typed field extOrPortCookieAuthFileGroupReadable,confirm semantic wiring on hot path for D3,
L4:or_options/LeaveStreamsUnattached,4_option,app/config,LeaveStreamsUnattached,LeaveStreamsUnattached,config/TorConfig.leaveStreamsUnattached,D2,typed field leaveStreamsUnattached,confirm semantic wiring on hot path for D3,
L4:or_options/DisablePredictedCircuits,4_option,app/config,DisablePredictedCircuits,DisablePredictedCircuits,config/TorConfig.disablePredictedCircuits,D2,typed field disablePredictedCircuits,confirm semantic wiring on hot path for D3,
L4:or_options/OwningControllerFD,4_option,app/config,OwningControllerFD,OwningControllerFD,config/TorConfig.owningControllerFd,D2,typed field owningControllerFd,confirm semantic wiring on hot path for D3,
L4:or_options/ShutdownWaitLength,4_option,app/config,ShutdownWaitLength,ShutdownWaitLength,config/TorConfig.shutdownWaitLengthSec,D2,typed field shutdownWaitLengthSec,confirm semantic wiring on hot path for D3,
L4:or_options/Sandbox,4_option,app/config,Sandbox,Sandbox,config/TorConfig.sandbox,D2,typed field sandbox,confirm semantic wiring on hot path for D3,
L4:or_options/SafeSocks,4_option,app/config,SafeSocks,SafeSocks,config/TorConfig.safeSocks,D2,typed field safeSocks,confirm semantic wiring on hot path for D3,
L4:or_options/ProtocolWarnings,4_option,app/config,ProtocolWarnings,ProtocolWarnings,config/TorConfig.protocolWarnings,D2,typed field protocolWarnings,confirm semantic wiring on hot path for D3,
L4:or_options/TestSocks,4_option,app/config,TestSocks,TestSocks,config/TorConfig.testSocks,D2,typed field testSocks,confirm semantic wiring on hot path for D3,
L4:or_options/TokenBucketRefillInterval,4_option,app/config,TokenBucketRefillInterval,TokenBucketRefillInterval,config/TorConfig.tokenBucketRefillIntervalMs,D2,typed field tokenBucketRefillIntervalMs,confirm semantic wiring on hot path for D3,
L4:or_options/UseEntryGuards_option,4_option,app/config,UseEntryGuards_option,UseEntryGuards_option,config/TorConfig.useEntryGuards,D2,typed field useEntryGuards,confirm semantic wiring on hot path for D3,
L4:or_options/UseEntryGuards,4_option,app/config,UseEntryGuards,UseEntryGuards,config/TorConfig.useEntryGuards,D2,typed field useEntryGuards,confirm semantic wiring on hot path for D3,
L4:or_options/NumEntryGuards,4_option,app/config,NumEntryGuards,NumEntryGuards,config/TorConfig.numEntryGuards,D2,typed field numEntryGuards,confirm semantic wiring on hot path for D3,
L4:or_options/UseGuardFraction,4_option,app/config,UseGuardFraction,UseGuardFraction,config/TorConfig.useGuardFraction,D2,typed field useGuardFraction,confirm semantic wiring on hot path for D3,
L4:or_options/NumDirectoryGuards,4_option,app/config,NumDirectoryGuards,NumDirectoryGuards,config/TorConfig.numDirectoryGuards,D2,typed field numDirectoryGuards,confirm semantic wiring on hot path for D3,
L4:or_options/NumPrimaryGuards,4_option,app/config,NumPrimaryGuards,NumPrimaryGuards,config/TorConfig.numEntryGuards,D2,typed field numEntryGuards,confirm semantic wiring on hot path for D3,
L4:or_options/VanguardsLiteEnabled,4_option,app/config,VanguardsLiteEnabled,VanguardsLiteEnabled,config/TorConfig.vanguardsLiteEnabled,D2,typed field vanguardsLiteEnabled,confirm semantic wiring on hot path for D3,
L4:or_options/AlwaysCongestionControl,4_option,app/config,AlwaysCongestionControl,AlwaysCongestionControl,config/TorConfig.alwaysCongestionControl,D2,typed field alwaysCongestionControl,confirm semantic wiring on hot path for D3,
L4:or_options/SbwsExit,4_option,app/config,SbwsExit,SbwsExit,config/TorConfig.sbwsExit,D2,typed field sbwsExit,confirm semantic wiring on hot path for D3,
L4:or_options/RephistTrackTime,4_option,app/config,RephistTrackTime,RephistTrackTime,config/TorConfig.rephistTrackTimeSec,D2,typed field rephistTrackTimeSec,confirm semantic wiring on hot path for D3,
L4:or_options/ManualOnionKeyRotation,4_option,app/config,ManualOnionKeyRotation,ManualOnionKeyRotation,config/TorConfig.manualOnionKeyRotation,D2,typed field manualOnionKeyRotation,confirm semantic wiring on hot path for D3,
L4:or_options/FetchDirInfoEarly,4_option,app/config,FetchDirInfoEarly,FetchDirInfoEarly,config/TorConfig.fetchDirInfoEarly,D2,typed field fetchDirInfoEarly,confirm semantic wiring on hot path for D3,
L4:or_options/FetchDirInfoExtraEarly,4_option,app/config,FetchDirInfoExtraEarly,FetchDirInfoExtraEarly,config/TorConfig.fetchDirInfoExtraEarly,D2,typed field fetchDirInfoExtraEarly,confirm semantic wiring on hot path for D3,
L4:or_options/DirCache,4_option,app/config,DirCache,DirCache,config/TorConfig.dirCache,D2,typed field dirCache,confirm semantic wiring on hot path for D3,
L4:or_options/ServerDNSSearchDomains,4_option,app/config,ServerDNSSearchDomains,ServerDNSSearchDomains,config/TorConfig.searchDomains,D2,typed field searchDomains,confirm semantic wiring on hot path for D3,
L4:or_options/ServerDNSDetectHijacking,4_option,app/config,ServerDNSDetectHijacking,ServerDNSDetectHijacking,config/TorConfig.detectHijacking,D2,typed field detectHijacking,confirm semantic wiring on hot path for D3,
L4:or_options/ServerDNSRandomizeCase,4_option,app/config,ServerDNSRandomizeCase,ServerDNSRandomizeCase,config/TorConfig.randomizeCase,D2,typed field randomizeCase,confirm semantic wiring on hot path for D3,
L4:or_options/DisableDebuggerAttachment,4_option,app/config,DisableDebuggerAttachment,DisableDebuggerAttachment,config/TorConfig.disableDebuggerAttachment,D2,typed field disableDebuggerAttachment,confirm semantic wiring on hot path for D3,
L4:or_options/ptrace,4_option,app/config,ptrace,ptrace,N/A,N/A,internal C field / not a torrc key,,
L4:or_options/ServerDNSAllowBrokenConfig,4_option,app/config,ServerDNSAllowBrokenConfig,ServerDNSAllowBrokenConfig,config/TorConfig.allowBrokenConfig,D2,typed field allowBrokenConfig,confirm semantic wiring on hot path for D3,
L4:or_options/CountPrivateBandwidth,4_option,app/config,CountPrivateBandwidth,CountPrivateBandwidth,config/TorConfig.countPrivateBandwidth,D2,typed field countPrivateBandwidth,confirm semantic wiring on hot path for D3,
L4:or_options/EnforceDistinctSubnets,4_option,app/config,EnforceDistinctSubnets,EnforceDistinctSubnets,config/TorConfig.enforceDistinctSubnets,D2,typed field enforceDistinctSubnets,confirm semantic wiring on hot path for D3,
L4:or_options/AllowNonRFC953Hostnames,4_option,app/config,AllowNonRFC953Hostnames,AllowNonRFC953Hostnames,config/TorConfig.allowNonRfc953Hostnames,D2,typed field allowNonRfc953Hostnames,confirm semantic wiring on hot path for D3,
L4:or_options/ServerDNSAllowNonRFC953Hostnames,4_option,app/config,ServerDNSAllowNonRFC953Hostnames,ServerDNSAllowNonRFC953Hostnames,config/TorConfig.allowNonRfc953Hostnames,D2,typed field allowNonRfc953Hostnames,confirm semantic wiring on hot path for D3,
L4:or_options/DownloadExtraInfo,4_option,app/config,DownloadExtraInfo,DownloadExtraInfo,config/TorConfig.downloadExtraInfo,D2,typed field downloadExtraInfo,confirm semantic wiring on hot path for D3,
L4:or_options/DirReqStatistics_option,4_option,app/config,DirReqStatistics_option,DirReqStatistics_option,config/TorConfig.dirReqStatistics,D2,typed field dirReqStatistics,confirm semantic wiring on hot path for D3,
L4:or_options/DirReqStatistics,4_option,app/config,DirReqStatistics,DirReqStatistics,config/TorConfig.dirReqStatistics,D2,typed field dirReqStatistics,confirm semantic wiring on hot path for D3,
L4:or_options/ExitPortStatistics,4_option,app/config,ExitPortStatistics,ExitPortStatistics,config/TorConfig.exitPortStatistics,D2,typed field exitPortStatistics,confirm semantic wiring on hot path for D3,
L4:or_options/ConnDirectionStatistics,4_option,app/config,ConnDirectionStatistics,ConnDirectionStatistics,config/TorConfig.connDirectionStatistics,D2,typed field connDirectionStatistics,confirm semantic wiring on hot path for D3,
L4:or_options/CellStatistics,4_option,app/config,CellStatistics,CellStatistics,config/TorConfig.cellStatistics,D2,typed field cellStatistics,confirm semantic wiring on hot path for D3,
L4:or_options/PaddingStatistics,4_option,app/config,PaddingStatistics,PaddingStatistics,config/TorConfig.paddingStatistics,D2,typed field paddingStatistics,confirm semantic wiring on hot path for D3,
L4:or_options/EntryStatistics,4_option,app/config,EntryStatistics,EntryStatistics,config/TorConfig.entryStatistics,D2,typed field entryStatistics,confirm semantic wiring on hot path for D3,
L4:or_options/HiddenServiceStatistics_option,4_option,app/config,HiddenServiceStatistics_option,HiddenServiceStatistics_option,config/TorConfig.hiddenServiceStatistics,D2,typed field hiddenServiceStatistics,confirm semantic wiring on hot path for D3,
L4:or_options/HiddenServiceStatistics,4_option,app/config,HiddenServiceStatistics,HiddenServiceStatistics,config/TorConfig.hiddenServiceStatistics,D2,typed field hiddenServiceStatistics,confirm semantic wiring on hot path for D3,
L4:or_options/ExtraInfoStatistics,4_option,app/config,ExtraInfoStatistics,ExtraInfoStatistics,config/TorConfig.extraInfoStatistics,D2,typed field extraInfoStatistics,confirm semantic wiring on hot path for D3,
L4:or_options/OverloadStatistics,4_option,app/config,OverloadStatistics,OverloadStatistics,config/TorConfig.overloadStatistics,D2,typed field overloadStatistics,confirm semantic wiring on hot path for D3,
L4:or_options/ClientDNSRejectInternalAddresses,4_option,app/config,ClientDNSRejectInternalAddresses,ClientDNSRejectInternalAddresses,config/TorConfig.clientDnsRejectInternalAddresses,D2,typed field clientDnsRejectInternalAddresses,confirm semantic wiring on hot path for D3,
L4:or_options/ClientRejectInternalAddresses,4_option,app/config,ClientRejectInternalAddresses,ClientRejectInternalAddresses,config/TorConfig.clientRejectInternalAddresses,D2,typed field clientRejectInternalAddresses,confirm semantic wiring on hot path for D3,
L4:or_options/ClientUseIPv4,4_option,app/config,ClientUseIPv4,ClientUseIPv4,config/TorConfig.clientUseIpv4,D2,typed field clientUseIpv4,confirm semantic wiring on hot path for D3,
L4:or_options/ClientUseIPv6,4_option,app/config,ClientUseIPv6,ClientUseIPv6,config/TorConfig.clientUseIpv6,D2,typed field clientUseIpv6,confirm semantic wiring on hot path for D3,
L4:or_options/ClientPreferIPv6ORPort,4_option,app/config,ClientPreferIPv6ORPort,ClientPreferIPv6ORPort,config/TorConfig.clientPreferIpv6OrPort,D2,typed field clientPreferIpv6OrPort,confirm semantic wiring on hot path for D3,
L4:or_options/ClientPreferIPv6DirPort,4_option,app/config,ClientPreferIPv6DirPort,ClientPreferIPv6DirPort,config/TorConfig.clientPreferIpv6DirPort,D2,typed field clientPreferIpv6DirPort,confirm semantic wiring on hot path for D3,
L4:or_options/CompiledProofOfWorkHash,4_option,app/config,CompiledProofOfWorkHash,CompiledProofOfWorkHash,config/TorConfig.compiledProofOfWorkHash,D2,typed field compiledProofOfWorkHash,confirm semantic wiring on hot path for D3,
L4:or_options/ConfluxEnabled,4_option,app/config,ConfluxEnabled,ConfluxEnabled,config/TorConfig.confluxEnabled,D2,typed field confluxEnabled,confirm semantic wiring on hot path for D3,
L4:or_options/ConfluxClientUX,4_option,app/config,ConfluxClientUX,ConfluxClientUX,config/TorConfig.confluxClientUx,D2,typed field confluxClientUx,confirm semantic wiring on hot path for D3,
L4:or_options/V3AuthVotingInterval,4_option,app/config,V3AuthVotingInterval,V3AuthVotingInterval,config/TorConfig.v3AuthVotingIntervalSec,D2,typed field v3AuthVotingIntervalSec,confirm semantic wiring on hot path for D3,
L4:or_options/V3AuthVoteDelay,4_option,app/config,V3AuthVoteDelay,V3AuthVoteDelay,config/TorConfig.v3AuthVoteDelaySec,D2,typed field v3AuthVoteDelaySec,confirm semantic wiring on hot path for D3,
L4:or_options/V3AuthDistDelay,4_option,app/config,V3AuthDistDelay,V3AuthDistDelay,config/TorConfig.v3AuthDistDelaySec,D2,typed field v3AuthDistDelaySec,confirm semantic wiring on hot path for D3,
L4:or_options/V3AuthNIntervalsValid,4_option,app/config,V3AuthNIntervalsValid,V3AuthNIntervalsValid,config/TorConfig.v3AuthNIntervalsValid,D2,typed field v3AuthNIntervalsValid,confirm semantic wiring on hot path for D3,
L4:or_options/V3AuthUseLegacyKey,4_option,app/config,V3AuthUseLegacyKey,V3AuthUseLegacyKey,config/TorConfig.v3AuthUseLegacyKey,D2,typed field v3AuthUseLegacyKey,confirm semantic wiring on hot path for D3,
L4:or_options/TestingV3AuthInitialVotingInterval,4_option,app/config,TestingV3AuthInitialVotingInterval,TestingV3AuthInitialVotingInterval,config/TorConfig.testingV3AuthInitialVotingInterval,D2,typed field testingV3AuthInitialVotingInterval,confirm semantic wiring on hot path for D3,
L4:or_options/TestingV3AuthInitialVoteDelay,4_option,app/config,TestingV3AuthInitialVoteDelay,TestingV3AuthInitialVoteDelay,config/TorConfig.testingV3AuthInitialVoteDelay,D2,typed field testingV3AuthInitialVoteDelay,confirm semantic wiring on hot path for D3,
L4:or_options/TestingV3AuthInitialDistDelay,4_option,app/config,TestingV3AuthInitialDistDelay,TestingV3AuthInitialDistDelay,config/TorConfig.testingV3AuthInitialDistDelay,D2,typed field testingV3AuthInitialDistDelay,confirm semantic wiring on hot path for D3,
L4:or_options/TestingV3AuthVotingStartOffset,4_option,app/config,TestingV3AuthVotingStartOffset,TestingV3AuthVotingStartOffset,config/TorConfig.testingV3AuthVotingStartOffset,D2,typed field testingV3AuthVotingStartOffset,confirm semantic wiring on hot path for D3,
L4:or_options/TestingServerDownloadInitialDelay,4_option,app/config,TestingServerDownloadInitialDelay,TestingServerDownloadInitialDelay,config/TorConfig.testingServerDownloadInitialDelay,D2,typed field testingServerDownloadInitialDelay,confirm semantic wiring on hot path for D3,
L4:or_options/TestingClientDownloadInitialDelay,4_option,app/config,TestingClientDownloadInitialDelay,TestingClientDownloadInitialDelay,config/TorConfig.testingClientDownloadInitialDelay,D2,typed field testingClientDownloadInitialDelay,confirm semantic wiring on hot path for D3,
L4:or_options/TestingServerConsensusDownloadInitialDelay,4_option,app/config,TestingServerConsensusDownloadInitialDelay,TestingServerConsensusDownloadInitialDelay,config/TorConfig.testingServerConsensusDownloadInitialDelay,D2,typed field testingServerConsensusDownloadInitialDelay,confirm semantic wiring on hot path for D3,
L4:or_options/TestingClientConsensusDownloadInitialDelay,4_option,app/config,TestingClientConsensusDownloadInitialDelay,TestingClientConsensusDownloadInitialDelay,config/TorConfig.testingClientConsensusDownloadInitialDelay,D2,typed field testingClientConsensusDownloadInitialDelay,confirm semantic wiring on hot path for D3,
L4:or_options/ClientBootstrapConsensusAuthorityDownloadInitialDelay,4_option,app/config,ClientBootstrapConsensusAuthorityDownloadInitialDelay,ClientBootstrapConsensusAuthorityDownloadInitialDelay,config/TorConfig.clientBootstrapConsensusAuthorityDownloadInitialDelay,D2,typed field clientBootstrapConsensusAuthorityDownloadInitialDelay,confirm semantic wiring on hot path for D3,
L4:or_options/ClientBootstrapConsensusFallbackDownloadInitialDelay,4_option,app/config,ClientBootstrapConsensusFallbackDownloadInitialDelay,ClientBootstrapConsensusFallbackDownloadInitialDelay,config/TorConfig.clientBootstrapConsensusFallbackDownloadInitialDelay,D2,typed field clientBootstrapConsensusFallbackDownloadInitialDelay,confirm semantic wiring on hot path for D3,
L4:or_options/ClientBootstrapConsensusAuthorityOnlyDownloadInitialDelay,4_option,app/config,ClientBootstrapConsensusAuthorityOnlyDownloadInitialDelay,ClientBootstrapConsensusAuthorityOnlyDownloadInitialDelay,config/TorConfig.clientBootstrapConsensusAuthorityOnlyDownloadInitialDelay,D2,typed field clientBootstrapConsensusAuthorityOnlyDownloadInitialDelay,confirm semantic wiring on hot path for D3,
L4:or_options/TestingBridgeDownloadInitialDelay,4_option,app/config,TestingBridgeDownloadInitialDelay,TestingBridgeDownloadInitialDelay,config/TorConfig.testingBridgeDownloadInitialDelay,D2,typed field testingBridgeDownloadInitialDelay,confirm semantic wiring on hot path for D3,
L4:or_options/TestingBridgeBootstrapDownloadInitialDelay,4_option,app/config,TestingBridgeBootstrapDownloadInitialDelay,TestingBridgeBootstrapDownloadInitialDelay,config/TorConfig.testingBridgeBootstrapDownloadInitialDelay,D2,typed field testingBridgeBootstrapDownloadInitialDelay,confirm semantic wiring on hot path for D3,
L4:or_options/TestingClientMaxIntervalWithoutRequest,4_option,app/config,TestingClientMaxIntervalWithoutRequest,TestingClientMaxIntervalWithoutRequest,config/TorConfig.testingClientMaxIntervalWithoutRequest,D2,typed field testingClientMaxIntervalWithoutRequest,confirm semantic wiring on hot path for D3,
L4:or_options/TestingDirConnectionMaxStall,4_option,app/config,TestingDirConnectionMaxStall,TestingDirConnectionMaxStall,config/TorConfig.testingDirConnectionMaxStall,D2,typed field testingDirConnectionMaxStall,confirm semantic wiring on hot path for D3,
L4:or_options/ClientBootstrapConsensusMaxInProgressTries,4_option,app/config,ClientBootstrapConsensusMaxInProgressTries,ClientBootstrapConsensusMaxInProgressTries,config/TorConfig.clientBootstrapConsensusMaxInProgressTries,D2,typed field clientBootstrapConsensusMaxInProgressTries,confirm semantic wiring on hot path for D3,
L4:or_options/TestingTorNetwork,4_option,app/config,TestingTorNetwork,TestingTorNetwork,config/TorConfig.testingTorNetwork,D2,typed field testingTorNetwork,confirm semantic wiring on hot path for D3,
L4:or_options/TestingEnableConnBwEvent,4_option,app/config,TestingEnableConnBwEvent,TestingEnableConnBwEvent,config/TorConfig.testingEnableConnBwEvent,D2,typed field testingEnableConnBwEvent,confirm semantic wiring on hot path for D3,
L4:or_options/TestingEnableCellStatsEvent,4_option,app/config,TestingEnableCellStatsEvent,TestingEnableCellStatsEvent,config/TorConfig.testingEnableCellStatsEvent,D2,typed field testingEnableCellStatsEvent,confirm semantic wiring on hot path for D3,
L4:or_options/BridgeRecordUsageByCountry,4_option,app/config,BridgeRecordUsageByCountry,BridgeRecordUsageByCountry,config/TorConfig.bridgeRecordUsageByCountry,D2,typed field bridgeRecordUsageByCountry,confirm semantic wiring on hot path for D3,
L4:or_options/GeoIPExcludeUnknown,4_option,app/config,GeoIPExcludeUnknown,GeoIPExcludeUnknown,config/TorConfig.geoIpExcludeUnknown,D2,typed field geoIpExcludeUnknown,confirm semantic wiring on hot path for D3,
L4:or_options/ReloadTorrcOnSIGHUP,4_option,app/config,ReloadTorrcOnSIGHUP,ReloadTorrcOnSIGHUP,config/TorConfig.reloadTorrcOnSighup,D2,typed field reloadTorrcOnSighup,confirm semantic wiring on hot path for D3,
L4:or_options/CircuitPriorityHalflife,4_option,app/config,CircuitPriorityHalflife,CircuitPriorityHalflife,config/TorConfig.circuitPriorityHalflifeMsec,D2,typed field circuitPriorityHalflifeMsec,confirm semantic wiring on hot path for D3,
L4:or_options/UsingTestNetworkDefaults_,4_option,app/config,UsingTestNetworkDefaults_,UsingTestNetworkDefaults_,N/A,N/A,internal C field / not a torrc key,,
L4:or_options/UseMicrodescriptors,4_option,app/config,UseMicrodescriptors,UseMicrodescriptors,config/TorConfig.useMicrodescriptors,D2,typed field useMicrodescriptors,confirm semantic wiring on hot path for D3,
L4:or_options/ControlPortFileGroupReadable,4_option,app/config,ControlPortFileGroupReadable,ControlPortFileGroupReadable,config/TorConfig.controlPortFileGroupReadable,D2,typed field controlPortFileGroupReadable,confirm semantic wiring on hot path for D3,
L4:or_options/MaxClientCircuitsPending,4_option,app/config,MaxClientCircuitsPending,MaxClientCircuitsPending,config/TorConfig.maxClientCircuitsPending,D2,typed field maxClientCircuitsPending,confirm semantic wiring on hot path for D3,
L4:or_options/DisableNetwork,4_option,app/config,DisableNetwork,DisableNetwork,config/TorConfig.disableNetwork,D2,typed field disableNetwork,confirm semantic wiring on hot path for D3,
L4:or_options/PathBiasCircThreshold,4_option,app/config,PathBiasCircThreshold,PathBiasCircThreshold,config/TorConfig.circThreshold,D2,typed field circThreshold,confirm semantic wiring on hot path for D3,
L4:or_options/PathBiasNoticeRate,4_option,app/config,PathBiasNoticeRate,PathBiasNoticeRate,config/TorConfig.noticeRate,D2,typed field noticeRate,confirm semantic wiring on hot path for D3,
L4:or_options/PathBiasWarnRate,4_option,app/config,PathBiasWarnRate,PathBiasWarnRate,config/TorConfig.warnRate,D2,typed field warnRate,confirm semantic wiring on hot path for D3,
L4:or_options/PathBiasExtremeRate,4_option,app/config,PathBiasExtremeRate,PathBiasExtremeRate,config/TorConfig.extremeRate,D2,typed field extremeRate,confirm semantic wiring on hot path for D3,
L4:or_options/PathBiasDropGuards,4_option,app/config,PathBiasDropGuards,PathBiasDropGuards,config/TorConfig.pathBiasDropGuards,D2,typed field pathBiasDropGuards,confirm semantic wiring on hot path for D3,
L4:or_options/PathBiasScaleThreshold,4_option,app/config,PathBiasScaleThreshold,PathBiasScaleThreshold,config/TorConfig.scaleThreshold,D2,typed field scaleThreshold,confirm semantic wiring on hot path for D3,
L4:or_options/PathBiasUseThreshold,4_option,app/config,PathBiasUseThreshold,PathBiasUseThreshold,config/TorConfig.useThreshold,D2,typed field useThreshold,confirm semantic wiring on hot path for D3,
L4:or_options/PathBiasNoticeUseRate,4_option,app/config,PathBiasNoticeUseRate,PathBiasNoticeUseRate,config/TorConfig.noticeUseRate,D2,typed field noticeUseRate,confirm semantic wiring on hot path for D3,
L4:or_options/PathBiasExtremeUseRate,4_option,app/config,PathBiasExtremeUseRate,PathBiasExtremeUseRate,config/TorConfig.extremeUseRate,D2,typed field extremeUseRate,confirm semantic wiring on hot path for D3,
L4:or_options/PathBiasScaleUseThreshold,4_option,app/config,PathBiasScaleUseThreshold,PathBiasScaleUseThreshold,config/TorConfig.scaleUseThreshold,D2,typed field scaleUseThreshold,confirm semantic wiring on hot path for D3,
L4:or_options/IPv6Exit,4_option,app/config,IPv6Exit,IPv6Exit,config/TorConfig.ipv6Exit,D2,typed field ipv6Exit,confirm semantic wiring on hot path for D3,
L4:or_options/PathsNeededToBuildCircuits,4_option,app/config,PathsNeededToBuildCircuits,PathsNeededToBuildCircuits,config/TorConfig.pathsNeededToBuildCircuits,D2,typed field pathsNeededToBuildCircuits,confirm semantic wiring on hot path for D3,
L4:or_options/SSLKeyLifetime,4_option,app/config,SSLKeyLifetime,SSLKeyLifetime,config/TorConfig.sslKeyLifetimeDays,D2,typed field sslKeyLifetimeDays,confirm semantic wiring on hot path for D3,
L4:or_options/GuardLifetime,4_option,app/config,GuardLifetime,GuardLifetime,config/TorConfig.guardLifetimeDays,D2,typed field guardLifetimeDays,confirm semantic wiring on hot path for D3,
L4:or_options/ExitRelay,4_option,app/config,ExitRelay,ExitRelay,config/TorConfig.exitRelay,D3,typed field exitRelay; known wired,,
L4:or_options/SigningKeyLifetime,4_option,app/config,SigningKeyLifetime,SigningKeyLifetime,config/TorConfig.signingKeyLifetimeDays,D2,typed field signingKeyLifetimeDays,confirm semantic wiring on hot path for D3,
L4:or_options/TestingLinkCertLifetime,4_option,app/config,TestingLinkCertLifetime,TestingLinkCertLifetime,config/TorConfig.testingLinkCertLifetime,D2,typed field testingLinkCertLifetime,confirm semantic wiring on hot path for D3,
L4:or_options/TestingAuthKeyLifetime,4_option,app/config,TestingAuthKeyLifetime,TestingAuthKeyLifetime,config/TorConfig.testingAuthKeyLifetime,D2,typed field testingAuthKeyLifetime,confirm semantic wiring on hot path for D3,
L4:or_options/TestingSigningKeySlop,4_option,app/config,TestingSigningKeySlop,TestingSigningKeySlop,config/TorConfig.testingSigningKeySlop,D2,typed field testingSigningKeySlop,confirm semantic wiring on hot path for D3,
L4:or_options/TestingLinkKeySlop,4_option,app/config,TestingLinkKeySlop,TestingLinkKeySlop,config/TorConfig.testingLinkKeySlop,D2,typed field testingLinkKeySlop,confirm semantic wiring on hot path for D3,
L4:or_options/TestingAuthKeySlop,4_option,app/config,TestingAuthKeySlop,TestingAuthKeySlop,config/TorConfig.testingAuthKeySlop,D2,typed field testingAuthKeySlop,confirm semantic wiring on hot path for D3,
L4:or_options/OfflineMasterKey,4_option,app/config,OfflineMasterKey,OfflineMasterKey,config/TorConfig.offlineMasterKey,D2,typed field offlineMasterKey,confirm semantic wiring on hot path for D3,
L4:or_options/key_expiration_format,4_option,app/config,key_expiration_format,key_expiration_format,N/A,N/A,internal C field / not a torrc key,,
L4:or_options/use_keygen_passphrase_fd,4_option,app/config,use_keygen_passphrase_fd,use_keygen_passphrase_fd,N/A,N/A,internal C field / not a torrc key,,
L4:or_options/keygen_passphrase_fd,4_option,app/config,keygen_passphrase_fd,keygen_passphrase_fd,N/A,N/A,internal C field / not a torrc key,,
L4:or_options/change_key_passphrase,4_option,app/config,change_key_passphrase,change_key_passphrase,N/A,N/A,internal C field / not a torrc key,,
L4:or_options/KeepBindCapabilities,4_option,app/config,KeepBindCapabilities,KeepBindCapabilities,config/TorConfig.keepBindCapabilities,D2,typed field keepBindCapabilities,confirm semantic wiring on hot path for D3,
L4:or_options/MaxUnparseableDescSizeToLog,4_option,app/config,MaxUnparseableDescSizeToLog,MaxUnparseableDescSizeToLog,config/TorConfig.maxUnparseableDescSizeToLog,D2,typed field maxUnparseableDescSizeToLog,confirm semantic wiring on hot path for D3,
L4:or_options/DisableOOSCheck,4_option,app/config,DisableOOSCheck,DisableOOSCheck,config/TorConfig.disableOosCheck,D2,typed field disableOosCheck,confirm semantic wiring on hot path for D3,
L4:or_options/ExtendByEd25519ID,4_option,app/config,ExtendByEd25519ID,ExtendByEd25519ID,config/TorConfig.extendByEd25519Id,D2,typed field extendByEd25519Id,confirm semantic wiring on hot path for D3,
L4:or_options/IncludeUsed,4_option,app/config,IncludeUsed,IncludeUsed,N/A,N/A,internal C field / not a torrc key,,
L4:or_options/MaxConsensusAgeForDiffs,4_option,app/config,MaxConsensusAgeForDiffs,MaxConsensusAgeForDiffs,config/TorConfig.maxConsensusAgeForDiffsSec,D2,typed field maxConsensusAgeForDiffsSec,confirm semantic wiring on hot path for D3,
L4:or_options/NoExec,4_option,app/config,NoExec,NoExec,config/TorConfig.noExec,D2,typed field noExec,confirm semantic wiring on hot path for D3,
L4:or_options/KISTSchedRunInterval,4_option,app/config,KISTSchedRunInterval,KISTSchedRunInterval,config/TorConfig.kistSchedRunIntervalMs,D2,typed field kistSchedRunIntervalMs,confirm semantic wiring on hot path for D3,
L4:or_options/KISTSockBufSizeFactor,4_option,app/config,KISTSockBufSizeFactor,KISTSockBufSizeFactor,config/TorConfig.kistSockBufSizeFactor,D2,typed field kistSockBufSizeFactor,confirm semantic wiring on hot path for D3,
L4:or_options/DisableSignalHandlers,4_option,app/config,DisableSignalHandlers,DisableSignalHandlers,config/TorConfig.disableSignalHandlers,D2,typed field disableSignalHandlers,confirm semantic wiring on hot path for D3,
L4:or_options/DormantClientTimeout,4_option,app/config,DormantClientTimeout,DormantClientTimeout,config/TorConfig.dormantClientTimeoutSec,D2,typed field dormantClientTimeoutSec,confirm semantic wiring on hot path for D3,
L4:or_options/DormantTimeoutEnabled,4_option,app/config,DormantTimeoutEnabled,DormantTimeoutEnabled,config/TorConfig.dormantTimeoutEnabled,D2,typed field dormantTimeoutEnabled,confirm semantic wiring on hot path for D3,
L4:or_options/DormantTimeoutDisabledByIdleStreams,4_option,app/config,DormantTimeoutDisabledByIdleStreams,DormantTimeoutDisabledByIdleStreams,config/TorConfig.dormantTimeoutDisabledByIdleStreams,D2,typed field dormantTimeoutDisabledByIdleStreams,confirm semantic wiring on hot path for D3,
L4:or_options/datadirectory,4_option,app/config,datadirectory,datadirectory,config/TorConfig.dataDirectory,D3,typed field dataDirectory; known wired,,
L4:or_options/DormantOnFirstStartup,4_option,app/config,DormantOnFirstStartup,DormantOnFirstStartup,config/TorConfig.dormantOnFirstStartup,D2,typed field dormantOnFirstStartup,confirm semantic wiring on hot path for D3,
L4:or_options/DormantCanceledByStartup,4_option,app/config,DormantCanceledByStartup,DormantCanceledByStartup,config/TorConfig.dormantCanceledByStartup,D2,typed field dormantCanceledByStartup,confirm semantic wiring on hot path for D3,
L4:or_options/TestingMinTimeToReportBandwidth,4_option,app/config,TestingMinTimeToReportBandwidth,TestingMinTimeToReportBandwidth,config/TorConfig.testingMinTimeToReportBandwidth,D2,typed field testingMinTimeToReportBandwidth,confirm semantic wiring on hot path for D3,
